annotation_id,conversation_id,human_evidence_complete,query_intent,query_state,selected_conversation_id_full,selected_conversation_id_semantic_ec,selected_conversation_id_semantic_intent,selected_conversation_id_semantic_only,selected_semantic_similarity_full,selected_semantic_similarity_semantic_ec,selected_semantic_similarity_semantic_intent,selected_semantic_similarity_semantic_only,selected_ec_score_full,selected_ec_score_semantic_ec,selected_ec_score_semantic_intent,selected_ec_score_semantic_only,selected_intent_score_full,selected_intent_score_semantic_ec,selected_intent_score_semantic_intent,selected_intent_score_semantic_only,selected_state_score_full,selected_state_score_semantic_ec,selected_state_score_semantic_intent,selected_state_score_semantic_only,selected_evidence_tier_full,selected_evidence_tier_semantic_ec,selected_evidence_tier_semantic_intent,selected_evidence_tier_semantic_only,original_customer_query,original_agent_response,original_conversation_text,original_turn_count,original_ec,original_tier,semantic_only_conversation_id_join,semantic_only_customer_query,semantic_only_agent_response,semantic_only_conversation_text,semantic_only_turn_count,semantic_only_actual_ec,semantic_only_actual_tier,semantic_intent_conversation_id_join,semantic_intent_customer_query,semantic_intent_agent_response,semantic_intent_conversation_text,semantic_intent_turn_count,semantic_intent_actual_ec,semantic_intent_actual_tier,semantic_ec_conversation_id_join,semantic_ec_customer_query,semantic_ec_agent_response,semantic_ec_conversation_text,semantic_ec_turn_count,semantic_ec_actual_ec,semantic_ec_actual_tier,full_conversation_id_join,full_customer_query,full_agent_response,full_conversation_text,full_turn_count,full_actual_ec,full_actual_tier,ec_gain_semantic_ec,ec_gain_full,semantic_loss_ec,intent_changes_selection,ec_changes_selection,full_changes_selection,candidate_ec_tradeoff,candidate_full_tradeoff,candidate_intent_tradeoff,candidate_complete_missed,candidate_incomplete_high,candidate_ec_full_disagreement,candidate_score
137,115916,YES,delivery,unknown,400309,1271006,2927038,2877860,0.8135416507720947,0.7903037071228027,0.8323119878768921,0.856827974319458,0.79,0.955,0.73,0.31,1.0,0.0,1.0,0.0,0.0,0.0,0.0,0.0,HIGH,HIGH,MEDIUM,LOW,"After waiting for hours on the day of delivery, finally received my product at the end of the day!",@141804 Thank you Surabhi. I'm glad that you liked the product. Enjoy your week. :) ^MK,"CUSTOMER: After waiting for hours on the day of delivery, finally received my product at the end of the day!   
Thank you @115850 
#OnePlus5T is super awesome and first OnePlus for me! 
Thank you @132995  @132994 https://t.co/cOEYzwq0w5
AGENT: @141804 Thank you Surabhi. I'm glad that you liked the product. Enjoy your week. :) ^MK",2,0.73,MEDIUM,2877860,Bought my #OnePlus5T from @115850's #OnePlus5TSale!!  Yay yay yay...can't wait to receive it! 😎🎊📱🎉😍🎁,@254616 Woah! That's awesome. I'm sure you're gonna love the phone. Thank you for shopping with us. ^AU,"CUSTOMER: Bought my #OnePlus5T from @115850's #OnePlus5TSale!!  Yay yay yay...can't wait to receive it! 😎🎊📱🎉😍🎁
AGENT: @254616 Woah! That's awesome. I'm sure you're gonna love the phone. Thank you for shopping with us. ^AU",2,0.31,LOW,2927038,Thank you @115850 for the amazing super fast delivery of #OnePlus5T,@809826 Woohoo! 😃 We wouldn't want to keep our customers waiting. 😉 Enjoy your new phone 📱. ^HR,"CUSTOMER: Thank you @115850 for the amazing super fast delivery of #OnePlus5T
Ps : i got it within 24 hours of my order 😍
AGENT: @809826 Woohoo! 😃 We wouldn't want to keep our customers waiting. 😉 Enjoy your new phone 📱. ^HR",2,0.73,MEDIUM,1271006,@115850 Ordered OnePLus5 ON TUE. Paid extra for one day delivery. Haven't received it yet.,@366269 We've responded to you here: https://t.co/a4sdXRCYMD. ^BV,"CUSTOMER: @115850 Ordered OnePLus5 ON TUE. Paid extra for one day delivery. Haven't received it yet.
AGENT: @366269 We've responded to you here: https://t.co/a4sdXRCYMD. ^BV",2,0.955,HIGH,400309,@115850  Ordered OnePlus5 from amazon and it has been delivered to some wrong address. Didn't expected such a big mistake from Amazon. 😣,"@210663 That's strange. We'd like to know what went wrong, please reach out to us here: https://t.co/vlvfJr4nN9 &amp; we'll look into it.^SQ","CUSTOMER: @115850  Ordered OnePlus5 from amazon and it has been delivered to some wrong address. Didn't expected such a big mistake from Amazon. 😣
AGENT: @210663 That's strange. We'd like to know what went wrong, please reach out to us here: https://t.co/vlvfJr4nN9 &amp; we'll look into it.^SQ
CUSTOMER: @AmazonHelp Contacted customer service many times. They say they will reach out to courier service. Still no contact from courier.
CUSTOMER: @AmazonHelp @115850 I am your prime customer but now I will think twice before ordering something from Amazon. Thats just unexpected from you people.
AGENT: @210663 Apologies for the inconvenience with your order. Please share your details here: https://t.co/GIJyeYqKE0 I'll assist you. ^SV
AGENT: @210663 Apologies for the experience. I'd request you to fill in your details here: https://t.co/GIJyeYqKE0 and we will help you. ^OS",6,0.79,HIGH,0.645,0.48000000000000004,0.06652426719665527,True,True,True,True,True,False,True,False,True,8.0
12,2764438,YES,technical,unknown,1534393,1331852,1534393,1534393,0.6322294473648071,0.5566564798355103,0.6322294473648071,0.6322294473648071,0.34,0.925,0.34,0.34,1.0,0.0,1.0,1.0,0.0,0.0,0.0,0.0,LOW,HIGH,LOW,LOW,Very mid-leading add within @115830 app ... shows a ‘100 day trial’ so would expect that can take advantage of it ... but no ... says you would have had to purchase months ago! Last end purchase date was 100+ days ago ... so not even relevant! https://t.co/WGspM3xl3d,"@773246 Hi, would you be able to share with us a direct link to this. We would like to have a look as to why the promotion is not working. ^CR","CUSTOMER: Very mid-leading add within @115830 app ... shows a ‘100 day trial’ so would expect that can take advantage of it ... but no ... says you would have had to purchase months ago! Last end purchase date was 100+ days ago ... so not even relevant! https://t.co/WGspM3xl3d
AGENT: @773246 Hi, would you be able to share with us a direct link to this. We would like to have a look as to why the promotion is not working. ^CR
CUSTOMER: @AmazonHelp Follow this links (via app) https://t.co/bdkPI0Uku9 -&gt; more about Sonos / Amazon -&gt; 100 day.
AGENT: @773246 Hi, thank you for bringing this to our attention. ^ES",4,0.445,LOW,1534393,When will the @115821 app offer in-app purchases??,@475850 In-app purchases should be allowed. Have you had a chance to download the new Appstore: https://t.co/8CzUdilE5U? ^SJ,"CUSTOMER: When will the @115821 app offer in-app purchases??
AGENT: @475850 In-app purchases should be allowed. Have you had a chance to download the new Appstore: https://t.co/8CzUdilE5U? ^SJ
CUSTOMER: @AmazonHelp When I try to buy books on the amazon app on my iPhone it doesn’t let me 😔",3,0.34,LOW,1534393,When will the @115821 app offer in-app purchases??,@475850 In-app purchases should be allowed. Have you had a chance to download the new Appstore: https://t.co/8CzUdilE5U? ^SJ,"CUSTOMER: When will the @115821 app offer in-app purchases??
AGENT: @475850 In-app purchases should be allowed. Have you had a chance to download the new Appstore: https://t.co/8CzUdilE5U? ^SJ
CUSTOMER: @AmazonHelp When I try to buy books on the amazon app on my iPhone it doesn’t let me 😔",3,0.34,LOW,1331852,Dear @115850 I purchased Amazon Prime Membership on 10th Oct'16 for 01 year. You cheated by extending it a month just to get 999/- #FAIL,@178946 Please write back to the email you received from social media team. We'll check the details and get back to you. ^SQ,"CUSTOMER: Dear @115850 I purchased Amazon Prime Membership on 10th Oct'16 for 01 year. You cheated by extending it a month just to get 999/- #FAIL
AGENT: @178946 I'm sorry about this. We'd like to take a closer look on this. Please share your details here: https://t.co/GIJyeYqKE0. ^VN
CUSTOMER: @AmazonHelp I've filled my complain form and hope you get it done in next few hours and save your own grace and goodwill.
AGENT: @178946 Thanks for submitting your details. Our team will contact you soon with an update. ^GD
CUSTOMER: @AmazonHelp क्यूँ बेवकूफ बना रहे हो भाई? ईमेल पे बोलते हो कि कैंसिल करके दोबारा ले लीजिये, कैंसिल का आप्शन उपलब्ध नहीं है| 1-महीने बढ़ा के दोगुना पैसा !
CUSTOMER: @AmazonHelp amazon... आपकी अपनी चू*या बनाने की दुकान !!
AGENT: @178946 That's quite a remark, Sudeep. We've sent a correspondence to your registered email. Please check your inbox. ^SV
CUSTOMER: @AmazonHelp YES that is...
AGENT: @178946 In this case, for any further assistance please reply to the eamil. We'll check and assist you. ^SV
CUSTOMER: @AmazonHelp NO You are not helping at all. Show some courage
CUSTOMER: @AmazonHelp You guys are faking the HELP part with me.
CUSTOMER: @AmazonHelp I paid for Amazon Prime membership in OCt'16 and should get over by now. You showed its validity till 1st Oct'17 till sep'17, but ...(1/3)
CUSTOMER: @AmazonHelp ..extended it by a month just to fetch ₹999 from me instead of ₹499. In your mail you said that I may cancel and buy again right now,..(2/3)
AGENT: @178946 Please write back to the email you received from social media team. We'll check the details and get back to you. ^SQ
CUSTOMER: @AmazonHelp which the webpage isn't allowing. So, I called your CC and got 40 minutes wasted just now for no resolve. I want it renewed for ₹499 thts it
CUSTOMER: @AmazonHelp Done !! Why don't you dare and make a debate right here though? Am I wrong if I am asking something rightfully mine?
CUSTOMER: @AmazonHelp I am glad that Escalation team agent Shalini understood my concern and resolved it for me. However, this shouldn't be happening to loyalists
AGENT: @178946 We're glad your issue was resolved. I've flagged your experience as feedback to the relevant 1/2 ^EM
AGENT: @178946 team, we'll certainly work on ensuring such instances aren't repeated in the future. 2/2 ^EM",19,0.925,HIGH,1534393,When will the @115821 app offer in-app purchases??,@475850 In-app purchases should be allowed. Have you had a chance to download the new Appstore: https://t.co/8CzUdilE5U? ^SJ,"CUSTOMER: When will the @115821 app offer in-app purchases??
AGENT: @475850 In-app purchases should be allowed. Have you had a chance to download the new Appstore: https://t.co/8CzUdilE5U? ^SJ
CUSTOMER: @AmazonHelp When I try to buy books on the amazon app on my iPhone it doesn’t let me 😔",3,0.34,LOW,0.585,0.0,0.07557296752929688,False,True,True,True,True,False,True,False,True,8.0
24,340859,NO,payment,unknown,2142928,1479679,2347737,1415541,0.6275054216384888,0.625852644443512,0.628650426864624,0.6892656683921814,0.79,1.0,0.58,0.52,1.0,0.0,1.0,0.0,0.0,0.0,0.0,0.0,HIGH,HIGH,MEDIUM,MEDIUM,Oh dear @115850 first deliver the products on time. V customers r really feed up with ur service.,@118712 Sorry about the experience with delivery. Could you please elaborate on your concern? We'd like to look into it. ^HD,"CUSTOMER: Oh dear @115850 first deliver the products on time. V customers r really feed up with ur service.
AGENT: @118712 Sorry about the experience with delivery. Could you please elaborate on your concern? We'd like to look into it. ^HD
CUSTOMER: @AmazonHelp N same thing happened for that Amazon basic usb lighting charge cable...",3,0.4,LOW,1415541,"Ugh. Ordered some charging cords from @115821 and a month later it’s quit working. Tried to leave a review and the link to the product doesn’t work. First world problems, I guess. 🤷🏻‍♀️",@448960 I'm sorry your charger is no longer working. We'd like to help! Please reach us here: https://t.co/hApLpMlfHN ^LR,"CUSTOMER: Ugh. Ordered some charging cords from @115821 and a month later it’s quit working. Tried to leave a review and the link to the product doesn’t work. First world problems, I guess. 🤷🏻‍♀️
AGENT: @448960 I'm sorry your charger is no longer working. We'd like to help! Please reach us here: https://t.co/hApLpMlfHN ^LR",2,0.52,MEDIUM,2347737,"Yoh @115830, I just got charged TWICE for a recent order... wtf. This is unacceptable. @AmazonHelp https://t.co/lYtzCIjuBl","@678732 We will send an authorization through when you place an order, but we won't actually charge until it ships. Have you had a chance to reach out to your bank? ^SC","CUSTOMER: Yoh @115830, I just got charged TWICE for a recent order... wtf. This is unacceptable. @AmazonHelp https://t.co/lYtzCIjuBl
CUSTOMER: @115830 @AmazonHelp Have the order number here if you want me to dm it.
AGENT: @678732 Thanks for reaching out, Christopher! It looks like one of the charges is actually an authorisation charge. For more information, please see here: https://t.co/hXDh5KRFIl ^FD
CUSTOMER: @AmazonHelp but why would it appear twice??? account clearly is missing double the payment like. never had this issue with amazon before.
CUSTOMER: @AmazonHelp like all that suggests is that the bank can hold the funds or a 1 pound charge... does not really address, being charged the same amount twice.
AGENT: @678732 We will send an authorization through when you place an order, but we won't actually charge until it ships. Have you had a chance to reach out to your bank? ^SC
CUSTOMER: @AmazonHelp Its dated 10th and 12th, see the screenshot. That suggests a double charge on your end no? or a double 'authorization'. It hasn't shipped yet.
CUSTOMER: @AmazonHelp Suggesting I ask my bank, why a company has used my card information to send an 'authorization' twice, seems absurd. I'll wait to see how this looks post shipping.
CUSTOMER: @AmazonHelp As I said I am willing to DM my order number so you can check if there was a double whatever.
AGENT: @678732 Please allow us to have a further look into this with you. Use this link so that we may doso: https://t.co/JzP7hlA23B ^DO",10,0.58,MEDIUM,1479679,poor @115850 @AmazonHelp you did it again. I must consider it as punishment for again shopping with #Amazon. Waiting for delivery- 30 days,@441141 We've sent a correspondence to your registered email ID here: https://t.co/NTkrxpaAj9. Kindly check. ^PS,"CUSTOMER: poor @115850 @AmazonHelp you did it again. I must consider it as punishment for again shopping with #Amazon. Waiting for delivery- 30 days
AGENT: @441141 I'm sorry about the pending delivery, I see that we have been requesting your details here: https://t.co/GIJyeYqKE0 to 1/2 ^MJ
AGENT: @441141 gain further access to your account to take necessary actions. Could you confirm submitting the form? 2/2 ^MJ
CUSTOMER: @AmazonHelp Listen, while you do not reply even after several mails from __email__, then why you are so bothered on a tweet ??
CUSTOMER: @AmazonHelp Your sorry will not help, you know what I am not bothered about my money now, but I will make sure that atleast 1 million people are of this
AGENT: @441141 I get you being upset, Ranjan. We'd like to look into this personally. Request you to drop in your details through 1/2 ^NK
AGENT: @441141 the link that was provided earlier so that we can check and assist you further. 2/2 ^NK
CUSTOMER: @AmazonHelp I can't write mails n, I can't call you up again n again, just get delivery of my prepaid order. you got my email __email__
CUSTOMER: @AmazonHelp I even will not fill up the form following the link, I paid and you are supposed to deliver on time
AGENT: @441141 I understand your concern, Ranjan. Twitter being a social media platform we wouldn't be able to access your amazon(1/3) ^GD
AGENT: @441141 provide your account details, we consider it to be personal information. Our page is visible to the public. (3/3)^GD
AGENT: @441141 account. Request you to submit your details using the link mentioned earlier and we'll fix this for you. Please don't (2/3)^GD
CUSTOMER: @AmazonHelp @115850 @AmazonHelp customer service at worst,
I paid I followed up I wrote I called up And still waiting for my order @734 @120320
AGENT: @441141 We've sent a correspondence to your registered email ID here: https://t.co/NTkrxpaAj9. Kindly check. ^PS
CUSTOMER: @AmazonHelp it got no resolution to my issue
AGENT: @441141 Please write back to the email sent by our team and we'll check and get back to you soon. ^VM",16,1.0,HIGH,2142928,It seems that @115821 charged me twice for a recent order by accident. Having trouble finding what I should do to resolve this issue. @AmazonHelp,"@630054 Hello! We wouldl like to look into this issue with you in real-time, please contact us here: https://t.co/hApLpMlfHN ^LS","CUSTOMER: It seems that @115821 charged me twice for a recent order by accident. Having trouble finding what I should do to resolve this issue. @AmazonHelp
AGENT: @630054 Hello! We wouldl like to look into this issue with you in real-time, please contact us here: https://t.co/hApLpMlfHN ^LS",2,0.79,HIGH,0.48,0.27,0.06341302394866943,True,True,True,True,True,False,False,True,True,8.0
170,418435,NO,return,unknown,2663408,424068,1488387,1488387,0.6568690538406372,0.6369692087173462,0.7232213616371155,0.7232213616371155,0.79,0.91,0.475,0.475,1.0,0.0,1.0,1.0,0.0,0.0,0.0,0.0,HIGH,HIGH,LOW,LOW,@115850 hv a return pickup scheduled in afternoon but unfortunately hv to go to a doc at that time. Plz help to reschedule. Thanks,"@214833 Sorry for the trouble, Aishwarya. Please connect with our support team here: https://t.co/00q4Sqj9zL for assistance. ^KA","CUSTOMER: @115850 hv a return pickup scheduled in afternoon but unfortunately hv to go to a doc at that time. Plz help to reschedule. Thanks
AGENT: @214833 Sorry for the trouble, Aishwarya. Please connect with our support team here: https://t.co/00q4Sqj9zL for assistance. ^KA
CUSTOMER: @AmazonHelp He came just 4 hours early for the pickup...anyways...problem solved on its own :D 
Thanks!
AGENT: @214833 You're welcome. Thanks for keeping us posted. ^GK",4,0.82,HIGH,1488387,@115850  Hey ! Return pickup being rescheduled for the past 5 days. Please check. https://t.co/jR7cerlhvH,"@465729 Please don't provide your order details, we consider it to be personal information. Our page is visible to the public. 2/2^AR","CUSTOMER: @115850  Hey ! Return pickup being rescheduled for the past 5 days. Please check. https://t.co/jR7cerlhvH
AGENT: @465729 Please don't provide your order details, we consider it to be personal information. Our page is visible to the public. 2/2^AR
AGENT: @465729 Sorry about the trouble with the pick up. Please report this to our support team from here: https://t.co/vlvfJr4nN9. 1/2^AR",3,0.475,LOW,1488387,@115850  Hey ! Return pickup being rescheduled for the past 5 days. Please check. https://t.co/jR7cerlhvH,"@465729 Please don't provide your order details, we consider it to be personal information. Our page is visible to the public. 2/2^AR","CUSTOMER: @115850  Hey ! Return pickup being rescheduled for the past 5 days. Please check. https://t.co/jR7cerlhvH
AGENT: @465729 Please don't provide your order details, we consider it to be personal information. Our page is visible to the public. 2/2^AR
AGENT: @465729 Sorry about the trouble with the pick up. Please report this to our support team from here: https://t.co/vlvfJr4nN9. 1/2^AR",3,0.475,LOW,424068,"@AmazonHelp Again a pickup was scheduled for today by dear @115850 , and the same was cancelled. Loosing count of reschedules now. :(",@215951 Apologies for the stretch. We've sent a correspondence to your email ID. Kindly check it here: https://t.co/8DAc10S7ww.(1/2)^RS,"CUSTOMER: @AmazonHelp Again a pickup was scheduled for today by dear @115850 , and the same was cancelled. Loosing count of reschedules now. :(
AGENT: @215951 Apologies for the stretch. We've sent a correspondence to your email ID. Kindly check it here: https://t.co/8DAc10S7ww.(1/2)^RS
AGENT: @215951 We request you to revert to the email from Social Media Team so that we could get this resolved right away.(2/2)^RS
CUSTOMER: @AmazonHelp After 15 reschedules of pickup and 5 days wasted. No resolution still.
AGENT: @215951 Apologies for the delay Rahul. Could you please confirm, if you've shared your details in the link shared earlier? ^HN
CUSTOMER: @AmazonHelp Yes I have shared the details on the link shared. I can share everything here as well point by point if you want
AGENT: @215951 We've sent you a correspondence to your registered email ID. Kindly check it here: https://t.co/8DAc10S7ww ^EM
CUSTOMER: Irresponsible cust support and delivery team of @115850 .
Repeated reschedules for the return of faulty electronic product.
AGENT: @215951 I'm sorry you've an issue with the return of your order. We don't have access to your Amazon account over Twitter^SU(1/2)
AGENT: @215951 Please fill this form: https://t.co/beaaDm0muc and I’ll contact you soon. ^SU(2/2)",10,0.91,HIGH,2663408,"@115850 why my return pickup is rescheduled , first you send a different product and then you are taking time in returning the same",@279432 Sorry for the delay in pickup. Kindly contact us here: https://t.co/vlvfJr4nN9 and we'll be glad to help you. ^SY,"CUSTOMER: @115850 why my return pickup is rescheduled , first you send a different product and then you are taking time in returning the same
AGENT: @279432 Sorry for the delay in pickup. Kindly contact us here: https://t.co/vlvfJr4nN9 and we'll be glad to help you. ^SY",2,0.79,HIGH,0.43500000000000005,0.31500000000000006,0.08625215291976929,False,True,True,True,True,False,False,True,True,8.0
65,493271,YES,product,replacement,790642,930455,790642,2342905,0.6760144233703613,0.6474810838699341,0.6760144233703613,0.6982614994049072,0.43,0.835,0.43,0.445,1.0,0.0,1.0,0.0,0.0,0.0,0.0,0.0,LOW,HIGH,LOW,LOW,"@115850 @AmazonHelp I hv ordered pen with blue ink (description also says that), but getting black ink inspire of e-mail and phone requests &amp; three times replacement/new order. This just shows your team seriousness towards customer requests. Sad to see your standards dropping.","@232601 We cross-checked with our resources, but couldn't find your details. Please refill the form and ensure that same is submitted. Once done, we'll be able to pull up your account to investigate. ^CB","CUSTOMER: @115850 @AmazonHelp I hv ordered pen with blue ink (description also says that), but getting black ink inspire of e-mail and phone requests &amp; three times replacement/new order. This just shows your team seriousness towards customer requests. Sad to see your standards dropping.
AGENT: @232601 I understand the product didn't meet your expectations. Kindly share your details here: https://t.co/GIJyeYqKE0 and we'll assist you accordingly. ^GD
CUSTOMER: @AmazonHelp Have done that. But what’s the point, have raised it before but no one does anything???
AGENT: @232601 Kindly share your details via the above link. We'll check this for you. ^SG
CUSTOMER: @AmazonHelp I told you I have done that. Hope it’s clear
AGENT: @232601 We cross-checked with our resources, but couldn't find your details. Please refill the form and ensure that same is submitted. Once done, we'll be able to pull up your account to investigate. ^CB
CUSTOMER: @AmazonHelp Done once again.
AGENT: @232601 Thank you for sharing the details. We'll look into it and reach out to you with further assistance. ^MO",8,0.52,MEDIUM,2342905,.@115821 .amazonhelp Seriously? I can't even review paint pens I bought last weekend?This is insane! #amazonreviewer https://t.co/rqxWLJ9Kop,@306168 Sorry to hear. Did you follow the review guidelines - https://t.co/IKpPY4pCeI ? ^TP,"CUSTOMER: .@115821 .amazonhelp Seriously? I can't even review paint pens I bought last weekend?This is insane! #amazonreviewer https://t.co/rqxWLJ9Kop
AGENT: @306168 Sorry to hear. Did you follow the review guidelines - https://t.co/IKpPY4pCeI ? ^TP",2,0.445,LOW,790642,@115850 I had order a pen &amp; received empty box. what kind of irresponsible you are? please check before sending the product.,"@308535 Apologies for this, Suman. Request you to connect with our support team here: https://t.co/vlvfJr4nN9 and it'll be sorted.^SK","CUSTOMER: @115850 I had order a pen &amp; received empty box. what kind of irresponsible you are? please check before sending the product.
AGENT: @308535 Apologies for this, Suman. Request you to connect with our support team here: https://t.co/vlvfJr4nN9 and it'll be sorted.^SK",2,0.43,LOW,930455,@115850 I received spurious/counterfeit ink from one of your sellers today. I'll give you proof. I want action taken to ban this seller from the marketplace.,@126724 That's strange. I've forwarded your feedback internally to the appropriate team as it helps us improve customer experience. 1/2 ^RS,"CUSTOMER: @115850 I received spurious/counterfeit ink from one of your sellers today. I'll give you proof. I want action taken to ban this seller from the marketplace.
AGENT: @126724 Also, please report this to our support team here: https://t.co/vlvfJr4nN9. 2/2 ^RS
AGENT: @126724 That's strange. I've forwarded your feedback internally to the appropriate team as it helps us improve customer experience. 1/2 ^RS",3,0.835,HIGH,790642,@115850 I had order a pen &amp; received empty box. what kind of irresponsible you are? please check before sending the product.,"@308535 Apologies for this, Suman. Request you to connect with our support team here: https://t.co/vlvfJr4nN9 and it'll be sorted.^SK","CUSTOMER: @115850 I had order a pen &amp; received empty box. what kind of irresponsible you are? please check before sending the product.
AGENT: @308535 Apologies for this, Suman. Request you to connect with our support team here: https://t.co/vlvfJr4nN9 and it'll be sorted.^SK",2,0.43,LOW,0.38999999999999996,-0.015000000000000013,0.050780415534973145,True,True,True,True,True,False,True,False,True,8.0
155,2332742,YES,technical,unknown,1364748,2216600,1364748,1714325,0.7100117206573486,0.6655653715133667,0.7100117206573486,0.7684469819068909,0.415,0.835,0.415,0.445,1.0,0.0,1.0,0.0,0.0,0.0,0.0,0.0,LOW,HIGH,LOW,LOW,@115850  @AmazonHelp y u r not providing the exchange facility to one among the smart cities of India n city of destiny VISAKHAPATNAM - AP,@675203 Certainly hope so. Exchange Offers are dependent on our buyback partners and hence is dynamic according to the pincodes. ^AB,"CUSTOMER: @115850  @AmazonHelp y u r not providing the exchange facility to one among the smart cities of India n city of destiny VISAKHAPATNAM - AP
AGENT: @675203 Due to certain carrier restrictions, the exchange offer is available in only select pin codes. I'll be sure to 1/2 ^AP
AGENT: @675203 forward your feedback to our concerned team internally. 2/2 ^AP
CUSTOMER: @AmazonHelp Hope it makes a positive impact and made this facility available Asap
AGENT: @675203 Certainly hope so. Exchange Offers are dependent on our buyback partners and hence is dynamic according to the pincodes. ^AB
CUSTOMER: @AmazonHelp It may b dynamic but still it's an competitive era and a huge competitor to u like @118702 is providing it easily den y can't u?
CUSTOMER: @AmazonHelp That too @115821 is a globalised one compared to flipkart so wat makes u to still reply reasons about buy back dealers and their acceptances
AGENT: @675203 As mentioned, we'll be sure to forward the feedback to the concerned team and work on it. ^AP
CUSTOMER: @AmazonHelp Thank you and have a nice day
AGENT: @675203 You're welcome, Rajasekhar. Have a nice day. ^KA",10,0.745,MEDIUM,1714325,@115850  thing to understand is that Amazon does not want to offer full service to the customer Flipkart is the best service in India,"@450218 Being a social media platform, we will not have access to you account. Please reply to the email sent for more info. ^KS 1/2","CUSTOMER: @115850  thing to understand is that Amazon does not want to offer full service to the customer Flipkart is the best service in India
CUSTOMER: @115850 I request all the Indians not to trust Amazon as it broke my trust.Thank the store, the dish
AGENT: @450218 I'm sorry you felt that way, could you please let us know what went wrong so that we can assist you accordingly. ^SU
AGENT: @450218 I understand your concern, Nitin. If you've shared your details, our team will reach out to you shortly. ^HD
CUSTOMER: @AmazonHelp I asked to send my rupee in the name of the bank, so the people sent me to the Amazon ... troubling me
CUSTOMER: @AmazonHelp So people are asking what went wrong
AGENT: @450218 I'm sorry for the trouble. We'll check and get back to you with an update shortly. ^MK
CUSTOMER: @AmazonHelp You forgot, you said that you get back an update.
CUSTOMER: @AmazonHelp I sent all the details to your link but your team says whatever email you have given,no account by that name,how it is muzzling,howdo Iorder
AGENT: @450218 I’m sorry about the issue you’re facing with your order. Let us look into it. (1/2)^HR
AGENT: @450218 Please share your details from the link here: https://t.co/beaaDm0muc to assist you accordingly. (2/2)^HR
CUSTOMER: @AmazonHelp Man has given the details right now Do not speak on your link, Hindi is giving your description, if not, then accept your mistake directly.
CUSTOMER: @AmazonHelp If you within the slightest shame rest then call me to my problem resolves to not so I समझूँगा your and Amazon FAQ and fake
CUSTOMER: @AmazonHelp 9826745404 and 8718932967
AGENT: @450218 Being a social media platform, we will not have access to you account. Please reply to the email sent for more info. ^KS 1/2
AGENT: @450218 Please don't provide your order details, we consider it personal information. Our Twitter page is visible to public. ^KS 2/2
AGENT: @450218 Being on Social media, we won't be able to call you. Request you to share your details in the link provided earlier 1/2 ^HS
AGENT: @450218 and we'll help you with your concern. 2/2 ^HS",18,0.445,LOW,1364748,@AmazonHelp are you guys tryna prove flipkart is best for India by disappointing us alot with ur services?,"@437751 I'd like to personally help you. Kindly fill in your details here: https://t.co/GIJyeYqKE0, and I'll look into it. ^NR","CUSTOMER: @AmazonHelp are you guys tryna prove flipkart is best for India by disappointing us alot with ur services?
AGENT: @437751 That's quite a remark. Were any of your issues left unaddressed? Do let us know and we'll be glad to help you. ^SQ
CUSTOMER: @AmazonHelp Obviously you guys left something undone, as per ur return policy u guys made fool of me by making a promise but no response otherthan twitr
AGENT: @437751 I'd like to personally help you. Kindly fill in your details here: https://t.co/GIJyeYqKE0, and I'll look into it. ^NR",4,0.415,LOW,2216600,@115850 Dont trust Amazon India and @3021 with any card cash back offers. They do not keep up to their promises!! Conveniently take 3 months so that customers forget about it!!! #FoolingPrimeCustomers,@492150 Apologies for the ordeal. We're working on this and we'll get back to you soon. ^PS,"CUSTOMER: @115850 Dont trust Amazon India and @3021 with any card cash back offers. They do not keep up to their promises!! Conveniently take 3 months so that customers forget about it!!! #FoolingPrimeCustomers
AGENT: @492150 Apologies for the ordeal. We're working on this and we'll get back to you soon. ^PS",2,0.835,HIGH,1364748,@AmazonHelp are you guys tryna prove flipkart is best for India by disappointing us alot with ur services?,"@437751 I'd like to personally help you. Kindly fill in your details here: https://t.co/GIJyeYqKE0, and I'll look into it. ^NR","CUSTOMER: @AmazonHelp are you guys tryna prove flipkart is best for India by disappointing us alot with ur services?
AGENT: @437751 That's quite a remark. Were any of your issues left unaddressed? Do let us know and we'll be glad to help you. ^SQ
CUSTOMER: @AmazonHelp Obviously you guys left something undone, as per ur return policy u guys made fool of me by making a promise but no response otherthan twitr
AGENT: @437751 I'd like to personally help you. Kindly fill in your details here: https://t.co/GIJyeYqKE0, and I'll look into it. ^NR",4,0.415,LOW,0.38999999999999996,-0.030000000000000027,0.10288161039352417,True,True,True,True,True,False,True,False,True,8.0
15,1699752,YES,product,unknown,1250346,64065,1250346,2192576,0.6186719536781311,0.6209678649902344,0.6186719536781311,0.7561012506484985,0.445,0.805,0.445,0.445,1.0,0.0,1.0,0.0,0.0,0.0,0.0,0.0,LOW,HIGH,LOW,LOW,@AmazonHelp Prime Photos is stuck at 100 and does not want to back up items any more. https://t.co/X4T2fKf4Uz,@515460 Please give us a call here: https://t.co/hApLpMlfHN so we can look into this and see what's going on! ^TR,"CUSTOMER: @AmazonHelp Prime Photos is stuck at 100 and does not want to back up items any more. https://t.co/X4T2fKf4Uz
AGENT: @515460 Please give us a call here: https://t.co/hApLpMlfHN so we can look into this and see what's going on! ^TR",2,0.445,LOW,2192576,".@AmazonHelp Is there a way to get past this 94 photo upload limit? I'm backing up photos, have Prime membership, and keep getting shutdown trying to upload more photos. 94 is as many as it will take. https://t.co/mPRQj6QBCT",@641744 I'm sorry to hear your call was dropped! Please give us another chance to get this sorted for you. Reach us again via phone or chat here: https://t.co/EKXRLsnxJu ^JS,"CUSTOMER: .@AmazonHelp Is there a way to get past this 94 photo upload limit? I'm backing up photos, have Prime membership, and keep getting shutdown trying to upload more photos. 94 is as many as it will take. https://t.co/mPRQj6QBCT
AGENT: @641744 Thanks for reaching out to us! Give us a call here: https://t.co/hApLpMlfHN so we can get you some real time assistance with these photos. ^AH
CUSTOMER: @AmazonHelp Your support just hung up on me after being on hold for 13 minutes.
AGENT: @641744 I'm sorry to hear your call was dropped! Please give us another chance to get this sorted for you. Reach us again via phone or chat here: https://t.co/EKXRLsnxJu ^JS",4,0.445,LOW,1250346,"@AmazonHelp this crap needs to stop! @118706 is NOT reliable way to ship our items. We pay for Prime, so this isn't acceptable! #PUTonPORCH!! https://t.co/1omfYInhPY","@180005 We can make sure this is reported, give us a call whenever you have time. We're available here: https://t.co/hApLpMlfHN ^EP","CUSTOMER: @AmazonHelp this crap needs to stop! @118706 is NOT reliable way to ship our items. We pay for Prime, so this isn't acceptable! #PUTonPORCH!! https://t.co/1omfYInhPY
AGENT: @180005 We can make sure this is reported, give us a call whenever you have time. We're available here: https://t.co/hApLpMlfHN ^EP
CUSTOMER: @AmazonHelp I'll pass this on to my husband, this was his order.",3,0.445,LOW,64065,"@AmazonHelp @115821 your customer service agents try but can’t solve real problems. I have regular issues with Amazon and no one ever does anything different. As a long time prime member, I don’t feel valued at all nor do I get “prime” service. Want someone higher up to hear me.",@130707 Hi Wes. You can get in touch with us and voice your concerns via this link: https://t.co/hApLpMlfHN. ^DC,"CUSTOMER: @AmazonHelp @115821 your customer service agents try but can’t solve real problems. I have regular issues with Amazon and no one ever does anything different. As a long time prime member, I don’t feel valued at all nor do I get “prime” service. Want someone higher up to hear me.
AGENT: @130707 Sorry to hear that. Without giving out personal info please let us know what happened? ^RS
CUSTOMER: @AmazonHelp It’s a looooong story. It just feels like Amazon could be doing simpler things to help Prime members but instead offers things that just add to the frustration. My specific issue tonight won’t fit in 280 characters. If you want to DM or call me I’d love to discuss.
AGENT: @130707 Hi Wes. You can get in touch with us and voice your concerns via this link: https://t.co/hApLpMlfHN. ^DC
CUSTOMER: @AmazonHelp Right. I’ve been through this over and over again via chat and phone customer service agents. Nothing changes and I never have my actual issue solved; which is how Amazon handles problems. That support system isn’t designed to help beyond apologizing and issuing credits.
CUSTOMER: @AmazonHelp Show me someone who can actually help and make a difference. Not someone who tells me they value my feedback and never change anything nor follow up because they can’t or don’t actually care.
AGENT: @130707 I am sorry to hear this Wes. Without giving us sensive account info, please explain the issue to us so we can assist you further.^GA
CUSTOMER: @AmazonHelp Tell you what. It’s 12:15 AM here. I’ve already spent over an hour dealing with agents. I’ll reply back tomorrow with a thread explaining the issues.",8,0.805,HIGH,1250346,"@AmazonHelp this crap needs to stop! @118706 is NOT reliable way to ship our items. We pay for Prime, so this isn't acceptable! #PUTonPORCH!! https://t.co/1omfYInhPY","@180005 We can make sure this is reported, give us a call whenever you have time. We're available here: https://t.co/hApLpMlfHN ^EP","CUSTOMER: @AmazonHelp this crap needs to stop! @118706 is NOT reliable way to ship our items. We pay for Prime, so this isn't acceptable! #PUTonPORCH!! https://t.co/1omfYInhPY
AGENT: @180005 We can make sure this is reported, give us a call whenever you have time. We're available here: https://t.co/hApLpMlfHN ^EP
CUSTOMER: @AmazonHelp I'll pass this on to my husband, this was his order.",3,0.445,LOW,0.36000000000000004,0.0,0.13513338565826416,True,True,True,True,True,False,True,False,True,8.0
66,327026,NO,payment,unknown,740440,1130249,740440,740440,0.8301893472671509,0.7762224674224854,0.8301893472671509,0.8301893472671509,0.52,0.835,0.52,0.52,1.0,0.0,1.0,1.0,0.0,0.0,0.0,0.0,MEDIUM,HIGH,MEDIUM,MEDIUM,@115823,@193934 Apologies for the confusion. Please write to us here: https://t.co/GIJyeYqKE0. We'll get this checked. ^VN,"CUSTOMER: @115823 
Amazon pay failed.
Money Deducted Twice from my account and customer care told that deducted transaction is not showing to them.
CUSTOMER: @115823 @115850 
Amazon pay failed.
Money Deducted Twice from my account and customer care told that deducted transaction is not showing to them.
AGENT: @193934 Sorry for the hassle Manish. I'll surely pass on your feedback to the concerned team internally. ^HN
CUSTOMER: @AmazonHelp That was not feedback .
It was complaint.
AGENT: @193934 Apologies for the confusion. Please write to us here: https://t.co/GIJyeYqKE0. We'll get this checked. ^VN",5,0.52,MEDIUM,740440,@115850 My payment for Amazon pay was successful and the money was debited from my bank but the money was not added to amazonpay,@297080 That's strange. Kindly connect with us here: https://t.co/vlvfJr4nN9 we'd like to help. ^SG,"CUSTOMER: @115850 My payment for Amazon pay was successful and the money was debited from my bank but the money was not added to amazonpay
AGENT: @297080 That's strange. Kindly connect with us here: https://t.co/vlvfJr4nN9 we'd like to help. ^SG",2,0.52,MEDIUM,740440,@115850 My payment for Amazon pay was successful and the money was debited from my bank but the money was not added to amazonpay,@297080 That's strange. Kindly connect with us here: https://t.co/vlvfJr4nN9 we'd like to help. ^SG,"CUSTOMER: @115850 My payment for Amazon pay was successful and the money was debited from my bank but the money was not added to amazonpay
AGENT: @297080 That's strange. Kindly connect with us here: https://t.co/vlvfJr4nN9 we'd like to help. ^SG",2,0.52,MEDIUM,1130249,@115851 @AmazonHelp  why are you holding my money in amazon pay? I need urgent resoluTion on this matter. Your policies are not clear.,@374607 Owing to security reasons we can't directly access your account. Kindly share the same via the secure link we've shared. ^CB,"CUSTOMER: @115851 @AmazonHelp  why are you holding my money in amazon pay? I need urgent resoluTion on this matter. Your policies are not clear.
AGENT: @374607 We're following up on your concern here: https://t.co/cYGy1qunYd. Kindly refer. ^VN
CUSTOMER: @AmazonHelp What do you need to access my detail at your site. You can go with my name and cell no. As I have already given to you.
CUSTOMER: @AmazonHelp Why are you not able acsess my detail??.
CUSTOMER: @AmazonHelp From moRning , I am raising my concern but you people are responding very slowly. Why?
AGENT: @374607 Owing to security reasons we can't directly access your account. Kindly share the same via the secure link we've shared. ^CB
CUSTOMER: @AmazonHelp I have done that. Can You check your system?",7,0.835,HIGH,740440,@115850 My payment for Amazon pay was successful and the money was debited from my bank but the money was not added to amazonpay,@297080 That's strange. Kindly connect with us here: https://t.co/vlvfJr4nN9 we'd like to help. ^SG,"CUSTOMER: @115850 My payment for Amazon pay was successful and the money was debited from my bank but the money was not added to amazonpay
AGENT: @297080 That's strange. Kindly connect with us here: https://t.co/vlvfJr4nN9 we'd like to help. ^SG",2,0.52,MEDIUM,0.31499999999999995,0.0,0.05396687984466553,False,True,True,True,True,False,False,True,True,8.0
47,1731188,NO,technical,unknown,1424247,1460508,1424247,1460508,0.7967216968536377,0.8091933727264404,0.7967216968536377,0.8091933727264404,0.67,0.79,0.67,0.79,1.0,0.0,1.0,0.0,0.0,0.0,0.0,0.0,MEDIUM,HIGH,MEDIUM,HIGH,can't sort prices in #amazonwishlist anymore 😦😟😳😣why @115821 @AmazonHelp @115850 why?? makes no sense! I got big lists. need to sort. 😔,"@416525 Apologies for that, Ashish. I'll make sure the concerned team is notified about this, I'd take your feedback across. ^JC","CUSTOMER: can't sort prices in #amazonwishlist anymore 😦😟😳😣why @115821 @AmazonHelp @115850 why?? makes no sense! I got big lists. need to sort. 😔
AGENT: @416525 Apologies for that, Ashish. I'll make sure the concerned team is notified about this, I'd take your feedback across. ^JC",2,0.445,LOW,1460508,@AmazonHelp All my Lists on Amazon.it no longer have the option to sort items by price. Any help? Thanks,"@458982 I’m sorry, but it’s not possible to sort the lists on Amazon.it by price. ^FA","CUSTOMER: @AmazonHelp All my Lists on Amazon.it no longer have the option to sort items by price. Any help? Thanks
AGENT: @458982 I’m sorry, but it’s not possible to sort the lists on Amazon.it by price. ^FA
CUSTOMER: @AmazonHelp I've always been able to do that till yesterday. I now see two nonsense options called ""sort by default"" and ""sort by priority"".
AGENT: @458982 At the moment, these are the only available options. I'm sorry! ^FA",4,0.79,HIGH,1424247,"@AmazonHelp Hello, I seem to have lost the ability to sort my Lists by price; something I do daily to find deals. What's happened?!",@450940 Have you attempted clearing your cache and cookies or trying another browser? Let us know if that resolves the issue. ^TH,"CUSTOMER: @AmazonHelp Hello, I seem to have lost the ability to sort my Lists by price; something I do daily to find deals. What's happened?!
AGENT: @450940 Hi, you can use the drop down menu to select filtering options. ^TS
CUSTOMER: @AmazonHelp yes, but the main filters (sort by price / alphabetical / price drops, etc) are now missing, making it impossible to actually sort the list?
AGENT: @450940 Have you attempted clearing your cache and cookies or trying another browser? Let us know if that resolves the issue. ^TH
CUSTOMER: @AmazonHelp Yup - this is all I'm able to do on both site and app. Help! https://t.co/lUmw3mzdJf
AGENT: @450940 Is this happening with a specific search term or with everything? ^AS
CUSTOMER: @AmazonHelp The List as a whole; I have 9 separate Lists (one with ~200 items on) that I now have no way of sorting.
AGENT: @450940 Hi, please get in touch with us here: https://t.co/oGDklGgbCZ &amp; we'll look into this for you. ^TS",8,0.67,MEDIUM,1460508,@AmazonHelp All my Lists on Amazon.it no longer have the option to sort items by price. Any help? Thanks,"@458982 I’m sorry, but it’s not possible to sort the lists on Amazon.it by price. ^FA","CUSTOMER: @AmazonHelp All my Lists on Amazon.it no longer have the option to sort items by price. Any help? Thanks
AGENT: @458982 I’m sorry, but it’s not possible to sort the lists on Amazon.it by price. ^FA
CUSTOMER: @AmazonHelp I've always been able to do that till yesterday. I now see two nonsense options called ""sort by default"" and ""sort by priority"".
AGENT: @458982 At the moment, these are the only available options. I'm sorry! ^FA",4,0.79,HIGH,1424247,"@AmazonHelp Hello, I seem to have lost the ability to sort my Lists by price; something I do daily to find deals. What's happened?!",@450940 Have you attempted clearing your cache and cookies or trying another browser? Let us know if that resolves the issue. ^TH,"CUSTOMER: @AmazonHelp Hello, I seem to have lost the ability to sort my Lists by price; something I do daily to find deals. What's happened?!
AGENT: @450940 Hi, you can use the drop down menu to select filtering options. ^TS
CUSTOMER: @AmazonHelp yes, but the main filters (sort by price / alphabetical / price drops, etc) are now missing, making it impossible to actually sort the list?
AGENT: @450940 Have you attempted clearing your cache and cookies or trying another browser? Let us know if that resolves the issue. ^TH
CUSTOMER: @AmazonHelp Yup - this is all I'm able to do on both site and app. Help! https://t.co/lUmw3mzdJf
AGENT: @450940 Is this happening with a specific search term or with everything? ^AS
CUSTOMER: @AmazonHelp The List as a whole; I have 9 separate Lists (one with ~200 items on) that I now have no way of sorting.
AGENT: @450940 Hi, please get in touch with us here: https://t.co/oGDklGgbCZ &amp; we'll look into this for you. ^TS",8,0.67,MEDIUM,0.0,-0.12,0.0,True,False,True,False,True,True,False,True,True,7.0
188,246407,NO,payment,unknown,2946738,379959,2190936,379959,0.7024296522140503,0.7734660506248474,0.7280004620552063,0.7734660506248474,0.52,0.79,0.445,0.79,1.0,0.0,1.0,0.0,0.0,0.0,0.0,0.0,MEDIUM,HIGH,LOW,HIGH,@AmazonHelp Where have your investigation reached. I promise I won't buy anything from Amazon,"@171151 If you've shared the required details on the link provided earlier, we'll check this and get back with an update. ^YP","CUSTOMER: @AmazonHelp Where have your investigation reached. I promise I won't buy anything from Amazon
AGENT: @171151 We've responded to your query here: https://t.co/9ZGVnaIhPk. Kindly check. ^PS
CUSTOMER: @AmazonHelp Mr Junaid whom I cobversated with wad totally Rudy and in attitude and I am taking a legal action towards your team.
CUSTOMER: @8623 @171152 has cheated me and harassed as well.And tried to buy my loyalty with ₹100 gift card.@1755 @144769
AGENT: @171151 I understand your concern. Could you confirm if you've shared your details in the link provided to you in DM? ^HD
CUSTOMER: @AmazonHelp I had conversation with the Amazon team. They were rude and not agreed to help me
AGENT: @171151 Apologies for the bad experience, we'd like to sort this out, could you confirm if you've shared the details? ^MS
CUSTOMER: @AmazonHelp Yes I have shared all the details and the team says me rudely to take legal options. Humanity has really finished
AGENT: @171151 If you've shared the required details on the link provided earlier, we'll check this and get back with an update. ^YP
CUSTOMER: @AmazonHelp Okk, waiting for it after being harassed and mentally torchered so much
AGENT: @171151 Apologies for the unpleasant experience. As you have shared your details, we'll look into this and reach out to you soon. ^AS
CUSTOMER: @AmazonHelp Hope so justice is done to me after this hectic and useless conversation. I feel harassed and cheated.
AGENT: @171151 I understand this has not been a pleasant experience, Ayush. We will get back to you soon with an update. ^KS",13,0.745,MEDIUM,379959,@AmazonHelp Also I am planning to launch legal complaint against this fraud case and mental harassment I am going through bcz of Amazon,"@206135 We've sent a correspondence to your registered email address, request you to check the same and reply to it. ^SH","CUSTOMER: @AmazonHelp Also I am planning to launch legal complaint against this fraud case and mental harassment I am going through bcz of Amazon
AGENT: @206135 We've sent a correspondence to your registered email address, request you to check the same and reply to it. ^SH
CUSTOMER: @AmazonHelp I have several times replied using same
AGENT: @206135 I understand that you have reported the issue to multiple teams, kindly revert to the social media correspondence 1/2 ^MJ
AGENT: @206135 you have received so that we can gain access to your account to check for latest updates. 2/2 ^MJ
CUSTOMER: @AmazonHelp Replied with required details on u r mail, pls update whn I can expect my refund
AGENT: @206135 Thank you for replying to the email, we shall get back to you soon. ^SH
AGENT: @206135 We cannot access your account from Twitter. Please revert to the email. 1/2^HN
CUSTOMER: @AmazonHelp I several times sent mail also nd conveyed all detail from mail still no reply
AGENT: @206135 As you've responded to our email, we'll work on it and get back to you. ^HN",10,0.79,HIGH,2190936,@AmazonHelp literally the 4th way of filing my complaint. @1016 making unauthorized transactions for 2 months now. I need a response,"@641343 Hi, please contact https://t.co/RMXGdmhl2d here: https://t.co/5EbuJVNpcq to look into this further. ^JJ","CUSTOMER: @AmazonHelp literally the 4th way of filing my complaint. @1016 making unauthorized transactions for 2 months now. I need a response
AGENT: @641343 Hi, please contact https://t.co/RMXGdmhl2d here: https://t.co/5EbuJVNpcq to look into this further. ^JJ
CUSTOMER: @AmazonHelp Already done that 4 hours ago. Guess service isn't as quick as it is advertised.
CUSTOMER: @AmazonHelp None the less, filed my second complaint again.
CUSTOMER: @AmazonHelp ????
AGENT: @641343 Please try using the phone or chat option for a quicker response. ^WJ",6,0.445,LOW,379959,@AmazonHelp Also I am planning to launch legal complaint against this fraud case and mental harassment I am going through bcz of Amazon,"@206135 We've sent a correspondence to your registered email address, request you to check the same and reply to it. ^SH","CUSTOMER: @AmazonHelp Also I am planning to launch legal complaint against this fraud case and mental harassment I am going through bcz of Amazon
AGENT: @206135 We've sent a correspondence to your registered email address, request you to check the same and reply to it. ^SH
CUSTOMER: @AmazonHelp I have several times replied using same
AGENT: @206135 I understand that you have reported the issue to multiple teams, kindly revert to the social media correspondence 1/2 ^MJ
AGENT: @206135 you have received so that we can gain access to your account to check for latest updates. 2/2 ^MJ
CUSTOMER: @AmazonHelp Replied with required details on u r mail, pls update whn I can expect my refund
AGENT: @206135 Thank you for replying to the email, we shall get back to you soon. ^SH
AGENT: @206135 We cannot access your account from Twitter. Please revert to the email. 1/2^HN
CUSTOMER: @AmazonHelp I several times sent mail also nd conveyed all detail from mail still no reply
AGENT: @206135 As you've responded to our email, we'll work on it and get back to you. ^HN",10,0.79,HIGH,2946738,"@AmazonHelp I've been fighting with your support for over two months. Someone hacked my account and placed a $4,000 order for gift cards. I told my CC company to file a chargeback and now you've locked my account! I won't pay for a $4,000 fraudulent order! Amazon doesn't care.",@266928 I can confirm a member of our team is taking a look into this for you. Please keep an eye on your e-mail for a response from us. ^KP,"CUSTOMER: @AmazonHelp I've been fighting with your support for over two months. Someone hacked my account and placed a $4,000 order for gift cards. I told my CC company to file a chargeback and now you've locked my account! I won't pay for a $4,000 fraudulent order! Amazon doesn't care.
AGENT: @266928 I can confirm a member of our team is taking a look into this for you. Please keep an eye on your e-mail for a response from us. ^KP",2,0.52,MEDIUM,0.0,-0.27,0.0,True,False,True,False,True,True,False,True,True,7.0
99,2011963,YES,refund,refund,280402,78844,2885625,2305315,0.6838604211807251,0.685305655002594,0.7245972156524658,0.761860191822052,0.91,1.0,0.52,0.43,1.0,0.0,1.0,0.0,0.5,0.0,1.0,0.0,HIGH,HIGH,MEDIUM,LOW,@AmazonHelp It’s saying we are unable to find ur order and the call is been disconnected,@594938 I’d like to understand this better. Please fill this form: https://t.co/beaaDm0muc and I’ll contact you at the earliest. ^RD,"CUSTOMER: @AmazonHelp It’s saying we are unable to find ur order and the call is been disconnected
AGENT: @594938 I’d like to understand this better. Please fill this form: https://t.co/beaaDm0muc and I’ll contact you at the earliest. ^RD
CUSTOMER: @115850 
Please help me Team I lost 199 on Amazon pay While recharging jio
It was unsuccessful only 200₹ was refunded
199₹ was not there
AGENT: @594938 We've responded to your query via DM. Please check. ^HD",4,0.7,MEDIUM,2305315,@115850 @AmazonHelp I have not received Rs. 99/- cashback on Recharging my Jio. Mobile No. ORDER # 404-7456992-3817953. Please Process it ASAP.,@184172 Sorry to hear that. The cash back will be credited with in 7 days of the time of recharge. Did we happen to miss on that? Also request you to refer to the cash back T &amp; C here: https://t.co/9OHBezC8Bz for more info. ^HS,"CUSTOMER: @115850 @AmazonHelp I have not received Rs. 99/- cashback on Recharging my Jio. Mobile No. ORDER # 404-7456992-3817953. Please Process it ASAP.
AGENT: @184172 Sorry to hear that. The cash back will be credited with in 7 days of the time of recharge. Did we happen to miss on that? Also request you to refer to the cash back T &amp; C here: https://t.co/9OHBezC8Bz for more info. ^HS",2,0.43,LOW,2885625,@115850 @AmazonHelp Why jio recharge is not working every time am getting refunded message only,"@687724 I am sorry for the inconvenience. Please contact us here https://t.co/vlvfJr4nN9, our support team would assist you further. ^MD","CUSTOMER: @115850 @AmazonHelp Why jio recharge is not working every time am getting refunded message only
AGENT: @687724 I am sorry for the inconvenience. Please contact us here https://t.co/vlvfJr4nN9, our support team would assist you further. ^MD",2,0.52,MEDIUM,78844,@115850 recharged my Jio using Amazon Pay on 10th Nov with an offer of 99Rs of cashback.Received a message that it will be credited within 7 days.14days down the line still no sight of the cashback.,"@133581 We've sent a correspondence regarding this here: https://t.co/8DAc10S7ww.  For further queries, you can reply to the email sent and we'll assist you accordingly. ^VH","CUSTOMER: @115850 recharged my Jio using Amazon Pay on 10th Nov with an offer of 99Rs of cashback.Received a message that it will be credited within 7 days.14days down the line still no sight of the cashback.
Order ID:405-1642007-6844337. Kindly check
AGENT: @133581 That's unusual. Please report this to our support team here: https://t.co/vlvfJr4nN9. We'll assist you further. Please don't provide your order details, we consider it to be personal information. Our page is visible to the public. ^JS
CUSTOMER: @AmazonHelp Thanks for the reply. On the very same day had a discussion with one of your support executive who said that I would be contacted by your team within 48hours which apparently have not come in your clock I guess.. which timezone do you follow?? It keeps changing with the day?
AGENT: @133581 I apologize for the delay in resolving this issue. Please fill in your details here: https://t.co/GIJyeYqKE0 so we can assist you. ^PJ
CUSTOMER: @AmazonHelp This form mentions that I'll be contacted within 12 hours,let's hope it happens as it says
AGENT: @133581 Thank you for sharing your details. We'll get in touch with you within the mentioned time frame. ^VH
CUSTOMER: @AmazonHelp Hi. Still waiting for those 12hours to come in the clock and I get the cashback which is rightfully mine. Almost 48hours and still no sight of the call
AGENT: @133581 We've sent a correspondence regarding this here: https://t.co/8DAc10S7ww.  For further queries, you can reply to the email sent and we'll assist you accordingly. ^VH",8,1.0,HIGH,280402,Someone please help me in getting my refund at Amazon. It's been 20 days I cancelled but still no help @115850 @AmazonHelp @115851,"@171428 If you've already shared the required details on the link provided earlier, you must have received an update from us. (1/2)","CUSTOMER: Someone please help me in getting my refund at Amazon. It's been 20 days I cancelled but still no help @115850 @AmazonHelp @115851
AGENT: @171428 We're working on this. We'll update you soon. ^SG
CUSTOMER: @AmazonHelp I guess you surely not aware about the issue. I have been asking for refund as I cancelled it. You are talking about product delivery delay
AGENT: @171428 We apologize for the miscommunication. Please contact us here: https://t.co/vlvfJr4nN9 and we'll get this sorted on priority.^RS
CUSTOMER: @AmazonHelp https://t.co/0k67ZRBtQ8
CUSTOMER: @AmazonHelp FYI Amazon has been working on my problem since 60 days and they have been telling me that they will update soon. It's 60 days and no refund
CUSTOMER: @AmazonHelp @AmazonHelp @115850 @115851 @15316 Amazon India has not refunded my money 39k since 20 days. It's been 60 days I ordered
AGENT: @171428 Sorry for the hassle Vidap. Please share your details here: https://t.co/GIJyeYqKE0 and I'll get back to you. ^HN
CUSTOMER: @AmazonHelp You ppl have come back enough to delay for 2 mon. have given details umpteen times. Wud be lodging complaint anyways. @115850 @115851
AGENT: @171428 If you've already shared the required details on the link provided earlier, you must have received an update from us. (1/2)
AGENT: @171428 Please find it here: https://t.co/ubzNHWZvL2. (2/2)^YP",11,0.91,HIGH,0.5700000000000001,0.48000000000000004,0.07655453681945801,True,True,True,True,False,False,True,False,True,6.0
171,2621028,YES,return,damaged,2473501,299642,2473501,2671579,0.5443224906921387,0.5109375715255737,0.5443224906921387,0.6132959127426147,0.82,0.91,0.82,0.36,0.5,0.0,0.5,0.0,1.0,1.0,1.0,1.0,HIGH,HIGH,HIGH,LOW,"Thank you @115830 . This was exactly what I wanted to arrive today. Not only smashed into several pieces, but evidently wrapped up after fact as there were shards of pottery in the tape! Not particularly impressed. https://t.co/2JQKiUjsM7","@740587 We want our team to investigate this further with you. Please send us your details using the following, secure, link: https://t.co/PsRv8NyhXB ^GR","CUSTOMER: Thank you @115830 . This was exactly what I wanted to arrive today. Not only smashed into several pieces, but evidently wrapped up after fact as there were shards of pottery in the tape! Not particularly impressed. https://t.co/2JQKiUjsM7
AGENT: @740587 Oh no Robyn. Sorry to see your order arrived like this. Did you place the order with us or a seller? ^ES
CUSTOMER: @AmazonHelp Order seems to be placed with Mason Cash but it appears on my order list as sold by Amazon.
CUSTOMER: @AmazonHelp Ill be returning it, without question, but just wanted to highlight the delivery because I cut my hand on the ceramic broken in the packaging - usually Amazon is very reliable but this isnt great.
AGENT: @740587 We want our team to investigate this further with you. Please send us your details using the following, secure, link: https://t.co/PsRv8NyhXB ^GR",5,0.745,MEDIUM,2671579,@115821 Received order w/NO PROTECTIVE PACKING &amp; Horrified to find 2 of 4 sets of glassware COMPLETELY DESTROYED/ BROKEN; 3rd 2 cracked!! https://t.co/bYYMBTvLBN,@752279 Oh no! I am so sorry about the damage! Please contact us by phone or chat: https://t.co/hApLpMlfHN. We want to fix this! ^SD,"CUSTOMER: @115821 Received order w/NO PROTECTIVE PACKING &amp; Horrified to find 2 of 4 sets of glassware COMPLETELY DESTROYED/ BROKEN; 3rd 2 cracked!! https://t.co/bYYMBTvLBN
AGENT: @752279 Oh no! I am so sorry about the damage! Please contact us by phone or chat: https://t.co/hApLpMlfHN. We want to fix this! ^SD
CUSTOMER: @AmazonHelp I gave Package Feedback, asked for refund/return and got no response! Will contact with given link.",3,0.36,LOW,2473501,"Got this in todays delivery from #Amazon @2005 . Broken screw, and damaged bowls. Hopeless paper packing . They took extra delivery charges for these.  Hope we get the refund soon , Order No : 171-4478629-7589168 #consumerprotection @120781 @115850 @AmazonHelp https://t.co/exvi2g9uUu",@664073 You're welcome. Glad to hear the issue is resolved. Please keep us posted for any further assistance. ^BS,"CUSTOMER: Got this in todays delivery from #Amazon @2005 . Broken screw, and damaged bowls. Hopeless paper packing . They took extra delivery charges for these.  Hope we get the refund soon , Order No : 171-4478629-7589168 #consumerprotection @120781 @115850 @AmazonHelp https://t.co/exvi2g9uUu
AGENT: @664073 Sorry to hear that, Amit. Have you reported this to our support team here: https://t.co/vlvfJr4nN9? ^NK
CUSTOMER: @2005 @120781 @115850 @AmazonHelp Thanks .. we have
AGENT: @664073 Thanks for keeping us posted. Could you confirm if the issue is now resolved? ^GD
CUSTOMER: @AmazonHelp Yes.. tx
AGENT: @664073 You're welcome. Glad to hear the issue is resolved. Please keep us posted for any further assistance. ^BS",6,0.82,HIGH,299642,"Thanks for doing such a ""careful"" job packing this for shipping, @115821. Love getting damaged packaging. :/ https://t.co/E8vMtseKL5",@156624 Sorry to see it arrived in this condition! We have return options available here: https://t.co/qMkUIi60hI We're here to help! ^JE,"CUSTOMER: Thanks for doing such a ""careful"" job packing this for shipping, @115821. Love getting damaged packaging. :/ https://t.co/E8vMtseKL5
AGENT: @156624 Sorry to see it arrived in this condition! We have return options available here: https://t.co/qMkUIi60hI We're here to help! ^JE",2,0.91,HIGH,2473501,"Got this in todays delivery from #Amazon @2005 . Broken screw, and damaged bowls. Hopeless paper packing . They took extra delivery charges for these.  Hope we get the refund soon , Order No : 171-4478629-7589168 #consumerprotection @120781 @115850 @AmazonHelp https://t.co/exvi2g9uUu",@664073 You're welcome. Glad to hear the issue is resolved. Please keep us posted for any further assistance. ^BS,"CUSTOMER: Got this in todays delivery from #Amazon @2005 . Broken screw, and damaged bowls. Hopeless paper packing . They took extra delivery charges for these.  Hope we get the refund soon , Order No : 171-4478629-7589168 #consumerprotection @120781 @115850 @AmazonHelp https://t.co/exvi2g9uUu
AGENT: @664073 Sorry to hear that, Amit. Have you reported this to our support team here: https://t.co/vlvfJr4nN9? ^NK
CUSTOMER: @2005 @120781 @115850 @AmazonHelp Thanks .. we have
AGENT: @664073 Thanks for keeping us posted. Could you confirm if the issue is now resolved? ^GD
CUSTOMER: @AmazonHelp Yes.. tx
AGENT: @664073 You're welcome. Glad to hear the issue is resolved. Please keep us posted for any further assistance. ^BS",6,0.82,HIGH,0.55,0.45999999999999996,0.10235834121704102,True,True,True,True,False,False,True,False,True,6.0
128,1349077,YES,payment,unknown,78844,78844,1312554,1312554,0.8193069696426392,0.8193069696426392,0.8768426179885864,0.8768426179885864,1.0,1.0,0.4,0.4,1.0,1.0,1.0,1.0,0.0,0.0,0.0,0.0,HIGH,HIGH,LOW,LOW,@AmazonHelp Got cashback thanks,"@434614 We've responded to your query via DM, please check. ^HA","CUSTOMER: @AmazonHelp Got cashback thanks
CUSTOMER: @AmazonHelp haven't received  amazon pay cashback.did 1st jio recharge of 399 using amazon pay today.pls help
AGENT: @434614 We've responded to your query via DM, please check. ^HA
CUSTOMER: @AmazonHelp Ok.thanks",4,0.3,LOW,1312554,"@AmazonHelp i have recharged my jio number using Amazon pay, haven't got the Cashback yet in my Amazon pay wallet. Kindly help","@426695 No worries, I'd like to sort this up for you. Please fill in your details here: https://t.co/GIJyeYqKE0 ^JC","CUSTOMER: @AmazonHelp i have recharged my jio number using Amazon pay, haven't got the Cashback yet in my Amazon pay wallet. Kindly help
AGENT: @426695 Please contact our customer service team here: https://t.co/vlvfJr4nN9 and we'll be glad to help you. ^SI
CUSTOMER: @AmazonHelp Can I get the number to contact Amazon India customer helpline
AGENT: @426695 We understand you are yet to receive your cashback. We would like to investigate this further. (1/2) ^VM
AGENT: @426695 please reach us via the link provided earlier and we'll reach out to you soon. (2/2) ^VM
CUSTOMER: @AmazonHelp Done already..
AGENT: @426695 No worries, I'd like to sort this up for you. Please fill in your details here: https://t.co/GIJyeYqKE0 ^JC",7,0.4,LOW,1312554,"@AmazonHelp i have recharged my jio number using Amazon pay, haven't got the Cashback yet in my Amazon pay wallet. Kindly help","@426695 No worries, I'd like to sort this up for you. Please fill in your details here: https://t.co/GIJyeYqKE0 ^JC","CUSTOMER: @AmazonHelp i have recharged my jio number using Amazon pay, haven't got the Cashback yet in my Amazon pay wallet. Kindly help
AGENT: @426695 Please contact our customer service team here: https://t.co/vlvfJr4nN9 and we'll be glad to help you. ^SI
CUSTOMER: @AmazonHelp Can I get the number to contact Amazon India customer helpline
AGENT: @426695 We understand you are yet to receive your cashback. We would like to investigate this further. (1/2) ^VM
AGENT: @426695 please reach us via the link provided earlier and we'll reach out to you soon. (2/2) ^VM
CUSTOMER: @AmazonHelp Done already..
AGENT: @426695 No worries, I'd like to sort this up for you. Please fill in your details here: https://t.co/GIJyeYqKE0 ^JC",7,0.4,LOW,78844,@115850 recharged my Jio using Amazon Pay on 10th Nov with an offer of 99Rs of cashback.Received a message that it will be credited within 7 days.14days down the line still no sight of the cashback.,"@133581 We've sent a correspondence regarding this here: https://t.co/8DAc10S7ww.  For further queries, you can reply to the email sent and we'll assist you accordingly. ^VH","CUSTOMER: @115850 recharged my Jio using Amazon Pay on 10th Nov with an offer of 99Rs of cashback.Received a message that it will be credited within 7 days.14days down the line still no sight of the cashback.
Order ID:405-1642007-6844337. Kindly check
AGENT: @133581 That's unusual. Please report this to our support team here: https://t.co/vlvfJr4nN9. We'll assist you further. Please don't provide your order details, we consider it to be personal information. Our page is visible to the public. ^JS
CUSTOMER: @AmazonHelp Thanks for the reply. On the very same day had a discussion with one of your support executive who said that I would be contacted by your team within 48hours which apparently have not come in your clock I guess.. which timezone do you follow?? It keeps changing with the day?
AGENT: @133581 I apologize for the delay in resolving this issue. Please fill in your details here: https://t.co/GIJyeYqKE0 so we can assist you. ^PJ
CUSTOMER: @AmazonHelp This form mentions that I'll be contacted within 12 hours,let's hope it happens as it says
AGENT: @133581 Thank you for sharing your details. We'll get in touch with you within the mentioned time frame. ^VH
CUSTOMER: @AmazonHelp Hi. Still waiting for those 12hours to come in the clock and I get the cashback which is rightfully mine. Almost 48hours and still no sight of the call
AGENT: @133581 We've sent a correspondence regarding this here: https://t.co/8DAc10S7ww.  For further queries, you can reply to the email sent and we'll assist you accordingly. ^VH",8,1.0,HIGH,78844,@115850 recharged my Jio using Amazon Pay on 10th Nov with an offer of 99Rs of cashback.Received a message that it will be credited within 7 days.14days down the line still no sight of the cashback.,"@133581 We've sent a correspondence regarding this here: https://t.co/8DAc10S7ww.  For further queries, you can reply to the email sent and we'll assist you accordingly. ^VH","CUSTOMER: @115850 recharged my Jio using Amazon Pay on 10th Nov with an offer of 99Rs of cashback.Received a message that it will be credited within 7 days.14days down the line still no sight of the cashback.
Order ID:405-1642007-6844337. Kindly check
AGENT: @133581 That's unusual. Please report this to our support team here: https://t.co/vlvfJr4nN9. We'll assist you further. Please don't provide your order details, we consider it to be personal information. Our page is visible to the public. ^JS
CUSTOMER: @AmazonHelp Thanks for the reply. On the very same day had a discussion with one of your support executive who said that I would be contacted by your team within 48hours which apparently have not come in your clock I guess.. which timezone do you follow?? It keeps changing with the day?
AGENT: @133581 I apologize for the delay in resolving this issue. Please fill in your details here: https://t.co/GIJyeYqKE0 so we can assist you. ^PJ
CUSTOMER: @AmazonHelp This form mentions that I'll be contacted within 12 hours,let's hope it happens as it says
AGENT: @133581 Thank you for sharing your details. We'll get in touch with you within the mentioned time frame. ^VH
CUSTOMER: @AmazonHelp Hi. Still waiting for those 12hours to come in the clock and I get the cashback which is rightfully mine. Almost 48hours and still no sight of the call
AGENT: @133581 We've sent a correspondence regarding this here: https://t.co/8DAc10S7ww.  For further queries, you can reply to the email sent and we'll assist you accordingly. ^VH",8,1.0,HIGH,0.6,0.6,0.057535648345947266,False,True,False,True,False,False,True,False,False,5.0
200,230072,NO,delivery,late,727353,1479679,180715,1652448,0.6755269765853882,0.6798570156097412,0.6847085356712341,0.7011539340019226,0.52,1.0,0.52,0.415,1.0,1.0,1.0,0.0,1.0,0.0,0.0,0.0,MEDIUM,HIGH,MEDIUM,LOW,@AmazonHelp Awaiting your response,@170820 We've received your revert and shall reach out to you soon with an update. ^GS,"CUSTOMER: @AmazonHelp Awaiting your response
AGENT: @170820 You can check for our response here : https://t.co/DTSNmGldJf . ^CB
CUSTOMER: So @115821 refers me 2 seller, seller says I have escalated issue to Amazon. Round n round we go. Slow clap. Well done!
AGENT: @170820 We've received your revert and shall reach out to you soon with an update. ^GS",4,0.61,MEDIUM,1652448,@AmazonHelp I called your customer service thrice and also contacted the seller. You people are the worst,"@504530 I'd like to take a closer look into this, please share your details on the link here: https://t.co/GIJyeYqKE0. ^PS","CUSTOMER: @AmazonHelp I called your customer service thrice and also contacted the seller. You people are the worst
AGENT: @504530 I'd like to take a closer look into this, please share your details on the link here: https://t.co/GIJyeYqKE0. ^PS",2,0.415,LOW,180715,an @AmazonHelp delivery guy called 2 threaten me 4 giving feedback 4 a product not delivered.Bye bye @115850 u lost a loyal customer today,@158367 Share your details from the link here: https://t.co/beaaDm0muc to assist further. ^HR,"CUSTOMER: an @AmazonHelp delivery guy called 2 threaten me 4 giving feedback 4 a product not delivered.Bye bye @115850 u lost a loyal customer today
AGENT: @158367 Kindly share your details via the above link. We'd like to help. ^SG
CUSTOMER: @AmazonHelp @115850 Via what link??
AGENT: @158367 Share your details from the link here: https://t.co/beaaDm0muc to assist further. ^HR",4,0.52,MEDIUM,1479679,poor @115850 @AmazonHelp you did it again. I must consider it as punishment for again shopping with #Amazon. Waiting for delivery- 30 days,@441141 We've sent a correspondence to your registered email ID here: https://t.co/NTkrxpaAj9. Kindly check. ^PS,"CUSTOMER: poor @115850 @AmazonHelp you did it again. I must consider it as punishment for again shopping with #Amazon. Waiting for delivery- 30 days
AGENT: @441141 I'm sorry about the pending delivery, I see that we have been requesting your details here: https://t.co/GIJyeYqKE0 to 1/2 ^MJ
AGENT: @441141 gain further access to your account to take necessary actions. Could you confirm submitting the form? 2/2 ^MJ
CUSTOMER: @AmazonHelp Listen, while you do not reply even after several mails from __email__, then why you are so bothered on a tweet ??
CUSTOMER: @AmazonHelp Your sorry will not help, you know what I am not bothered about my money now, but I will make sure that atleast 1 million people are of this
AGENT: @441141 I get you being upset, Ranjan. We'd like to look into this personally. Request you to drop in your details through 1/2 ^NK
AGENT: @441141 the link that was provided earlier so that we can check and assist you further. 2/2 ^NK
CUSTOMER: @AmazonHelp I can't write mails n, I can't call you up again n again, just get delivery of my prepaid order. you got my email __email__
CUSTOMER: @AmazonHelp I even will not fill up the form following the link, I paid and you are supposed to deliver on time
AGENT: @441141 I understand your concern, Ranjan. Twitter being a social media platform we wouldn't be able to access your amazon(1/3) ^GD
AGENT: @441141 provide your account details, we consider it to be personal information. Our page is visible to the public. (3/3)^GD
AGENT: @441141 account. Request you to submit your details using the link mentioned earlier and we'll fix this for you. Please don't (2/3)^GD
CUSTOMER: @AmazonHelp @115850 @AmazonHelp customer service at worst,
I paid I followed up I wrote I called up And still waiting for my order @734 @120320
AGENT: @441141 We've sent a correspondence to your registered email ID here: https://t.co/NTkrxpaAj9. Kindly check. ^PS
CUSTOMER: @AmazonHelp it got no resolution to my issue
AGENT: @441141 Please write back to the email sent by our team and we'll check and get back to you soon. ^VM",16,1.0,HIGH,727353,@115850 @AmazonHelp I am an individual seller and Had got a customer via u guys and due to delay the customer denied order. I am waiting,"@294240 Please don't provide your order details, we consider it to be personal information. Our page is visible to the public. ^KA","CUSTOMER: @115850 @AmazonHelp I am an individual seller and Had got a customer via u guys and due to delay the customer denied order. I am waiting
CUSTOMER: @115850 @AmazonHelp My mobile. Check the no of email i got telling me that i ll get by EOD everyday https://t.co/GCLlPt5eI0
AGENT: @294240 Sorry to know about the delivery issue. Please share your details here: https://t.co/GIJyeYqKE0 and we'll reach out. ^KA
AGENT: @294240 Please don't provide your order details, we consider it to be personal information. Our page is visible to the public. ^KA",4,0.52,MEDIUM,0.585,0.10500000000000004,0.021296918392181396,True,True,True,False,True,False,False,True,True,5.0
60,549485,YES,unknown,unknown,77592,77592,987173,987173,0.6956133842468262,0.6956133842468262,0.746558666229248,0.746558666229248,0.91,0.91,0.34,0.34,0.0,0.0,0.0,0.0,0.0,0.0,0.0,0.0,HIGH,HIGH,LOW,LOW,whats the minimum following for an #amazon affiliate? @AmazonHelp @25043,"@247945 There aren't hard numbers for the Amazon Associates program, each submission is reviewed on a case by case basis. You can learn more here: https://t.co/XlKHJsVn7g ^GS","CUSTOMER: whats the minimum following for an #amazon affiliate? @AmazonHelp @25043
AGENT: @247945 There aren't hard numbers for the Amazon Associates program, each submission is reviewed on a case by case basis. You can learn more here: https://t.co/XlKHJsVn7g ^GS
CUSTOMER: @AmazonHelp thanks homies 🙌",3,0.7,MEDIUM,987173,@AmazonHelp  @115850  connect me Amazon affiliate customer care. ASAP,@353919 You may reach out to support team here: https://t.co/vlvfJr4nN9. ^SB,"CUSTOMER: @AmazonHelp  @115850  connect me Amazon affiliate customer care. ASAP
AGENT: @353919 You may reach out to support team here: https://t.co/vlvfJr4nN9. ^SB",2,0.34,LOW,987173,@AmazonHelp  @115850  connect me Amazon affiliate customer care. ASAP,@353919 You may reach out to support team here: https://t.co/vlvfJr4nN9. ^SB,"CUSTOMER: @AmazonHelp  @115850  connect me Amazon affiliate customer care. ASAP
AGENT: @353919 You may reach out to support team here: https://t.co/vlvfJr4nN9. ^SB",2,0.34,LOW,77592,@AmazonHelp @115851 @115821 @5339,"@133290 Sorry about the confusion. I see that we've already addressed your issue and sent a correspondence to your registered email Id. The resolution provided over email is the best we can offer. Further, we'll not be able to provide additional assistance on this matter. ^NR","CUSTOMER: @AmazonHelp @115851 @115821 @5339 

Suites You.. ""CONFUSION""

Because you still in this.

Can I get the Surety that Delivery Executive will not ask for the Pickup of Original Order.

Amazed to see how talented Team is there for resolving complaints.

#NoCalls #CopyPasteEmails
CUSTOMER: @AmazonHelp is this ur update, same as CC agent.

What price of my troubles, my wasted time on u, delay in delivery's cost and now 5 more days.

Moreover, iogical actions taken by you.

You so possesive for Rs.300 only, I'm thinking about those who ordering Phones or Laptops.

@115851
CUSTOMER: @AmazonHelp @115851 Find my reverts here as well..
@115821 @115851 @5339 

I can understand the Logistic Issue.... but what resolutions received from Customer Supports are pathetic..

So possessive for Rs.298, People Beware.. If you ordering big purchases on @115850 

@120781 https://t.co/AZThAXfGxx
AGENT: @133290 Currently we do not have compensation plans for such instance. We will consider this as feedback and ensure to pass it on internally for improvements. ^RW
CUSTOMER: @AmazonHelp Thats why you're not leading.. bcoz you not paying for your fault..

you just leaving customers at their end &amp; be yourself remain in comfort zone..

My Pay Balance amount transfer in my bank account.

You are earning i terest on my money so far.

@115851 @115850 @115821
AGENT: @133290 As informed earlier, we do not have compensation plans for such instance and we'll forward this feedback internally for improvements. ^SU
CUSTOMER: @AmazonHelp then why you unable to change the order status LOST which is showing Delivered to me.

Indians are not fools. Please stop making...
AGENT: @133290 We apologize for the conflicting updates. We have shared your case internally for a review. Going forward we'll ensure that such instances doesn't reoccur. Appreciate your understanding. ^KH
CUSTOMER: @AmazonHelp You DUMB people.

Did you understand the FACT.

I am still in trouble... Because your FE will ask for the Pickup of Origi al order.. Is not ??

After 5 days.. we will on the same page.

Mr. @115851 what is going on.

Mr. @5339 if u still there #ShameforAmazon
AGENT: @133290 I get your concern. Kindly fill in your details here: https://t.co/beaaDm0muc and we’ll contact you soon and resolve your issue. ^MN
CUSTOMER: @AmazonHelp Oh GOD ! again link, fill up and will get the copy-paste emails..

Even I am telling you the FACTS about the possibilities.

What you guys doing there ? @115850 paying you, for what.. Its mystery.

@115851 @115821 @5339 

#ShameOnYouAmazon
AGENT: @133290 Sorry about the confusion. I see that we've already addressed your issue and sent a correspondence to your registered email Id. The resolution provided over email is the best we can offer. Further, we'll not be able to provide additional assistance on this matter. ^NR
CUSTOMER: @115850 making fool of us and playing with their Database.

First of All, taking 5 days delivery for ""Prime-Customer"" and on 5th days updated their records with order status Delivered while not attempting for delivery.

Later than ask you to wait for next 3 days.

#Logical ????
AGENT: @133290 Apologies for the delay in delivery of your order, Deepak. We'd like to help you, please share your details here: https://t.co/GIJyeY99fq and we will look into this for you. ^AH
CUSTOMER: @115850 @AmazonHelp just share the things here so that world can knows you well and your robotic customer services...

@115851 @115821
AGENT: @133290 I get your disappointment. However, Twitter being a Social Media platform we can't view your order/account information. I'd request you to share your details through the link provided above for better assistance. Appreciate your cooperation. ^KH
CUSTOMER: @AmazonHelp My order number is 404-8905874-4630754

Its updated Delivered on time (just for making clean Database) however its not.

I was talking with ur executive on  Chat and he placed new order for me while I was asking for an immediate delivery.

@115851 @115850 @115821
AGENT: @133290 Please don't provide your order details, we consider it to be personal information. Our page is visible to the public. 2/2 ^KK
AGENT: @133290 Could you please confirm if you have shared the details on the link that was shared with you earlier? We would investigate once we receive the details and would connect with you to help. 1/2^KK
CUSTOMER: @AmazonHelp get the details from your site.... and my CHAT records as well....
AGENT: @133290 I'm sorry but as we on Twitter, we don't have access to your account and won't be able to check it. Therefore, request you to send us your details using the link provided here: https://t.co/j7Zc0wSNqZ. ^AM
CUSTOMER: @AmazonHelp call me on my registered number.
AGENT: @133290 We'll certainly arrange a call back for you, Deepak. Kindly share the preferred time along with your details on the link provided earlier. ^SY
CUSTOMER: @AmazonHelp There are just few people  who act like a robot.. If I suffer, I can claim compensation..

You just updated its delivered for creating your Database perfect..

and I have to wait for 5 more days.

Now, world will see, what you doing.

@115851 @115821 @115850
AGENT: @133290 I understand your disappointment, please share your details through the link provided to you earlier so we can help you accordingly. ^MD
CUSTOMER: @AmazonHelp Are you really from Amazon.. I have given my order number and you just can't reach to me.. #Amazed

You just doing fraud with Indians... and show yourself clean with your fake database.
AGENT: @133290 As informed earlier, we won't be able to access your account details over twitter. The only way we can check your details is when we receive them via secured link shared earlier. Kindly do the needful and we'll help you at the earliest. ^HS
CUSTOMER: @AmazonHelp Let's see, how you different from your dumb customer service executives.
CUSTOMER: @AmazonHelp Ask your executive Mr.Pathan, How can I return the item while its not delivered. He will suffer me again at that time if delivery of new order.

Even, You totally failed on your Promise and now taking 2x time.

Really.... 3rd Class Resolution

@115851 @115850 @76401 https://t.co/hse5oNm6gO
AGENT: @133290 Please don't provide your order details, we consider it to be personal information. Our page is visible to the public. (2/2) ^MO
AGENT: @133290 I realize this has been a disappointing experience for you, Deepak. If you've shared the details in the link provided earlier, we'll look into it and reach out to you at the earliest. (1/2) ^MO
CUSTOMER: @AmazonHelp I don't care if its visible to public.

If things will not going on track, I'll share both the Chats here, for all the world and people can see how your executives do what they want and avoiding customers troubles.

@115851 @115821 @115850 @5339
AGENT: @133290 We've received your details. We'll work on it and get back to you with an update at the earliest. ^NR",33,0.91,HIGH,77592,@AmazonHelp @115851 @115821 @5339,"@133290 Sorry about the confusion. I see that we've already addressed your issue and sent a correspondence to your registered email Id. The resolution provided over email is the best we can offer. Further, we'll not be able to provide additional assistance on this matter. ^NR","CUSTOMER: @AmazonHelp @115851 @115821 @5339 

Suites You.. ""CONFUSION""

Because you still in this.

Can I get the Surety that Delivery Executive will not ask for the Pickup of Original Order.

Amazed to see how talented Team is there for resolving complaints.

#NoCalls #CopyPasteEmails
CUSTOMER: @AmazonHelp is this ur update, same as CC agent.

What price of my troubles, my wasted time on u, delay in delivery's cost and now 5 more days.

Moreover, iogical actions taken by you.

You so possesive for Rs.300 only, I'm thinking about those who ordering Phones or Laptops.

@115851
CUSTOMER: @AmazonHelp @115851 Find my reverts here as well..
@115821 @115851 @5339 

I can understand the Logistic Issue.... but what resolutions received from Customer Supports are pathetic..

So possessive for Rs.298, People Beware.. If you ordering big purchases on @115850 

@120781 https://t.co/AZThAXfGxx
AGENT: @133290 Currently we do not have compensation plans for such instance. We will consider this as feedback and ensure to pass it on internally for improvements. ^RW
CUSTOMER: @AmazonHelp Thats why you're not leading.. bcoz you not paying for your fault..

you just leaving customers at their end &amp; be yourself remain in comfort zone..

My Pay Balance amount transfer in my bank account.

You are earning i terest on my money so far.

@115851 @115850 @115821
AGENT: @133290 As informed earlier, we do not have compensation plans for such instance and we'll forward this feedback internally for improvements. ^SU
CUSTOMER: @AmazonHelp then why you unable to change the order status LOST which is showing Delivered to me.

Indians are not fools. Please stop making...
AGENT: @133290 We apologize for the conflicting updates. We have shared your case internally for a review. Going forward we'll ensure that such instances doesn't reoccur. Appreciate your understanding. ^KH
CUSTOMER: @AmazonHelp You DUMB people.

Did you understand the FACT.

I am still in trouble... Because your FE will ask for the Pickup of Origi al order.. Is not ??

After 5 days.. we will on the same page.

Mr. @115851 what is going on.

Mr. @5339 if u still there #ShameforAmazon
AGENT: @133290 I get your concern. Kindly fill in your details here: https://t.co/beaaDm0muc and we’ll contact you soon and resolve your issue. ^MN
CUSTOMER: @AmazonHelp Oh GOD ! again link, fill up and will get the copy-paste emails..

Even I am telling you the FACTS about the possibilities.

What you guys doing there ? @115850 paying you, for what.. Its mystery.

@115851 @115821 @5339 

#ShameOnYouAmazon
AGENT: @133290 Sorry about the confusion. I see that we've already addressed your issue and sent a correspondence to your registered email Id. The resolution provided over email is the best we can offer. Further, we'll not be able to provide additional assistance on this matter. ^NR
CUSTOMER: @115850 making fool of us and playing with their Database.

First of All, taking 5 days delivery for ""Prime-Customer"" and on 5th days updated their records with order status Delivered while not attempting for delivery.

Later than ask you to wait for next 3 days.

#Logical ????
AGENT: @133290 Apologies for the delay in delivery of your order, Deepak. We'd like to help you, please share your details here: https://t.co/GIJyeY99fq and we will look into this for you. ^AH
CUSTOMER: @115850 @AmazonHelp just share the things here so that world can knows you well and your robotic customer services...

@115851 @115821
AGENT: @133290 I get your disappointment. However, Twitter being a Social Media platform we can't view your order/account information. I'd request you to share your details through the link provided above for better assistance. Appreciate your cooperation. ^KH
CUSTOMER: @AmazonHelp My order number is 404-8905874-4630754

Its updated Delivered on time (just for making clean Database) however its not.

I was talking with ur executive on  Chat and he placed new order for me while I was asking for an immediate delivery.

@115851 @115850 @115821
AGENT: @133290 Please don't provide your order details, we consider it to be personal information. Our page is visible to the public. 2/2 ^KK
AGENT: @133290 Could you please confirm if you have shared the details on the link that was shared with you earlier? We would investigate once we receive the details and would connect with you to help. 1/2^KK
CUSTOMER: @AmazonHelp get the details from your site.... and my CHAT records as well....
AGENT: @133290 I'm sorry but as we on Twitter, we don't have access to your account and won't be able to check it. Therefore, request you to send us your details using the link provided here: https://t.co/j7Zc0wSNqZ. ^AM
CUSTOMER: @AmazonHelp call me on my registered number.
AGENT: @133290 We'll certainly arrange a call back for you, Deepak. Kindly share the preferred time along with your details on the link provided earlier. ^SY
CUSTOMER: @AmazonHelp There are just few people  who act like a robot.. If I suffer, I can claim compensation..

You just updated its delivered for creating your Database perfect..

and I have to wait for 5 more days.

Now, world will see, what you doing.

@115851 @115821 @115850
AGENT: @133290 I understand your disappointment, please share your details through the link provided to you earlier so we can help you accordingly. ^MD
CUSTOMER: @AmazonHelp Are you really from Amazon.. I have given my order number and you just can't reach to me.. #Amazed

You just doing fraud with Indians... and show yourself clean with your fake database.
AGENT: @133290 As informed earlier, we won't be able to access your account details over twitter. The only way we can check your details is when we receive them via secured link shared earlier. Kindly do the needful and we'll help you at the earliest. ^HS
CUSTOMER: @AmazonHelp Let's see, how you different from your dumb customer service executives.
CUSTOMER: @AmazonHelp Ask your executive Mr.Pathan, How can I return the item while its not delivered. He will suffer me again at that time if delivery of new order.

Even, You totally failed on your Promise and now taking 2x time.

Really.... 3rd Class Resolution

@115851 @115850 @76401 https://t.co/hse5oNm6gO
AGENT: @133290 Please don't provide your order details, we consider it to be personal information. Our page is visible to the public. (2/2) ^MO
AGENT: @133290 I realize this has been a disappointing experience for you, Deepak. If you've shared the details in the link provided earlier, we'll look into it and reach out to you at the earliest. (1/2) ^MO
CUSTOMER: @AmazonHelp I don't care if its visible to public.

If things will not going on track, I'll share both the Chats here, for all the world and people can see how your executives do what they want and avoiding customers troubles.

@115851 @115821 @115850 @5339
AGENT: @133290 We've received your details. We'll work on it and get back to you with an update at the earliest. ^NR",33,0.91,HIGH,0.5700000000000001,0.5700000000000001,0.050945281982421875,False,True,False,True,False,False,True,False,False,5.0
35,792046,YES,technical,unknown,1557413,2675334,1557413,237145,0.6667988896369934,0.6593119502067566,0.6667988896369934,0.7021492719650269,0.4,0.835,0.4,0.295,1.0,0.0,1.0,0.0,0.0,0.0,0.0,0.0,LOW,HIGH,LOW,LOW,@AmazonHelp can you DM me please there is a copyright issue with a book on your kindle store! I get pretty pissed off when someone's 1/2,@308866 I've received your DM and I'll be replying there. ^LB,"CUSTOMER: @AmazonHelp can you DM me please there is a copyright issue with a book on your kindle store! I get pretty pissed off when someone's 1/2
AGENT: @308866 I have enabled direct messaging so we can work together. Please provide a link to the book via DM and we'll go from there! ^FD https://t.co/1XyLaGkcaN
CUSTOMER: @AmazonHelp Sent and explaining something I had hoped not to discuss again with strangers
AGENT: @308866 I've received your DM and I'll be replying there. ^LB
CUSTOMER: @AmazonHelp Thank you
CUSTOMER: @AmazonHelp Thank you for your quick  responce",6,0.525,MEDIUM,237145,"@AmazonHelp kindle publishing,  stop destroying peoples book formats",@172481 Hi Gayla! Will you tell us more about what's happening? We'd like to help if possible! ^CS,"CUSTOMER: @AmazonHelp kindle publishing,  stop destroying peoples book formats
AGENT: @172481 Hi Gayla! Will you tell us more about what's happening? We'd like to help if possible! ^CS",2,0.295,LOW,1557413,Hey @AmazonHelp why can’t we buy Kindle versions of books in the app or the Amazon app? This seems silly. Take my money and let me read!,"@481417 We're always looking for new way to improve! Please provide any feedback or suggestions, here: __email__ ^AG","CUSTOMER: Hey @AmazonHelp why can’t we buy Kindle versions of books in the app or the Amazon app? This seems silly. Take my money and let me read!
AGENT: @481417 We're always looking for new way to improve! Please provide any feedback or suggestions, here: __email__ ^AG",2,0.4,LOW,2675334,@AmazonHelp when I change the format of the Hesit Society Book 1 to kindle. It changes to a completely different title! :/ https://t.co/KozRIqrRWk,"@753065 That is odd, Tina! I've tried the App and multiple browsers, and all seems well. Have you tried clearing cache/cookies? ^JZ","CUSTOMER: @AmazonHelp when I change the format of the Hesit Society Book 1 to kindle. It changes to a completely different title! :/ https://t.co/KozRIqrRWk
AGENT: @753065 That is odd, Tina! I've tried the App and multiple browsers, and all seems well. Have you tried clearing cache/cookies? ^JZ
CUSTOMER: @AmazonHelp Nope. Looks the same :/ when I search 4 the xmas title I get 2 different prices. However the top 1 is the heist book 1 when I change formats https://t.co/OhPk0VcsMD
AGENT: @753065 We would like to look into this further with you, can you contact us via: https://t.co/hApLpMlfHN Thanks. ^NV",4,0.835,HIGH,1557413,Hey @AmazonHelp why can’t we buy Kindle versions of books in the app or the Amazon app? This seems silly. Take my money and let me read!,"@481417 We're always looking for new way to improve! Please provide any feedback or suggestions, here: __email__ ^AG","CUSTOMER: Hey @AmazonHelp why can’t we buy Kindle versions of books in the app or the Amazon app? This seems silly. Take my money and let me read!
AGENT: @481417 We're always looking for new way to improve! Please provide any feedback or suggestions, here: __email__ ^AG",2,0.4,LOW,0.54,0.10500000000000004,0.042837321758270264,True,True,True,False,True,False,True,False,True,5.0
104,1212741,NO,account,unknown,2297443,2297443,1291746,1291746,0.7763426303863525,0.7763426303863525,0.8978286981582642,0.8978286981582642,0.91,0.91,0.37,0.37,1.0,1.0,1.0,1.0,0.0,0.0,0.0,0.0,HIGH,HIGH,LOW,LOW,@AmazonHelp So my account has been blocked once again for no reason (or atleast it wasn't told to me) i'm getting a little sick of this. why do my accounts keep getting blocked??,@404635 Sorry to hear about your account! Have you received an e-mail from an Account Specialist? We're here to help! ^AB,"CUSTOMER: @AmazonHelp So my account has been blocked once again for no reason (or atleast it wasn't told to me) i'm getting a little sick of this. why do my accounts keep getting blocked??
AGENT: @404635 Sorry to hear about your account! Have you received an e-mail from an Account Specialist? We're here to help! ^AB
CUSTOMER: @AmazonHelp I have not recieved any email. Can we take this to the DM?
AGENT: @404635 Definitely! Please feel free to DM us. ^AB https://t.co/1XyLaGkcaN",4,0.375,LOW,1291746,@AmazonHelp Why is my account blocked ?,"@422090 Can you just ignore the authentication, please?^FT","CUSTOMER: @AmazonHelp Why is my account blocked ?
AGENT: @422090 Did you receive an e-mail about that issue ^ME
CUSTOMER: @AmazonHelp No, I can’t connec to it since more than 1 year
AGENT: @422090 Can you just ignore the authentication, please?^FT",4,0.37,LOW,1291746,@AmazonHelp Why is my account blocked ?,"@422090 Can you just ignore the authentication, please?^FT","CUSTOMER: @AmazonHelp Why is my account blocked ?
AGENT: @422090 Did you receive an e-mail about that issue ^ME
CUSTOMER: @AmazonHelp No, I can’t connec to it since more than 1 year
AGENT: @422090 Can you just ignore the authentication, please?^FT",4,0.37,LOW,2297443,Blocked Amazon account without  any reason..  Amazon pay got strucked ... Big amount... Very bad experience.. not replying over mails also.,@666952 We'd like to understand this better. Write to us here: https://t.co/beaaDm0muc and we'll have this checked. Kindly click on skip sign-in option while accessing the link. ^MO,"CUSTOMER: Blocked Amazon account without  any reason..  Amazon pay got strucked ... Big amount... Very bad experience.. not replying over mails also.
@115850
AGENT: @666952 I'm sorry to know about the situation. Account closure is followed by an email, kindly reply to the same. Our team will check this for you. ^KH
CUSTOMER: @115850 Replied the same... But not at all getting any response..  either refund the money to account or reopen the account.. hoping for the positive action.
AGENT: @666952 We've already responded to you here: https://t.co/tPShgR8S36 ^RB
CUSTOMER: @115850 @115850  Reopen the account __email__... even the Amazon pay balance also became less... Refund the same. Complete disappointment this time.
CUSTOMER: @AmazonHelp Please give the helpful response @115850
AGENT: @666952 As this is an account related issue, our account specialist team is the best to assist you at the moment. Request you to wait for an update from our team. Appreciate your patience. Please don't provide your account details as our page is visible to public.^PB
CUSTOMER: @AmazonHelp Waiting for the positive response. @115850
AGENT: @666952 We've responded to you here: https://t.co/jpzvw4Pf1P, kindly check. Also, please don't provide your account details, we consider it to be personal information. Our page is visible to the public. ^MO
AGENT: @666952 We'd like to understand this better. Write to us here: https://t.co/beaaDm0muc and we'll have this checked. Kindly click on skip sign-in option while accessing the link. ^MO
CUSTOMER: @AmazonHelp I updated the required information. Let's see what happens next. Hope Amazon will not disappoint it's Prime customer.
AGENT: @666952 Thanks for sharing your details, Divya. Our team will contact you with an update at the earliest. ^GD",12,0.91,HIGH,2297443,Blocked Amazon account without  any reason..  Amazon pay got strucked ... Big amount... Very bad experience.. not replying over mails also.,@666952 We'd like to understand this better. Write to us here: https://t.co/beaaDm0muc and we'll have this checked. Kindly click on skip sign-in option while accessing the link. ^MO,"CUSTOMER: Blocked Amazon account without  any reason..  Amazon pay got strucked ... Big amount... Very bad experience.. not replying over mails also.
@115850
AGENT: @666952 I'm sorry to know about the situation. Account closure is followed by an email, kindly reply to the same. Our team will check this for you. ^KH
CUSTOMER: @115850 Replied the same... But not at all getting any response..  either refund the money to account or reopen the account.. hoping for the positive action.
AGENT: @666952 We've already responded to you here: https://t.co/tPShgR8S36 ^RB
CUSTOMER: @115850 @115850  Reopen the account __email__... even the Amazon pay balance also became less... Refund the same. Complete disappointment this time.
CUSTOMER: @AmazonHelp Please give the helpful response @115850
AGENT: @666952 As this is an account related issue, our account specialist team is the best to assist you at the moment. Request you to wait for an update from our team. Appreciate your patience. Please don't provide your account details as our page is visible to public.^PB
CUSTOMER: @AmazonHelp Waiting for the positive response. @115850
AGENT: @666952 We've responded to you here: https://t.co/jpzvw4Pf1P, kindly check. Also, please don't provide your account details, we consider it to be personal information. Our page is visible to the public. ^MO
AGENT: @666952 We'd like to understand this better. Write to us here: https://t.co/beaaDm0muc and we'll have this checked. Kindly click on skip sign-in option while accessing the link. ^MO
CUSTOMER: @AmazonHelp I updated the required information. Let's see what happens next. Hope Amazon will not disappoint it's Prime customer.
AGENT: @666952 Thanks for sharing your details, Divya. Our team will contact you with an update at the earliest. ^GD",12,0.91,HIGH,0.54,0.54,0.12148606777191162,False,True,False,True,False,False,False,True,False,5.0
70,2429494,YES,unknown,unknown,1258289,1258289,2690658,2690658,0.5677458047866821,0.5677458047866821,0.723773717880249,0.723773717880249,0.805,0.805,0.31,0.31,0.0,0.0,0.0,0.0,0.0,0.0,0.0,0.0,HIGH,HIGH,LOW,LOW,@119625 When will season 5 of Wentworth be on Prime or video? I see the DVD is available but haven’t got a player anymore! 👍,"@217031 I get your concern, As the content is geo-specific, could you please let us know from where you're trying to access content? We'll assist. ^BA","CUSTOMER: @119625 When will season 5 of Wentworth be on Prime or video? I see the DVD is available but haven’t got a player anymore! 👍
AGENT: @217031 I get your concern, As the content is geo-specific, could you please let us know from where you're trying to access content? We'll assist. ^BA
CUSTOMER: @AmazonHelp Thanks, I’m in UK",3,0.745,MEDIUM,2690658,@129773.. Question for you. When is Wentworth Prison seires 5 coming to Amazon Video? #WentworthPrison,@756418 Thanks for reaching out to us! Although we don't have a definitive date as yet this link: https://t.co/caydmvJWZY will help keep you up to date on what's coming soon! ^AZ,"CUSTOMER: @129773.. Question for you. When is Wentworth Prison seires 5 coming to Amazon Video? #WentworthPrison
AGENT: @756418 Thanks for reaching out to us! Although we don't have a definitive date as yet this link: https://t.co/caydmvJWZY will help keep you up to date on what's coming soon! ^AZ",2,0.31,LOW,2690658,@129773.. Question for you. When is Wentworth Prison seires 5 coming to Amazon Video? #WentworthPrison,@756418 Thanks for reaching out to us! Although we don't have a definitive date as yet this link: https://t.co/caydmvJWZY will help keep you up to date on what's coming soon! ^AZ,"CUSTOMER: @129773.. Question for you. When is Wentworth Prison seires 5 coming to Amazon Video? #WentworthPrison
AGENT: @756418 Thanks for reaching out to us! Although we don't have a definitive date as yet this link: https://t.co/caydmvJWZY will help keep you up to date on what's coming soon! ^AZ",2,0.31,LOW,1258289,"@AmazonHelp Hey, I live permanantaly in the UK But im staying with my girlfrend in the US, If I buy a season on Prime Video in the US (1/2)","@117824 No worries, we can offer advice on things and direct people to help pages but some issues need to be checked by an agent! ^JJ","CUSTOMER: @AmazonHelp Hey, I live permanantaly in the UK But im staying with my girlfrend in the US, If I buy a season on Prime Video in the US (1/2)
CUSTOMER: @AmazonHelp Will I be able to have it transferred over to my UK prime account when I return home or does it strictly have to stay on my US accnt? (2/2)
AGENT: @117824 Hi, please contact us here: https://t.co/hApLpMlfHN to discuss the options available. ^JJ
CUSTOMER: @AmazonHelp Thanks JJ, One more question. I dont intend this to come out rude but whats the point in social media support if questions have to (1/2)
CUSTOMER: @AmazonHelp Be redirected to an alternative support URL (2/2)
AGENT: @117824 No worries, we can offer advice on things and direct people to help pages but some issues need to be checked by an agent! ^JJ",6,0.805,HIGH,1258289,"@AmazonHelp Hey, I live permanantaly in the UK But im staying with my girlfrend in the US, If I buy a season on Prime Video in the US (1/2)","@117824 No worries, we can offer advice on things and direct people to help pages but some issues need to be checked by an agent! ^JJ","CUSTOMER: @AmazonHelp Hey, I live permanantaly in the UK But im staying with my girlfrend in the US, If I buy a season on Prime Video in the US (1/2)
CUSTOMER: @AmazonHelp Will I be able to have it transferred over to my UK prime account when I return home or does it strictly have to stay on my US accnt? (2/2)
AGENT: @117824 Hi, please contact us here: https://t.co/hApLpMlfHN to discuss the options available. ^JJ
CUSTOMER: @AmazonHelp Thanks JJ, One more question. I dont intend this to come out rude but whats the point in social media support if questions have to (1/2)
CUSTOMER: @AmazonHelp Be redirected to an alternative support URL (2/2)
AGENT: @117824 No worries, we can offer advice on things and direct people to help pages but some issues need to be checked by an agent! ^JJ",6,0.805,HIGH,0.49500000000000005,0.49500000000000005,0.1560279130935669,False,True,False,True,False,False,True,False,False,5.0
79,1043150,NO,technical,unknown,1723361,2557176,2540392,2288278,0.8038383722305298,0.8126994371414185,0.8230520486831665,0.8264391422271729,0.745,0.88,0.52,0.4,1.0,0.0,1.0,0.0,0.0,0.0,0.0,0.0,MEDIUM,HIGH,MEDIUM,LOW,@AmazonHelp Still waiting to hear back from you on this,@366681 Sorry to hear that. We'll be happy to look into that for you. Please reach out to us here: https://t.co/JzP7hlA23B ^RS,"CUSTOMER: @AmazonHelp Still waiting to hear back from you on this
AGENT: @366681 Sorry to hear that. We'll be happy to look into that for you. Please reach out to us here: https://t.co/JzP7hlA23B ^RS
CUSTOMER: @AmazonHelp @115830 Did you get my DM?
AGENT: @366681 Sorry, I cannot see a DM from your account. ^JJ
CUSTOMER: @AmazonHelp Please see the attached screenshot https://t.co/zt875tFbVa
CUSTOMER: @115830 Awful customer service experience. Couldnt even sort out my simple issue. Call centre staff hardly speak English. Very #frustrated
AGENT: @366681 I am so sorry about that, Mitesh! Without giving account information, can you tell us more about what's going on? ^BE",7,0.475,LOW,2288278,@AmazonHelp need amazon help email  no more idiots from call centers and get hung up on after waiting forever for US staff.,"@664800 I am sorry for the frustration Without providing account info, will you please tell us more about what's going on? ^BA","CUSTOMER: @AmazonHelp need amazon help email  no more idiots from call centers and get hung up on after waiting forever for US staff.
AGENT: @664800 I am sorry for the frustration Without providing account info, will you please tell us more about what's going on? ^BA",2,0.4,LOW,2540392,"@AmazonHelp Happy if you wanted to DM and speak direct. Sadly, I can no longer rely on Amazon delivering orders, or sorting out problems with a customer centric approach","@722391 Hi Richard, can you contact us so that we look into this further: https://t.co/oGDklGgbCZ ^PJ","CUSTOMER: @AmazonHelp Happy if you wanted to DM and speak direct. Sadly, I can no longer rely on Amazon delivering orders, or sorting out problems with a customer centric approach
AGENT: @722391 Hi Richard, can you contact us so that we look into this further: https://t.co/oGDklGgbCZ ^PJ
CUSTOMER: What is going on @115830 ? You'd rather I return an order placed yesterday and buy again rather than apply a credit following a price drop
CUSTOMER: @115830 @115830 gets worse.  Promotion on 3 Echo's doesn't work if you take the offer of the TP-Link smart plug.
CUSTOMER: @115830 I used to think @115830 had the best customer service. Cancelled orders &amp; this experience, leaves me thinking they're amongst the worst.
AGENT: @722391 Hi Richard, sorry to hear about the negative experience you had recently. Without providing any personal information could you give us some more details on what happened please? Thanks ^TI",6,0.52,MEDIUM,2557176,@AmazonHelp What is wrong with the customer service call facility of @115850,@147797 if selecting phone option then select language preferred &gt; provide us your number &gt; choose from 'call now' or 'call me in 5 minutes' we'll be glad to help.  2/2^SC,"CUSTOMER: @AmazonHelp What is wrong with the customer service call facility of @115850 
I have gone to setting &gt;call customer care , after receiving call IVRS said we dont find any order on this no.
Thank you for calling @115850 
I have a problem regarding #AmazonPayBalance
Kindly help
AGENT: @147797 if selecting phone option then select language preferred &gt; provide us your number &gt; choose from 'call now' or 'call me in 5 minutes' we'll be glad to help.  2/2^SC
AGENT: @147797 Sorry for the trouble. Kindly try using the following path. Click on the link here: https://t.co/vlvfJr4nN9 &gt; Login to your Amazon.in account &gt; Under 'Tell us more about your issue', select 'More order issues' &gt; choose from chat / phone / email options,  1/2^SC
CUSTOMER: @AmazonHelp Why you have closed that option.. it was now very inconvenience for us.. it will hamper your good customer service and DEFAME your name
AGENT: @147797 I'm sorry about the inconvenience. However, kindly connect with us via the above link. We'll check this for you. ^SG
CUSTOMER: @115850 i am trying to contact your customer care executive but unable to do so.
Kindly help me out regarding cashback in amazon pay balance
AGENT: @147797 I'm sorry that you are unable to contact us. We'd like to help you. Kindly try reaching out to our support team via chat, phone or email from here: https://t.co/vlvfJr4nN9 and we'll assist you accordingly. ^GD",7,0.88,HIGH,1723361,@115821 @amazonhelp I have an issue and why your service and support team isn’t supporting me ? Am I not a valuable customer to you ?,"@266990 I'm sorry for the unpleasant experience, Vijay. Fill in your details here: https://t.co/GIJyeYqKE0 and we'll get on it ^JC","CUSTOMER: @115821 @amazonhelp I have an issue and why your service and support team isn’t supporting me ? Am I not a valuable customer to you ?
AGENT: @266990 I'm sorry for the unpleasant experience, Vijay. Fill in your details here: https://t.co/GIJyeYqKE0 and we'll get on it ^JC
CUSTOMER: @AmazonHelp Already replied
CUSTOMER: @AmazonHelp Please get back to me for more details. Thanks for your concern
AGENT: @266990 Thank you for keeping us posted. We'll get back to you soon.^SF",5,0.745,MEDIUM,0.48,0.345,0.013739705085754395,True,True,True,False,True,False,False,True,True,5.0
43,2213789,YES,unknown,unknown,1031704,1031704,75948,75948,0.6642661094665527,0.6642661094665527,0.7330343723297119,0.7330343723297119,0.865,0.865,0.415,0.415,0.0,0.0,0.0,0.0,0.0,0.0,0.0,0.0,HIGH,HIGH,LOW,LOW,@AmazonHelp Hey looks like it's back ! Thanks ! 😀,@646945 We will let you know when these episodes are back. We’re really sorry for the inconvenience caused. (2/2) ^VM,"CUSTOMER: @AmazonHelp Hey looks like it's back ! Thanks ! 😀
CUSTOMER: @115850 Why not available today all of a suddenly when I was watching till yesterday. Very bad experience ! https://t.co/HTKI2d706y
AGENT: @646945 We will let you know when these episodes are back. We’re really sorry for the inconvenience caused. (2/2) ^VM",3,0.595,MEDIUM,75948,"@AmazonHelp Hiya, it's still not appearing !",@133002 Have you contacted us directly on the link provided by my colleague to highlight this issue?^SM,"CUSTOMER: @AmazonHelp Hiya, it's still not appearing !
AGENT: @133002 I understand you are still unable to provide feedback on the packaging? Was your order sold and fulfilled by https://t.co/ykTUEmdsQA? ^BD
CUSTOMER: @AmazonHelp Yeah, it says ""Sold by: Amazon EU S.a.r.L.""
AGENT: @133002 Have you contacted us directly on the link provided by my colleague to highlight this issue?^SM
CUSTOMER: @AmazonHelp Hi, yep left the feedback now. Thanks! 👌🤟🤟
AGENT: @133002 No problem - glad to help :-) ^TD
CUSTOMER: Looks like my mother is getting an early Christmas present today! All thanks to @115830 for sticking the postage sticker ON the item and not sending the item in a box. #gg #wp
AGENT: @133002 I'm so sorry the gift surprise was ruined! I completely understand your frustration. If you could, provide packaging feedback here; https://t.co/d2CzK80fNX.
^AV
CUSTOMER: @AmazonHelp The item doesn't appear on that page 😬
AGENT: @133002 Apologies for the incorrect link! You can submit the packaging feedback here: https://t.co/fxgZ6hTrFA ^JY
CUSTOMER: @AmazonHelp Thanks, same thing though - It shows my orders, just not that one. I guess it's not eligible for feedback?
AGENT: @133002 Since the package was delivered today, give it some time for that order to appear and try to submit your packaging feedback in a few hours. Should it still not allow you to do so, contact us here https://t.co/JzP7hlA23B and we can assist with the submission. :)
^AV
CUSTOMER: @AmazonHelp Ok, thanks for the help 👍👍
AGENT: @133002 No problem! Please keep us informed about this.^PJ",14,0.415,LOW,75948,"@AmazonHelp Hiya, it's still not appearing !",@133002 Have you contacted us directly on the link provided by my colleague to highlight this issue?^SM,"CUSTOMER: @AmazonHelp Hiya, it's still not appearing !
AGENT: @133002 I understand you are still unable to provide feedback on the packaging? Was your order sold and fulfilled by https://t.co/ykTUEmdsQA? ^BD
CUSTOMER: @AmazonHelp Yeah, it says ""Sold by: Amazon EU S.a.r.L.""
AGENT: @133002 Have you contacted us directly on the link provided by my colleague to highlight this issue?^SM
CUSTOMER: @AmazonHelp Hi, yep left the feedback now. Thanks! 👌🤟🤟
AGENT: @133002 No problem - glad to help :-) ^TD
CUSTOMER: Looks like my mother is getting an early Christmas present today! All thanks to @115830 for sticking the postage sticker ON the item and not sending the item in a box. #gg #wp
AGENT: @133002 I'm so sorry the gift surprise was ruined! I completely understand your frustration. If you could, provide packaging feedback here; https://t.co/d2CzK80fNX.
^AV
CUSTOMER: @AmazonHelp The item doesn't appear on that page 😬
AGENT: @133002 Apologies for the incorrect link! You can submit the packaging feedback here: https://t.co/fxgZ6hTrFA ^JY
CUSTOMER: @AmazonHelp Thanks, same thing though - It shows my orders, just not that one. I guess it's not eligible for feedback?
AGENT: @133002 Since the package was delivered today, give it some time for that order to appear and try to submit your packaging feedback in a few hours. Should it still not allow you to do so, contact us here https://t.co/JzP7hlA23B and we can assist with the submission. :)
^AV
CUSTOMER: @AmazonHelp Ok, thanks for the help 👍👍
AGENT: @133002 No problem! Please keep us informed about this.^PJ",14,0.415,LOW,1031704,"@AmazonHelp no one came today as well! Tomorrow is the only off I've, after that I won't b available for return on my address.","@305629 I'm sorry to know that, Saumya. We're working on it, you should hear an update from us soon. Keep an eye on your mailbox. ^MP","CUSTOMER: @AmazonHelp no one came today as well! Tomorrow is the only off I've, after that I won't b available for return on my address.
AGENT: @305629 I'm sorry to know that, Saumya. We're working on it, you should hear an update from us soon. Keep an eye on your mailbox. ^MP",2,0.865,HIGH,1031704,"@AmazonHelp no one came today as well! Tomorrow is the only off I've, after that I won't b available for return on my address.","@305629 I'm sorry to know that, Saumya. We're working on it, you should hear an update from us soon. Keep an eye on your mailbox. ^MP","CUSTOMER: @AmazonHelp no one came today as well! Tomorrow is the only off I've, after that I won't b available for return on my address.
AGENT: @305629 I'm sorry to know that, Saumya. We're working on it, you should hear an update from us soon. Keep an eye on your mailbox. ^MP",2,0.865,HIGH,0.45,0.45,0.06876826286315918,False,True,False,True,False,False,True,False,False,5.0
91,1773832,NO,technical,unknown,315021,315021,2154979,2154979,0.5507012009620667,0.5507012009620667,0.6147066354751587,0.6147066354751587,0.835,0.835,0.4,0.4,1.0,1.0,1.0,1.0,0.0,0.0,0.0,0.0,HIGH,HIGH,LOW,LOW,"@AmazonHelp I've found it, thanks! One other question: When I send documents to my  Android app, it gives me an error that something was wrong.",@533107 Reach us here so we can have a look into this with you: https://t.co/EGuNnVFGFF ^CL,"AGENT: @533107 I'm sorry for the difficulty! Please check this link: https://t.co/Dbi2b4aD3L for assistance! ^TR
CUSTOMER: @AmazonHelp I've found it, thanks! One other question: When I send documents to my  Android app, it gives me an error that something was wrong.
AGENT: @533107 That's odd. What type of error are you experiencing exactly? We'd be happy to help! ^SK
CUSTOMER: @AmazonHelp This is all it says on my Galaxy S7 when I try to send a document to the app. However on my tablet and via email it works perfectly fine. https://t.co/ZnRjWUgcTm
AGENT: @533107 Reach us here so we can have a look into this with you: https://t.co/EGuNnVFGFF ^CL",5,0.7,MEDIUM,2154979,"Hey @115850, why did you remove the option to send email from your Android app? https://t.co/hP40pMppXW","@633124 Sorry about the hassle, Subhadeep. You can still write to us using a browser, meanwhile, I'll forward your feedback internally. ^MS","CUSTOMER: Hey @115850, why did you remove the option to send email from your Android app? https://t.co/hP40pMppXW
AGENT: @633124 Sorry about the hassle, Subhadeep. You can still write to us using a browser, meanwhile, I'll forward your feedback internally. ^MS",2,0.4,LOW,2154979,"Hey @115850, why did you remove the option to send email from your Android app? https://t.co/hP40pMppXW","@633124 Sorry about the hassle, Subhadeep. You can still write to us using a browser, meanwhile, I'll forward your feedback internally. ^MS","CUSTOMER: Hey @115850, why did you remove the option to send email from your Android app? https://t.co/hP40pMppXW
AGENT: @633124 Sorry about the hassle, Subhadeep. You can still write to us using a browser, meanwhile, I'll forward your feedback internally. ^MS",2,0.4,LOW,315021,@AmazonHelp I have not received my order and the app days it's deliver. This is the second time I am facing this issue.,@191210 We apologize for the miscommunication. Please contact us here: https://t.co/vlvfJr4nN9 so we can resolve it on priority.^RS,"CUSTOMER: @AmazonHelp I have not received my order and the app days it's deliver. This is the second time I am facing this issue.
AGENT: @191210 We apologize for the miscommunication. Please contact us here: https://t.co/vlvfJr4nN9 so we can resolve it on priority.^RS",2,0.835,HIGH,315021,@AmazonHelp I have not received my order and the app days it's deliver. This is the second time I am facing this issue.,@191210 We apologize for the miscommunication. Please contact us here: https://t.co/vlvfJr4nN9 so we can resolve it on priority.^RS,"CUSTOMER: @AmazonHelp I have not received my order and the app days it's deliver. This is the second time I am facing this issue.
AGENT: @191210 We apologize for the miscommunication. Please contact us here: https://t.co/vlvfJr4nN9 so we can resolve it on priority.^RS",2,0.835,HIGH,0.43499999999999994,0.43499999999999994,0.06400543451309204,False,True,False,True,False,False,False,True,False,5.0
132,358786,NO,payment,unknown,1741004,593349,1741004,107230,0.7882236242294312,0.7763944864273071,0.7882236242294312,0.8029792904853821,0.595,0.835,0.595,0.4,1.0,0.0,1.0,0.0,0.0,0.0,0.0,0.0,MEDIUM,HIGH,MEDIUM,LOW,@115830 then to be told that you can’t even contact the driver to tell him to do his job properly? What a joke from a multi billion £ co.,"@200977 When you contacted us, what information and options were given to you? ^HC","CUSTOMER: @115830 then to be told that you can’t even contact the driver to tell him to do his job properly? What a joke from a multi billion £ co.
AGENT: @200977 I'm sorry to hear about the trouble! We'd like to look into this further. Please contact us here: https://t.co/JzP7hlA23B ^HC
CUSTOMER: @AmazonHelp Did that already, twice actually absolutely useless, delivery man didn’t actually delievery item now im being told it might be another day?
CUSTOMER: @AmazonHelp What’s the point in paying for prime? You can’t even contact your drivers? your customer service mngrsdidnt care just made me madder
CUSTOMER: @AmazonHelp I pay for prime, I paid for a service, wIted all day for my package, only to have an attempted delivery at the end of the day and I was in!?
AGENT: @200977 When you contacted us, what information and options were given to you? ^HC
CUSTOMER: @AmazonHelp That there’s nothing anyone can do, they can give me more prime extension (which I absolutely don’t want), that they’ll email the depot
CUSTOMER: @AmazonHelp I don’t care about the more prime, I paid for a service and this isn’t even the first time it happens a lot, very frustrating
CUSTOMER: @AmazonHelp You’re now asking me to take a day off work to wait for a package which might not come till the end of the day?
CUSTOMER: @AmazonHelp You can’t even contact your driver to tell him to come back?? What is that about? I waited all day for my stuff
CUSTOMER: @AmazonHelp I was actually standing downstairs with my son at 4pm funnily enough saying bye to my mother when your driver supposedly was delivering
CUSTOMER: @AmazonHelp Which is what makes this whole situation a bigger joke, I just want my package today!! Cause I waited all day for it to arrive
CUSTOMER: @AmazonHelp So what do you intend on doing about this ?? Because this is an absolute joke? I paid for a service which you have not adequately provided
AGENT: @200977 When you spoke with us, did we provide feedback to the carrier regarding the delivery issue? 1/2
AGENT: @200977 2/2 Have you set up a Safe Place for your unattended parcels: https://t.co/CanBpvHvUm?  ^CO
CUSTOMER: @AmazonHelp 1/2: no you didn’t, but once again, I don’t want feedback, I want my package
CUSTOMER: @AmazonHelp 2/2:  there is no safe place I live in a flat hence why I was in waiting all day, I have my neighbour as a just in case
CUSTOMER: @AmazonHelp But your driver didn’t even come to the door at hence my frustration, let’s get my package to me now as apposed to asking me questions
CUSTOMER: @AmazonHelp So when are you going to ask me for my order number? It’s ok...I’ll wait
AGENT: @200977 Terribly sorry for the delay, and appreciate your patience as we attempt re delivery for tomorrow. Keep us posted! ^JZ
CUSTOMER: @AmazonHelp Perfect, so just to confirm...you’re doing absolutely nothing..as expected #useless",21,0.715,MEDIUM,107230,@AmazonHelp so much for service? screw all your deliveries. Then proceed to be the rudest customer service explaining sometimes the drivers decide to not deliver. sarcastically end the conversation and delete the chat. Beyond annoyed. Prime is so great now,"@139815 Did we give any reason as to why the deliveries were failed or missing, James? We'd like to help, but need more information. ^MT","CUSTOMER: @AmazonHelp so much for service? screw all your deliveries. Then proceed to be the rudest customer service explaining sometimes the drivers decide to not deliver. sarcastically end the conversation and delete the chat. Beyond annoyed. Prime is so great now
AGENT: @139815 I'm sorry to hear about the experience you've had with us! Please give us another chance to help you. Without providing your account details, can you give us more information on the issue you're having? ^JS
CUSTOMER: @AmazonHelp Nothing was next day even though I had prime. Deliveries went missing and failed. And today two items delivered and one wasnt for no reason. Two days in a row
AGENT: @139815 Did we give any reason as to why the deliveries were failed or missing, James? We'd like to help, but need more information. ^MT",4,0.4,LOW,1741004,@AmazonHelp my Prime package still hasn't arrived for the second day in a row now. Unfair considering I paid for a next day service?,@525269 We'd like to see how we can help you with the order so please reach out to us here: https://t.co/JzP7hlA23B ^DD,"CUSTOMER: @AmazonHelp my Prime package still hasn't arrived for the second day in a row now. Unfair considering I paid for a next day service?
CUSTOMER: @AmazonHelp And you can't blame the carrier because the carrier is AMAZON SHIPPING
AGENT: @525269 So sorry to hear this! What is the current status of your parcel? You can check here: https://t.co/aaDyEz1VgE ^MW
CUSTOMER: @AmazonHelp  https://t.co/zK0nlwXjFL
CUSTOMER: @AmazonHelp  https://t.co/C730ahTYbl
CUSTOMER: @AmazonHelp It was listed as Prime when I bought it and all of a sudden it's not. Really let down, here.
AGENT: @525269 My apologies, what was the expected delivery provided, as shown in the order details found here:  https://t.co/aaDyEz1VgE ^CH
AGENT: @525269 We'd like to see how we can help you with the order so please reach out to us here: https://t.co/JzP7hlA23B ^DD
CUSTOMER: @AmazonHelp Resolved with a refund and promise of a gift card, thanks.
AGENT: @525269 So glad to hear that! Let us know if we can be of any further assistance- we're always here for you! ^BL",10,0.595,MEDIUM,593349,@AmazonHelp booked some packages to be delivered today with prime. Home all day on my day off. Driver popped a note through my door saying 'tried to deliver'. Didn't deliver to my neighbours who were in. No days off for a week so no-one home to accept tomorrow. Any advice?,"@260491 We’d love to help out but we don’t have access to your account, for security reasons. Please contact us here so we can address this properly, Tom: https://t.co/JzP7hlA23B ^SA","CUSTOMER: @AmazonHelp booked some packages to be delivered today with prime. Home all day on my day off. Driver popped a note through my door saying 'tried to deliver'. Didn't deliver to my neighbours who were in. No days off for a week so no-one home to accept tomorrow. Any advice?
AGENT: @260491 We’d love to help out but we don’t have access to your account, for security reasons. Please contact us here so we can address this properly, Tom: https://t.co/JzP7hlA23B ^SA
CUSTOMER: @AmazonHelp Thank you",3,0.835,HIGH,1741004,@AmazonHelp my Prime package still hasn't arrived for the second day in a row now. Unfair considering I paid for a next day service?,@525269 We'd like to see how we can help you with the order so please reach out to us here: https://t.co/JzP7hlA23B ^DD,"CUSTOMER: @AmazonHelp my Prime package still hasn't arrived for the second day in a row now. Unfair considering I paid for a next day service?
CUSTOMER: @AmazonHelp And you can't blame the carrier because the carrier is AMAZON SHIPPING
AGENT: @525269 So sorry to hear this! What is the current status of your parcel? You can check here: https://t.co/aaDyEz1VgE ^MW
CUSTOMER: @AmazonHelp  https://t.co/zK0nlwXjFL
CUSTOMER: @AmazonHelp  https://t.co/C730ahTYbl
CUSTOMER: @AmazonHelp It was listed as Prime when I bought it and all of a sudden it's not. Really let down, here.
AGENT: @525269 My apologies, what was the expected delivery provided, as shown in the order details found here:  https://t.co/aaDyEz1VgE ^CH
AGENT: @525269 We'd like to see how we can help you with the order so please reach out to us here: https://t.co/JzP7hlA23B ^DD
CUSTOMER: @AmazonHelp Resolved with a refund and promise of a gift card, thanks.
AGENT: @525269 So glad to hear that! Let us know if we can be of any further assistance- we're always here for you! ^BL",10,0.595,MEDIUM,0.43499999999999994,0.19499999999999995,0.02658480405807495,True,True,True,False,True,False,False,True,True,5.0
103,1347549,YES,delivery,unknown,2805848,2805848,739089,1397871,0.6689671277999878,0.6689671277999878,0.6739359498023987,0.7234477996826172,0.865,0.865,0.745,0.445,1.0,1.0,1.0,0.0,0.0,0.0,0.0,0.0,HIGH,HIGH,MEDIUM,LOW,Never use @115821 chat when u have concerns on your package! rude and will pass u to different people if they don’t want to deal with u 😡😡😡,"@434252 I see, Roxanne! Has the order selected a carrier? https://t.co/Y5jpI9gRhE If so, have you contacted them for options? ^FR","CUSTOMER: Never use @115821 chat when u have concerns on your package! rude and will pass u to different people if they don’t want to deal with u 😡😡😡
AGENT: @434252 Hey Roxanne, I'm so sorry! Are you waiting on a package that's missed the promised delivery date? We're here to help!  ^PF
CUSTOMER: @AmazonHelp Yes 😫 usually I’ll get it resolve but for some reason associates on chat were rude and made promises they cant back up 😭
AGENT: @434252 I see, Roxanne! Has the order selected a carrier? https://t.co/Y5jpI9gRhE If so, have you contacted them for options? ^FR
CUSTOMER: @AmazonHelp AMZL US carrier. Was supposed to arrive yesterday. An associate offered a prime mem extension but never gave it.
AGENT: @434252 I'm sorry for the bad experience you've had. My team would like to look at this in detail.  Click here:https://t.co/vZdwC7TIa5 ^EM",6,0.52,MEDIUM,1397871,@115830 absolute nightmare dealing with your customer service not fit to be called that when chat associates don't listen Amazon gone down,"@121804 I hate that this has happened! Without sharing personal info, can you tell us what's going on? We'd like to help if we can. ^AL","CUSTOMER: @115830 absolute nightmare dealing with your customer service not fit to be called that when chat associates don't listen Amazon gone down
AGENT: @121804 I hate that this has happened! Without sharing personal info, can you tell us what's going on? We'd like to help if we can. ^AL",2,0.445,LOW,739089,@AmazonHelp Your freaking cust care chat (Ravi) promised me early morning delivery. I didn't get it &amp; delivery guy was fucking rude and abused me. WTF,@296764 I’d like to understand this better. Please fill this form: https://t.co/beaaDm0muc and I’ll contact you at the earliest ^RW,"CUSTOMER: @AmazonHelp Your freaking cust care chat (Ravi) promised me early morning delivery. I didn't get it &amp; delivery guy was fucking rude and abused me. WTF
CUSTOMER: @AmazonHelp This has to go to customer complaint forum. This is FREAKING UNBELIEVABLE
AGENT: @296764 I’d like to understand this better. Please fill this form: https://t.co/beaaDm0muc and I’ll contact you at the earliest ^RW
CUSTOMER: @AmazonHelp are you serious? I have done all of this already.....pathetic
AGENT: @296764 I'm sorry for the inconvenience in delivering this order. The secured link shared is different from the links that are 1/2^MJ
AGENT: @296764 shared previously, kindly pick the link and fill the details as requested. Appreciate your understanding. 2/2 ^MJ
CUSTOMER: @AmazonHelp I have DONE THAT
CUSTOMER: @115850 Was supposed to get urgent delivery today I paid extra for &amp; after promising a time, rep's phone is off &amp; he said he can't come
AGENT: @296764 I understand your concern. We'd like to look into it. Kindly report this to our support team 1/2^AP
AGENT: @296764 here: https://t.co/2t6DQoUmNZ, we'll get back to you soon. 2/2^AP",10,0.745,MEDIUM,2805848,@AmazonHelp My package isn't here as promised.  Chat disconnected.  Phone support transferred me to synch bank(?).  Not sure I want to pay from prime to be so abused by Amazon staff.,@782570 The survey should have been sent directly after the chat.,"CUSTOMER: @AmazonHelp My package isn't here as promised.  Chat disconnected.  Phone support transferred me to synch bank(?).  Not sure I want to pay from prime to be so abused by Amazon staff.
AGENT: @782570 I am really sorry for this poor experience. You can provide feedback to their manager through the survey which has been e-mailed to you. We'd like to help! What is the expected delivery date for your order? ^JP
CUSTOMER: @AmazonHelp It was due today.  This afternoon was changed to 8:00pm.  Now 9:30, and after 10 minutes with chat, 20 minutes on the phone, and another 15 min, I was told the item won't be here today after all.  Now being told it will be delivered on Thanksgiving.  Good thing I pay for Prime.
CUSTOMER: @AmazonHelp How do I get a survey?
AGENT: @782570 The survey should have been sent directly after the chat. 
Let us know if you need any other assistance.  ^AG",5,0.865,HIGH,2805848,@AmazonHelp My package isn't here as promised.  Chat disconnected.  Phone support transferred me to synch bank(?).  Not sure I want to pay from prime to be so abused by Amazon staff.,@782570 The survey should have been sent directly after the chat.,"CUSTOMER: @AmazonHelp My package isn't here as promised.  Chat disconnected.  Phone support transferred me to synch bank(?).  Not sure I want to pay from prime to be so abused by Amazon staff.
AGENT: @782570 I am really sorry for this poor experience. You can provide feedback to their manager through the survey which has been e-mailed to you. We'd like to help! What is the expected delivery date for your order? ^JP
CUSTOMER: @AmazonHelp It was due today.  This afternoon was changed to 8:00pm.  Now 9:30, and after 10 minutes with chat, 20 minutes on the phone, and another 15 min, I was told the item won't be here today after all.  Now being told it will be delivered on Thanksgiving.  Good thing I pay for Prime.
CUSTOMER: @AmazonHelp How do I get a survey?
AGENT: @782570 The survey should have been sent directly after the chat. 
Let us know if you need any other assistance.  ^AG",5,0.865,HIGH,0.42,0.42,0.054480671882629395,True,True,False,True,False,False,True,False,False,5.0
34,2790617,YES,return,not_received,2544939,2849025,1430386,331365,0.8100791573524475,0.8118520379066467,0.8064435720443726,0.833026647567749,0.595,0.88,0.7,0.475,0.0,0.0,0.5,0.0,1.0,0.0,0.0,0.0,MEDIUM,HIGH,MEDIUM,LOW,"Lovely @AmazonHelp and @118706 say my item was delivered today but it's not here. And there's no where to contact Amazon about that in the app or to ""return"" a product you didn't receive. And I need it today!","@778860 Oh no! I'm so sorry about that, Tracy! Try this link: https://t.co/Y4hwXoNXVw for locating your package! If it is still missing, reach out to us here: https://t.co/hApLpMlfHN for assistance with this! Keep us updated! ^FR","CUSTOMER: Lovely @AmazonHelp and @118706 say my item was delivered today but it's not here. And there's no where to contact Amazon about that in the app or to ""return"" a product you didn't receive. And I need it today!
AGENT: @778860 I'm sorry about this experience! Here are some tips that may help find your package: https://t.co/pmKMJfkBoB ^TR
CUSTOMER: @AmazonHelp That link doesn't go to any tips. Just my order page where I can't do anything about the fact my package says it was delivered but wasn't.
AGENT: @778860 Oh no! I'm so sorry about that, Tracy! Try this link: https://t.co/Y4hwXoNXVw for locating your package! If it is still missing, reach out to us here: https://t.co/hApLpMlfHN for assistance with this! Keep us updated! ^FR",4,0.82,HIGH,331365,@AmazonHelp @123967 package says delivered when it was NOT delivered! It's nowhere to be found around my home.,"@194892 I apologize for the missing order, Saz. Let us know if these steps help locate it: https://t.co/QA23rvms6I. ^CS","CUSTOMER: @AmazonHelp @123967 package says delivered when it was NOT delivered! It's nowhere to be found around my home.
AGENT: @194892 I apologize for the missing order, Saz. Let us know if these steps help locate it: https://t.co/QA23rvms6I. ^CS",2,0.475,LOW,1430386,@AmazonHelp It wasn’t delivered yesterday either. I want a refund,"@452181 Please don't provide your order details, we consider it to be personal info. Our page is visible to the public. 2/2^SC","CUSTOMER: @AmazonHelp It wasn’t delivered yesterday either. I want a refund
AGENT: @452181 Sorry to know about the delay with the order. Please share your details here: https://t.co/GIJyeYqKE0 and I'll check this.^KA
CUSTOMER: @115850 my Order# 404-2948333-7387503 was not delivered to me but i got a msg that it was delivered. Plz resolve this asap.
AGENT: @452181 Please don't provide your order details, we consider it to be personal info. Our page is visible to the public. 2/2^SC
AGENT: @452181 Sorry for the mix-up. Please contact us here: https://t.co/rS49hgaADF so that we can assist you accordingly. 1/2 ^SC",5,0.7,MEDIUM,2849025,@AmazonHelp I’ve ordered something from your site it says it was delivered today (Delivered near the front door or porch) but I got home from work and I there’s nothing  here! Not happy at all. @115830,@467167 Oh no! Have you followed the tips shown here: https://t.co/1U6IH2nc8P? ^JO,"CUSTOMER: @AmazonHelp I’ve ordered something from your site it says it was delivered today (Delivered near the front door or porch) but I got home from work and I there’s nothing  here! Not happy at all. @115830
AGENT: @467167 Oh no! Have you followed the tips shown here: https://t.co/1U6IH2nc8P? ^JO
CUSTOMER: @AmazonHelp I live in a block of flats so leaving it next to my front door is a poor choice really, I’ve checked with the people who live either side of me but they both said none of them was home.... but I need this ASAP as they’re Christmas presents so hopefully we can get this resolved.
AGENT: @467167 Sorry about your missing package. Please reach out to us here: https://t.co/JzP7hlA23B for further assistance. ^AP",4,0.88,HIGH,2544939,"@AmazonHelp Still not received it. Had another delivery from you, but not the things that were meant to arrive yesterday","@723385 Thanks for keeping us updated, Michaela! We'd like to look into this in more detail with you. When you have the chance, please reach out to us here: https://t.co/JzP7hlA23B so we can investigate! ^VB","CUSTOMER: @AmazonHelp Still not received it. Had another delivery from you, but not the things that were meant to arrive yesterday
AGENT: @723385 Thanks for keeping us updated, Michaela! We'd like to look into this in more detail with you. When you have the chance, please reach out to us here: https://t.co/JzP7hlA23B so we can investigate! ^VB
CUSTOMER: @AmazonHelp had an email saying I was due a delivery today before 8pm....stayed in all day... Still waiting #pissedoff
AGENT: @723385 Oh no, Michaela! What does tracking currently indicate? Please check here: https://t.co/9CY2oYVmG9 ^BE
CUSTOMER: @AmazonHelp It just says out for delivery before 8pm. I've got a baby I need to get to bed.
AGENT: @723385 Typically, late orders arrive the next day. Please keep us posted, we want to make sure you receive it. ^BH",6,0.595,MEDIUM,0.405,0.12,0.021174609661102295,True,True,True,False,True,False,True,False,True,5.0
45,1666207,NO,delivery,not_received,288033,856563,740437,740437,0.8136932253837585,0.7956592440605164,0.835326075553894,0.835326075553894,0.475,0.865,0.475,0.475,1.0,1.0,1.0,1.0,1.0,0.0,0.0,0.0,LOW,HIGH,LOW,LOW,@AmazonHelp,@144477 We understand you are yet to receive your order. I'm sorry the tracking status was marked as delivered and you have not yet received the product. Let me investigate this further and help assist. Kindly fill in your details here https://t.co/hNzZfZFkiM (1/2) ^VM,"CUSTOMER: @AmazonHelp 
Order not received
Order# 402-8236444-9314749
Status:Delivered yesterday
Courier: Delhivery, Tracking #: 5180792515113
AGENT: @144477 We understand you are yet to receive your order. I'm sorry the tracking status was marked as delivered and you have not yet received the product. Let me investigate this further and help assist. Kindly fill in your details here https://t.co/hNzZfZFkiM (1/2) ^VM
AGENT: @144477 and we'll reach out to you for assistance. Please don't provide your order details, as we consider it to be personal information. Our Twitter page is visible to the public. (2/2) ^VM",3,0.475,LOW,740437,@115850 @AmazonHelp order no- 402-2337212-0485941 is not getting delivered. Courier givin false update evrytime. Want my prod asap.,"@297079 Please don't provide your order details, we consider it personal information. Our Twitter page is visible to public. ^HA","CUSTOMER: @115850 @AmazonHelp order no- 402-2337212-0485941 is not getting delivered. Courier givin false update evrytime. Want my prod asap.
AGENT: @297079 Sorry about the delivery. We'd like to investigate this further, please share your details here: https://t.co/cQVomR1pWz. ^HA
AGENT: @297079 Please don't provide your order details, we consider it personal information. Our Twitter page is visible to public. ^HA",3,0.475,LOW,740437,@115850 @AmazonHelp order no- 402-2337212-0485941 is not getting delivered. Courier givin false update evrytime. Want my prod asap.,"@297079 Please don't provide your order details, we consider it personal information. Our Twitter page is visible to public. ^HA","CUSTOMER: @115850 @AmazonHelp order no- 402-2337212-0485941 is not getting delivered. Courier givin false update evrytime. Want my prod asap.
AGENT: @297079 Sorry about the delivery. We'd like to investigate this further, please share your details here: https://t.co/cQVomR1pWz. ^HA
AGENT: @297079 Please don't provide your order details, we consider it personal information. Our Twitter page is visible to public. ^HA",3,0.475,LOW,856563,"@AmazonHelp @115850 order no: #405-1133031-7441938 &amp;  #405-0704333-9487513 shows delivered on 18 Oct 17, but I haven't received, plz help.",@313959 I'm sorry to know about your order. We've responded to your tweet here: https://t.co/wphEPBc5VL. ^NR,"CUSTOMER: @AmazonHelp @115850 order no: #405-1133031-7441938 &amp;  #405-0704333-9487513 shows delivered on 18 Oct 17, but I haven't received, plz help.
AGENT: @313959 I'm sorry to know about your order. We've responded to your tweet here: https://t.co/wphEPBc5VL. ^NR",2,0.865,HIGH,288033,@115850 @AmazonHelp @115821 Order  #171-8557356-7597938 Not received but showing delivered. Not much help from calls. Plz look into this.,"@184643 I'd like to check this for you and assist. Please write to us here: https://t.co/GIJyeYqKE0, I'll reach out to you. ^SA 1/2","CUSTOMER: @115850 @AmazonHelp @115821 Order  #171-8557356-7597938 Not received but showing delivered. Not much help from calls. Plz look into this.
AGENT: @184643 I'd like to check this for you and assist. Please write to us here: https://t.co/GIJyeYqKE0, I'll reach out to you. ^SA 1/2
AGENT: @184643 Please don’t provide your details as we consider them to be personal information. Our Twitter page is public. ^SA 2/2
CUSTOMER: @AmazonHelp @AmazonHelp @115850  I have already written more than once without much help. Moreover status shows I signed the receipt but I did not.
AGENT: @184643 Apologies for the trouble. I'd like to help. Please share your details here: https://t.co/JzRdscmdH9 I'll look into it. ^AK",5,0.475,LOW,0.39,0.0,0.039666831493377686,False,True,True,False,True,False,False,True,True,5.0
53,352903,YES,product,unknown,1148716,918904,1148716,2281484,0.6257869005203247,0.6396864652633667,0.6257869005203247,0.6451548337936401,0.505,0.79,0.505,0.43,1.0,0.0,1.0,0.0,0.0,0.0,0.0,0.0,MEDIUM,HIGH,MEDIUM,LOW,@AmazonHelp Invoice https://t.co/VIjKF6LK2E,"@199910 That's quite a remark, Venkat. Apologies. Please reply to the email we've sent to your registered email. We'll check your concern and help you further. ^SV","CUSTOMER: @AmazonHelp Invoice https://t.co/VIjKF6LK2E
CUSTOMER: @AmazonHelp Subscription amount https://t.co/XwUdiUKuQb
AGENT: @199910 We have replied to your DM. Please check. ^MJ
CUSTOMER: @AmazonHelp I hope you are referring this DM, but it is not all fruitful for me and in mail also nothing had came. https://t.co/5SdXdh2hjo
CUSTOMER: @AmazonHelp Now simply answer my question why 1 tym amount u ppl chargd, when u send me monthly subscription item. Plz be specific.
AGENT: @199910 That's quite a remark, Venkat. Apologies. Please reply to the email we've sent to your registered email. We'll check your concern and help you further. ^SV
CUSTOMER: @AmazonHelp Sir, how you can send me subscription item on one time purchase rate, after numerous reminders in these 2 days your side response is pathetic. After subscribing, rarely i see the amount of subscribed product you send.
AGENT: @199910 I understand your concern. Could you confirm sharing your details on the link provided earlier? ^JS
CUSTOMER: @AmazonHelp which link? please share link!
AGENT: @199910 Please share your details here: https://t.co/beaaDm0muc and we'll contact you soon.​ ^JS
CUSTOMER: @AmazonHelp contact number 9752092631
AGENT: @199910 We do not have access to your details over social platform. Please use the link given earlier and fill the form. We will check and connect with you accordingly. ^RW
AGENT: @199910 Please don't provide your order details, as we consider it to be personal information. Our Twitter page is public.​ ^RW
CUSTOMER: @AmazonHelp Sir, I had filled the details in your respective link. Please do the needful.
AGENT: @199910 Thank you for sharing your details, we'll get back to you soon. ^SU",15,0.705,MEDIUM,2281484,"@AmazonHelp so not only am I not getting my subscribe and save delivered on time, you also overcharged me!",@117946 We'd like to review the details of the charge and shipment. Please provide the order number and other details: https://t.co/anBnWoGWz7 ^MG,"CUSTOMER: @AmazonHelp so not only am I not getting my subscribe and save delivered on time, you also overcharged me!
AGENT: @117946 We'd like to review the details of the charge and shipment. Please provide the order number and other details: https://t.co/anBnWoGWz7 ^MG",2,0.43,LOW,1148716,@AmazonHelp I would love to be able to manage my Subscribe and Save items but the link takes me to this page every time https://t.co/Y3ILQZMsVo,@390331 Hmmm... Have you tried accessing your Subscribe and Save from another device or another browser? Please give it a try! ^MJ,"CUSTOMER: @AmazonHelp I would love to be able to manage my Subscribe and Save items but the link takes me to this page every time https://t.co/Y3ILQZMsVo
AGENT: @390331 Hmmm... Have you tried accessing your Subscribe and Save from another device or another browser? Please give it a try! ^MJ
CUSTOMER: @AmazonHelp Yes it works on the app and a dif browser, thanks. It is not working in Chrome.",3,0.505,MEDIUM,918904,@115850 @AmazonHelp in trouble plz help need bill for invoice no IGHyd71527819315594 (jay parkash joshi) jan-2017 https://t.co/HF72O7BXTi,@338138 I understand that you need the invoice. Please contact us here: https://t.co/oI4NYvI4WY so that we can help you with this. ^BV,"CUSTOMER: @115850 @AmazonHelp in trouble plz help need bill for invoice no IGHyd71527819315594 (jay parkash joshi) jan-2017 https://t.co/HF72O7BXTi
AGENT: @338138 Also, don’t provide your order details as its personal information. Our Twitter page is visible to public. 2/2 ^RS
AGENT: @338138 Report this to our support team here: https://t.co/vlvfJr4nN9 so we can assist you on this. 1/2 ^RS
CUSTOMER: @AmazonHelp I can't contact with your customer care representatives. Plz send me only my phone invoice to my address so I can repair that
CUSTOMER: @AmazonHelp I need urgent bill copy of that invoice no that's it plz help me m vry tensed it's almost one month completed m in emergency plz
AGENT: @338138 I understand that you need the invoice. Please contact us here: https://t.co/oI4NYvI4WY so that we can help you with this. ^BV
CUSTOMER: @AmazonHelp I forgot my id n Password I just have the invoice nd phone box now tell me how to contact with CUSTOMER representatives
AGENT: @338138 I’m sorry about the hassle regarding invoice. You may get it using this link: https://t.co/vjJ1XVDAVN.  ^SB
CUSTOMER: @AmazonHelp sir I lost my login details I can't login  just have your bill nd mobile cover so tell me how to get duplicate invoice
CUSTOMER: @AmazonHelp I have all the documents that come along with phone box but unfortunately I don't have that invoice nd I pay through debit card
AGENT: @338138 That's inconvenient. Please report this to our support team here: https://t.co/vlvfJr4nN9 for assistance. ^RS",11,0.79,HIGH,1148716,@AmazonHelp I would love to be able to manage my Subscribe and Save items but the link takes me to this page every time https://t.co/Y3ILQZMsVo,@390331 Hmmm... Have you tried accessing your Subscribe and Save from another device or another browser? Please give it a try! ^MJ,"CUSTOMER: @AmazonHelp I would love to be able to manage my Subscribe and Save items but the link takes me to this page every time https://t.co/Y3ILQZMsVo
AGENT: @390331 Hmmm... Have you tried accessing your Subscribe and Save from another device or another browser? Please give it a try! ^MJ
CUSTOMER: @AmazonHelp Yes it works on the app and a dif browser, thanks. It is not working in Chrome.",3,0.505,MEDIUM,0.36000000000000004,0.07500000000000001,0.0054683685302734375,True,True,True,False,True,False,True,False,True,5.0
1,869856,NO,order,unknown,1331852,1331852,1331852,2388925,0.724678099155426,0.724678099155426,0.724678099155426,0.7981820106506348,0.925,0.925,0.925,0.595,1.0,1.0,1.0,0.0,0.0,0.0,0.0,0.0,HIGH,HIGH,HIGH,MEDIUM,@AmazonHelp It's been 5 days. I haven't got my cash back. I purchased prime membership &amp; added money to wallet on same day.,@326542 I'm sorry to know about the delay in cashback. Please reach out to us here: https://t.co/vlvfJr4nN9 we'd like to help. ^SG,"CUSTOMER: @AmazonHelp It's been 5 days. I haven't got my cash back. I purchased prime membership &amp; added money to wallet on same day.
AGENT: @326542 I'm sorry to know about the delay in cashback. Please reach out to us here: https://t.co/vlvfJr4nN9 we'd like to help. ^SG
CUSTOMER: @AmazonHelp You said it will be solved by 28th. Still not solved.
AGENT: @326542 I'm sorry about the delay. Kindly share your details here: https://t.co/GIJyeYqKE0 and I'll look into this. ^SG",4,0.805,HIGH,2388925,"@AmazonHelp I am still waiting on a refund for a prime membership which should have only taken a few days according to the website, any way you could help??","@688276 Hi Katie, Sorry to hear your refund has not been received. Usually refunds take 5 to 7 working days to process with your bank. When were you notified that the refund had been issued? ^BZ","CUSTOMER: @AmazonHelp I am still waiting on a refund for a prime membership which should have only taken a few days according to the website, any way you could help??
AGENT: @688276 Hi Katie, Sorry to hear your refund has not been received. Usually refunds take 5 to 7 working days to process with your bank. When were you notified that the refund had been issued? ^BZ
CUSTOMER: @AmazonHelp It was either the 9th or 10th of November
AGENT: @688276 Hi Katie, your bank will need up to 5 to 7 working days to process the refund. You should see it back in your account by then. Please don't hesitate to contact us if you haven't received it. ^PJ
CUSTOMER: @AmazonHelp Thank you for your help 😊😊",5,0.595,MEDIUM,1331852,Dear @115850 I purchased Amazon Prime Membership on 10th Oct'16 for 01 year. You cheated by extending it a month just to get 999/- #FAIL,@178946 Please write back to the email you received from social media team. We'll check the details and get back to you. ^SQ,"CUSTOMER: Dear @115850 I purchased Amazon Prime Membership on 10th Oct'16 for 01 year. You cheated by extending it a month just to get 999/- #FAIL
AGENT: @178946 I'm sorry about this. We'd like to take a closer look on this. Please share your details here: https://t.co/GIJyeYqKE0. ^VN
CUSTOMER: @AmazonHelp I've filled my complain form and hope you get it done in next few hours and save your own grace and goodwill.
AGENT: @178946 Thanks for submitting your details. Our team will contact you soon with an update. ^GD
CUSTOMER: @AmazonHelp क्यूँ बेवकूफ बना रहे हो भाई? ईमेल पे बोलते हो कि कैंसिल करके दोबारा ले लीजिये, कैंसिल का आप्शन उपलब्ध नहीं है| 1-महीने बढ़ा के दोगुना पैसा !
CUSTOMER: @AmazonHelp amazon... आपकी अपनी चू*या बनाने की दुकान !!
AGENT: @178946 That's quite a remark, Sudeep. We've sent a correspondence to your registered email. Please check your inbox. ^SV
CUSTOMER: @AmazonHelp YES that is...
AGENT: @178946 In this case, for any further assistance please reply to the eamil. We'll check and assist you. ^SV
CUSTOMER: @AmazonHelp NO You are not helping at all. Show some courage
CUSTOMER: @AmazonHelp You guys are faking the HELP part with me.
CUSTOMER: @AmazonHelp I paid for Amazon Prime membership in OCt'16 and should get over by now. You showed its validity till 1st Oct'17 till sep'17, but ...(1/3)
CUSTOMER: @AmazonHelp ..extended it by a month just to fetch ₹999 from me instead of ₹499. In your mail you said that I may cancel and buy again right now,..(2/3)
AGENT: @178946 Please write back to the email you received from social media team. We'll check the details and get back to you. ^SQ
CUSTOMER: @AmazonHelp which the webpage isn't allowing. So, I called your CC and got 40 minutes wasted just now for no resolve. I want it renewed for ₹499 thts it
CUSTOMER: @AmazonHelp Done !! Why don't you dare and make a debate right here though? Am I wrong if I am asking something rightfully mine?
CUSTOMER: @AmazonHelp I am glad that Escalation team agent Shalini understood my concern and resolved it for me. However, this shouldn't be happening to loyalists
AGENT: @178946 We're glad your issue was resolved. I've flagged your experience as feedback to the relevant 1/2 ^EM
AGENT: @178946 team, we'll certainly work on ensuring such instances aren't repeated in the future. 2/2 ^EM",19,0.925,HIGH,1331852,Dear @115850 I purchased Amazon Prime Membership on 10th Oct'16 for 01 year. You cheated by extending it a month just to get 999/- #FAIL,@178946 Please write back to the email you received from social media team. We'll check the details and get back to you. ^SQ,"CUSTOMER: Dear @115850 I purchased Amazon Prime Membership on 10th Oct'16 for 01 year. You cheated by extending it a month just to get 999/- #FAIL
AGENT: @178946 I'm sorry about this. We'd like to take a closer look on this. Please share your details here: https://t.co/GIJyeYqKE0. ^VN
CUSTOMER: @AmazonHelp I've filled my complain form and hope you get it done in next few hours and save your own grace and goodwill.
AGENT: @178946 Thanks for submitting your details. Our team will contact you soon with an update. ^GD
CUSTOMER: @AmazonHelp क्यूँ बेवकूफ बना रहे हो भाई? ईमेल पे बोलते हो कि कैंसिल करके दोबारा ले लीजिये, कैंसिल का आप्शन उपलब्ध नहीं है| 1-महीने बढ़ा के दोगुना पैसा !
CUSTOMER: @AmazonHelp amazon... आपकी अपनी चू*या बनाने की दुकान !!
AGENT: @178946 That's quite a remark, Sudeep. We've sent a correspondence to your registered email. Please check your inbox. ^SV
CUSTOMER: @AmazonHelp YES that is...
AGENT: @178946 In this case, for any further assistance please reply to the eamil. We'll check and assist you. ^SV
CUSTOMER: @AmazonHelp NO You are not helping at all. Show some courage
CUSTOMER: @AmazonHelp You guys are faking the HELP part with me.
CUSTOMER: @AmazonHelp I paid for Amazon Prime membership in OCt'16 and should get over by now. You showed its validity till 1st Oct'17 till sep'17, but ...(1/3)
CUSTOMER: @AmazonHelp ..extended it by a month just to fetch ₹999 from me instead of ₹499. In your mail you said that I may cancel and buy again right now,..(2/3)
AGENT: @178946 Please write back to the email you received from social media team. We'll check the details and get back to you. ^SQ
CUSTOMER: @AmazonHelp which the webpage isn't allowing. So, I called your CC and got 40 minutes wasted just now for no resolve. I want it renewed for ₹499 thts it
CUSTOMER: @AmazonHelp Done !! Why don't you dare and make a debate right here though? Am I wrong if I am asking something rightfully mine?
CUSTOMER: @AmazonHelp I am glad that Escalation team agent Shalini understood my concern and resolved it for me. However, this shouldn't be happening to loyalists
AGENT: @178946 We're glad your issue was resolved. I've flagged your experience as feedback to the relevant 1/2 ^EM
AGENT: @178946 team, we'll certainly work on ensuring such instances aren't repeated in the future. 2/2 ^EM",19,0.925,HIGH,1331852,Dear @115850 I purchased Amazon Prime Membership on 10th Oct'16 for 01 year. You cheated by extending it a month just to get 999/- #FAIL,@178946 Please write back to the email you received from social media team. We'll check the details and get back to you. ^SQ,"CUSTOMER: Dear @115850 I purchased Amazon Prime Membership on 10th Oct'16 for 01 year. You cheated by extending it a month just to get 999/- #FAIL
AGENT: @178946 I'm sorry about this. We'd like to take a closer look on this. Please share your details here: https://t.co/GIJyeYqKE0. ^VN
CUSTOMER: @AmazonHelp I've filled my complain form and hope you get it done in next few hours and save your own grace and goodwill.
AGENT: @178946 Thanks for submitting your details. Our team will contact you soon with an update. ^GD
CUSTOMER: @AmazonHelp क्यूँ बेवकूफ बना रहे हो भाई? ईमेल पे बोलते हो कि कैंसिल करके दोबारा ले लीजिये, कैंसिल का आप्शन उपलब्ध नहीं है| 1-महीने बढ़ा के दोगुना पैसा !
CUSTOMER: @AmazonHelp amazon... आपकी अपनी चू*या बनाने की दुकान !!
AGENT: @178946 That's quite a remark, Sudeep. We've sent a correspondence to your registered email. Please check your inbox. ^SV
CUSTOMER: @AmazonHelp YES that is...
AGENT: @178946 In this case, for any further assistance please reply to the eamil. We'll check and assist you. ^SV
CUSTOMER: @AmazonHelp NO You are not helping at all. Show some courage
CUSTOMER: @AmazonHelp You guys are faking the HELP part with me.
CUSTOMER: @AmazonHelp I paid for Amazon Prime membership in OCt'16 and should get over by now. You showed its validity till 1st Oct'17 till sep'17, but ...(1/3)
CUSTOMER: @AmazonHelp ..extended it by a month just to fetch ₹999 from me instead of ₹499. In your mail you said that I may cancel and buy again right now,..(2/3)
AGENT: @178946 Please write back to the email you received from social media team. We'll check the details and get back to you. ^SQ
CUSTOMER: @AmazonHelp which the webpage isn't allowing. So, I called your CC and got 40 minutes wasted just now for no resolve. I want it renewed for ₹499 thts it
CUSTOMER: @AmazonHelp Done !! Why don't you dare and make a debate right here though? Am I wrong if I am asking something rightfully mine?
CUSTOMER: @AmazonHelp I am glad that Escalation team agent Shalini understood my concern and resolved it for me. However, this shouldn't be happening to loyalists
AGENT: @178946 We're glad your issue was resolved. I've flagged your experience as feedback to the relevant 1/2 ^EM
AGENT: @178946 team, we'll certainly work on ensuring such instances aren't repeated in the future. 2/2 ^EM",19,0.925,HIGH,0.33000000000000007,0.33000000000000007,0.07350391149520874,True,True,False,True,False,False,False,True,False,5.0
19,2385836,NO,delivery,cancelled,1046701,1732580,1638616,1638616,0.7509397268295288,0.7819755673408508,0.7853856086730957,0.7853856086730957,0.52,0.79,0.475,0.475,1.0,1.0,1.0,1.0,1.0,0.0,0.0,0.0,MEDIUM,HIGH,LOW,LOW,Such a ridiculous service by #AmazonIndia.Rescheduled my delivery without informing me.Cancelling my order now.,"@687606 Please accept a sincere apology for the mess. However, once an order is canceled, the same order cannot be delivered. 1/2 ^RS","CUSTOMER: Such a ridiculous service by #AmazonIndia.Rescheduled my delivery without informing me.Cancelling my order now.
AGENT: @687606 We've responded to your DM, please check. ^KA
CUSTOMER: @AmazonHelp I want solution not respond.Try to put some efforts in delivering product not https://t.co/uDcDVyDp0D wasted my 3 days.
AGENT: @687606 Also, I've forwarded your feedback internally to the appropriate team as it helps us improve customer experience. 2/2 ^RS
AGENT: @687606 Please accept a sincere apology for the mess. However, once an order is canceled, the same order cannot be delivered. 1/2 ^RS
CUSTOMER: @AmazonHelp I cancelled the order coz amazon failed to deliver it. Go check your chat section with my ID. I had contacted 3 ppl fro Amazon already.
AGENT: @687606 I'm sorry about your canceled order. We've passed on your feedback to the concerned team internally and they'll check it. ^AU",7,0.72,MEDIUM,1638616,#amazonindia its been 2 day your delivery team keep ignoring my order please help #amazonhelpindia https://t.co/yGK4MU9ZiM,"@501074 I'm sorry for the delay, Harry. Please fill in your details here: https://t.co/GIJyeYqKE0 and we'll get in touch with you ^JC","CUSTOMER: #amazonindia its been 2 day your delivery team keep ignoring my order please help #amazonhelpindia https://t.co/yGK4MU9ZiM
AGENT: @501074 I'm sorry for the delay, Harry. Please fill in your details here: https://t.co/GIJyeYqKE0 and we'll get in touch with you ^JC
CUSTOMER: @AmazonHelp If your guy cant reach ṭo my destination please note my other adress",3,0.475,LOW,1638616,#amazonindia its been 2 day your delivery team keep ignoring my order please help #amazonhelpindia https://t.co/yGK4MU9ZiM,"@501074 I'm sorry for the delay, Harry. Please fill in your details here: https://t.co/GIJyeYqKE0 and we'll get in touch with you ^JC","CUSTOMER: #amazonindia its been 2 day your delivery team keep ignoring my order please help #amazonhelpindia https://t.co/yGK4MU9ZiM
AGENT: @501074 I'm sorry for the delay, Harry. Please fill in your details here: https://t.co/GIJyeYqKE0 and we'll get in touch with you ^JC
CUSTOMER: @AmazonHelp If your guy cant reach ṭo my destination please note my other adress",3,0.475,LOW,1732580,@AmazonHelp your outsourced business process team manning the AMAZON chat is useless and unilaterally closed my chat request without adequate resolution of my order 114-7761640-6439427 mysterious cancellation. HORRENDOUS SERVICE,"@523259 Sorry to hear that, can you get in touch with us here: https://t.co/hApLpMlfHN ^AS","CUSTOMER: @AmazonHelp your outsourced business process team manning the AMAZON chat is useless and unilaterally closed my chat request without adequate resolution of my order 114-7761640-6439427 mysterious cancellation. HORRENDOUS SERVICE
AGENT: @523259 Sorry to hear that, can you get in touch with us here: https://t.co/hApLpMlfHN ^AS",2,0.79,HIGH,1046701,"@AmazonHelp Time to make your delivery executive famous! Absolutely arrogant, rescheduled the delivery without contacting me, cancelled the order when specifically asked to deliver it the next day. Maybe you should do something about this. I want my product delivered today! 😑😤 https://t.co/CBra5CDh63","@342050 I get the concern, however, we'd like to check what went wrong. Please share the details and we'll reach out to you. ^MS","CUSTOMER: @AmazonHelp Time to make your delivery executive famous! Absolutely arrogant, rescheduled the delivery without contacting me, cancelled the order when specifically asked to deliver it the next day. Maybe you should do something about this. I want my product delivered today! 😑😤 https://t.co/CBra5CDh63
AGENT: @342050 We'd like to investigate this, please share your details here: https://t.co/cQVomR1pWz. ^HA
CUSTOMER: @AmazonHelp Check the feedback on the link.
AGENT: @342050 I get the concern, however, we'd like to check what went wrong. Please share the details and we'll reach out to you. ^MS",4,0.52,MEDIUM,0.31500000000000006,0.04500000000000004,0.003410041332244873,False,True,True,False,True,False,False,True,True,5.0
80,1034668,NO,order,unknown,1474046,1117992,1664047,1123369,0.8370682597160339,0.8319846391677856,0.8660773038864136,0.8781250715255737,0.745,0.91,0.58,0.595,1.0,0.5,1.0,0.5,0.0,0.0,0.0,0.0,MEDIUM,HIGH,MEDIUM,MEDIUM,@115850 @AmazonHelp My order Still Not Dispatched yet! I have ordered on 19-10-2017. Kindly look into this! Can you please deliver it fast?,@336034 I understand your concern for the order. We dispatch and deliver the orders as per the provided estimates. 1/2 ^AP,"CUSTOMER: @115850 @AmazonHelp My order Still Not Dispatched yet! I have ordered on 19-10-2017. Kindly look into this! Can you please deliver it fast?
AGENT: @336034 Could you let us know the estimated delivery date for the order? 2/2 ^AP
AGENT: @336034 I understand your concern for the order. We dispatch and deliver the orders as per the provided estimates. 1/2 ^AP
CUSTOMER: @AmazonHelp 26-10-2017
CUSTOMER: @AmazonHelp Kindly check DM
AGENT: @336034 We've responded to your query via DM. Kindly check. ^PS
AGENT: @336034 We've responded to you via DM. Kindly refer. ^EM",7,0.48,LOW,1123369,@AmazonHelp @115850 where is my order ..Very slow delivery service.. disappointed.. Product not delivering on promising date. 230148626392,@384926 I understand your concern for the order delivery. Please fill the form: https://t.co/beaaDm0muc &amp; we'll assist you.(1/2)^SF,"CUSTOMER: @AmazonHelp @115850 where is my order ..Very slow delivery service.. disappointed.. Product not delivering on promising date. 230148626392
AGENT: @384926 Please don't provide order details, we consider it to be personal information. Our page is visible to the public. (2/2)^SF
AGENT: @384926 I understand your concern for the order delivery. Please fill the form: https://t.co/beaaDm0muc &amp; we'll assist you.(1/2)^SF",3,0.595,MEDIUM,1664047,.@AmazonHelp @115850 one.month to the order and still not dispatched ??? Kindly enlighten me @119351 @118702 @15316 https://t.co/POoQb5nFUe,"@119350 If the details are provided from the link provided, you should have received a correspondence here: https://t.co/DTSNmGldJf ^BS","CUSTOMER: .@AmazonHelp @115850 one.month to the order and still not dispatched ??? Kindly enlighten me @119351 @118702 @15316 https://t.co/POoQb5nFUe
AGENT: @119350 I'm sorry for the trail with your concern, if you are allowing us gain access to your account by submitting your details 1/4 ^MJ
AGENT: @119350 here: https://t.co/GIJyeYqKE0 a resolution will be provided accordingly.  2/4 ^MJ
AGENT: @119350 Any unusual stretch will be notified &amp; we can extend our help with your concern 3/4 ^MJ
AGENT: @119350 once we receive your details via secured link. Appreciate your understanding. 4/4 ^MJ
CUSTOMER: @AmazonHelp I

.@115850 I have given u my details twice .. I have even given my order id some 15 days ago.. what should I do more
AGENT: @119350 I'm sorry but as we're on Twitter, we don't have access to your account and won't be able to check it. 1/2 ^AM
AGENT: @119350 Therefore, request you to send your details using the link provided above. 2/2 ^AM
CUSTOMER: @AmazonHelp .@115850 @AmazonHelp ?????????????????????????????????????????????????????????????????????
AGENT: @119350 If the details are provided from the link provided, you should have received a correspondence here: https://t.co/DTSNmGldJf ^BS",10,0.58,MEDIUM,1117992,@115851 @AmazonHelp @115821 Jeff can u please interrupt these guys are not capable of delivering my order even after delay.,@357890 We're following up with your concern here: https://t.co/XzEcv7D44z ^SG,"CUSTOMER: @115851 @AmazonHelp @115821 Jeff can u please interrupt these guys are not capable of delivering my order even after delay.
AGENT: @357890 We're following up with your concern here: https://t.co/XzEcv7D44z ^SG",2,0.91,HIGH,1474046,"@AmazonHelp my order has been stuck in 'not yet dispatched' for the better part of weeks , have contacted by email before to no avail .",@462187 I'm so sorry you've yet to receive your order! Please reach out to us via phone or chat here: https://t.co/JzP7hlA23B ^ZW,"CUSTOMER: @AmazonHelp my order has been stuck in 'not yet dispatched' for the better part of weeks , have contacted by email before to no avail .
AGENT: @462187 I'm so sorry you've yet to receive your order! Please reach out to us via phone or chat here: https://t.co/JzP7hlA23B ^ZW",2,0.745,MEDIUM,0.31500000000000006,0.15000000000000002,0.046140432357788086,True,True,True,False,True,False,False,True,True,5.0
64,462534,YES,unknown,unknown,609435,609435,1378493,1378493,0.5990533232688904,0.5990533232688904,0.6589260101318359,0.6589260101318359,0.715,0.715,0.4,0.4,0.0,0.0,0.0,0.0,0.0,0.0,0.0,0.0,MEDIUM,MEDIUM,LOW,LOW,@115821 I am trying to Livestream from my LG v30 to my new fire stick to play a movie and it is very choppy. I'm using a 5ghz network and it works fine on my Roku.  Any firmware update to fix this?,"@127671 I'm sorry you're encountering issues streaming to your Amazon Fire TV Stick! You can check to see if your software is up to date here: https://t.co/iBz9UXXj6s. Also, for further troubleshooting check out our tips: https://t.co/tFtiSH0xV6 ^AM","CUSTOMER: @115821 I am trying to Livestream from my LG v30 to my new fire stick to play a movie and it is very choppy. I'm using a 5ghz network and it works fine on my Roku.  Any firmware update to fix this?
AGENT: @127671 I'm sorry you're encountering issues streaming to your Amazon Fire TV Stick! You can check to see if your software is up to date here: https://t.co/iBz9UXXj6s. Also, for further troubleshooting check out our tips: https://t.co/tFtiSH0xV6 ^AM
CUSTOMER: @AmazonHelp Thanks! I'll check it out soon
AGENT: @127671 You're welcome! Please let us know if we can be of any further assistance. We're always here to help. ^HC
CUSTOMER: @AmazonHelp It's the newest version",5,0.745,MEDIUM,1378493,"@128308 please assist, my fire stick is not streaming seamlessly despite a strong wifi signal.",@440904 Sorry for the trouble. Kindly report this to our support team here: https://t.co/vlvfJr4nN9 &amp; we'll have this checked soon. ^EM,"CUSTOMER: @128308 please assist, my fire stick is not streaming seamlessly despite a strong wifi signal.
AGENT: @440904 Sorry for the trouble. Kindly report this to our support team here: https://t.co/vlvfJr4nN9 &amp; we'll have this checked soon. ^EM",2,0.4,LOW,1378493,"@128308 please assist, my fire stick is not streaming seamlessly despite a strong wifi signal.",@440904 Sorry for the trouble. Kindly report this to our support team here: https://t.co/vlvfJr4nN9 &amp; we'll have this checked soon. ^EM,"CUSTOMER: @128308 please assist, my fire stick is not streaming seamlessly despite a strong wifi signal.
AGENT: @440904 Sorry for the trouble. Kindly report this to our support team here: https://t.co/vlvfJr4nN9 &amp; we'll have this checked soon. ^EM",2,0.4,LOW,609435,@115830 Why has my Fire TV stick suddenly started to Lag!! This is a solid state piece of kit.  Why update with lag code so it looks like it is slowing down...world's biggest rip off company. #PrepperTalk,@264870 I'm so sorry your Fire TV stick has begun to lag after the update. Reach out to us here; https://t.co/JzP7hlA23B so we can look into this for you.,"CUSTOMER: @115830 Why has my Fire TV stick suddenly started to Lag!! This is a solid state piece of kit.  Why update with lag code so it looks like it is slowing down...world's biggest rip off company. #PrepperTalk
AGENT: @264870 I'm so sorry your Fire TV stick has begun to lag after the update. Reach out to us here; https://t.co/JzP7hlA23B so we can look into this for you.
^AV",2,0.715,MEDIUM,609435,@115830 Why has my Fire TV stick suddenly started to Lag!! This is a solid state piece of kit.  Why update with lag code so it looks like it is slowing down...world's biggest rip off company. #PrepperTalk,@264870 I'm so sorry your Fire TV stick has begun to lag after the update. Reach out to us here; https://t.co/JzP7hlA23B so we can look into this for you.,"CUSTOMER: @115830 Why has my Fire TV stick suddenly started to Lag!! This is a solid state piece of kit.  Why update with lag code so it looks like it is slowing down...world's biggest rip off company. #PrepperTalk
AGENT: @264870 I'm so sorry your Fire TV stick has begun to lag after the update. Reach out to us here; https://t.co/JzP7hlA23B so we can look into this for you.
^AV",2,0.715,MEDIUM,0.31499999999999995,0.31499999999999995,0.05987268686294556,False,True,False,True,False,False,True,False,False,5.0
94,1321660,YES,technical,unknown,132450,132450,2219898,2540323,0.7994969487190247,0.7994969487190247,0.8489336371421814,0.8511195778846741,0.715,0.715,0.4,0.4,1.0,1.0,1.0,0.0,0.0,0.0,0.0,0.0,MEDIUM,MEDIUM,LOW,LOW,"@115850 @121294 I can't find #Amazon prime video app in my LG smart TV, why so? I don't see the app in search list too!😥","@428545 No worries, Janmejoy. You could check the reason and find a work around here in this page: https://t.co/c1lEHJ4yzH ^JC","CUSTOMER: @115850 @121294 I can't find #Amazon prime video app in my LG smart TV, why so? I don't see the app in search list too!😥
AGENT: @428545 No worries, Janmejoy. You could check the reason and find a work around here in this page: https://t.co/c1lEHJ4yzH ^JC
CUSTOMER: @AmazonHelp Thank you! My TV (LG Smart) does support all video formats but can't C d Amazon prime App (unlike #Netflix) @121294 can you pls help?",3,0.655,MEDIUM,2540323,Why cant i able to play any videos on amazon prime on my android smart tv @115821 @119625 @117795,@722373 Sorry about the problem with Prime video streaming on your Android Smart TV. Kindly reach out to our support team here: https://t.co/eSItkOtvNd and we'll get this checked for you. ^PB,"CUSTOMER: Why cant i able to play any videos on amazon prime on my android smart tv @115821 @119625 @117795
AGENT: @722373 Sorry about the problem with Prime video streaming on your Android Smart TV. Kindly reach out to our support team here: https://t.co/eSItkOtvNd and we'll get this checked for you. ^PB",2,0.4,LOW,2219898,@119625 is Amazon Prime App is there for LG TV ??? am unable to find,"@648432 You can watch Prime Video on 2015, 2016 and all latest smart TVs from Samsung, Sony, and LG. We don't have any announcement about Prime Video for other living room devices, but stay tuned. ^MN","CUSTOMER: @119625 is Amazon Prime App is there for LG TV ??? am unable to find
AGENT: @648432 You can watch Prime Video on 2015, 2016 and all latest smart TVs from Samsung, Sony, and LG. We don't have any announcement about Prime Video for other living room devices, but stay tuned. ^MN",2,0.4,LOW,132450,@119625 why can’t I see Amazon Prime Video App in my Sony Bravia with Android TV? It is not pre-installed on the Home screen or Google Play Store,@145880 Kindly contact us here: https://t.co/vlvfJr4nN9 and we'll get this checked for you. ^SY,"CUSTOMER: @119625 why can’t I see Amazon Prime Video App in my Sony Bravia with Android TV? It is not pre-installed on the Home screen or Google Play Store
AGENT: @145880 The Prime Video app is available on 2015, 2016 and all latest smart TVs from Samsung, Sony, and LG. Could you please help us with the model year of your Sony Bravia.
CUSTOMER: @AmazonHelp Sure! It’a a 2016 SONY BRAVIA 55XD8005 in Spain.
AGENT: @145880 Kindly contact us here: https://t.co/vlvfJr4nN9 and we'll get this checked for you. ^SY",4,0.715,MEDIUM,132450,@119625 why can’t I see Amazon Prime Video App in my Sony Bravia with Android TV? It is not pre-installed on the Home screen or Google Play Store,@145880 Kindly contact us here: https://t.co/vlvfJr4nN9 and we'll get this checked for you. ^SY,"CUSTOMER: @119625 why can’t I see Amazon Prime Video App in my Sony Bravia with Android TV? It is not pre-installed on the Home screen or Google Play Store
AGENT: @145880 The Prime Video app is available on 2015, 2016 and all latest smart TVs from Samsung, Sony, and LG. Could you please help us with the model year of your Sony Bravia.
CUSTOMER: @AmazonHelp Sure! It’a a 2016 SONY BRAVIA 55XD8005 in Spain.
AGENT: @145880 Kindly contact us here: https://t.co/vlvfJr4nN9 and we'll get this checked for you. ^SY",4,0.715,MEDIUM,0.31499999999999995,0.31499999999999995,0.051622629165649414,True,True,False,True,False,False,True,False,False,5.0
133,975060,YES,delivery,unknown,1484730,1850950,1484730,497348,0.5695145130157471,0.5749657154083252,0.5695145130157471,0.5930875539779663,0.225,0.715,0.225,0.4,1.0,0.0,1.0,0.0,0.0,0.0,0.0,0.0,LOW,MEDIUM,LOW,LOW,@AmazonHelp @115850  nw i m going2 promote d hashtag called #amazonCheats u hv tkn fight wid wrong media person.. ORM team gona hv bad tym,"@337836 As you've already filled the details, you should've received a correspondence from our team. Kindly check the same. ^AP","CUSTOMER: @AmazonHelp @115850  nw i m going2 promote d hashtag called #amazonCheats u hv tkn fight wid wrong media person.. ORM team gona hv bad tym
AGENT: @337836 That's quite a comment. Could you please tell us what went wrong, and we'll set thing's right. ^RD
CUSTOMER: @AmazonHelp hv alrdy told u guys. chk ur dm, u were supos to cl me to sort this. nw i expect this to b sorted within 2hours, els drgn this2consumr court
CUSTOMER: @AmazonHelp @115821 @115850  ur team isnt efficient...
CUSTOMER: @AmazonHelp @115821 @115850 @118702 @122599 seems better options now.. atlst thy dnt cheat custmr by cling thm prime membrs deservng prime services..
AGENT: @337836 We are awaiting your DM. You may elaborate your concern here for better understanding. ^RW
CUSTOMER: @AmazonHelp kindly chk DM, i hv messged ystdy itself. doing it again
AGENT: @337836 We've sent a correspondence to your registered email ID here: https://t.co/NTkrxpsbHJ. Kindly check. ^PS
CUSTOMER: @AmazonHelp hw mny times i need to do this?? i hv done it ystdy. pls chk befr syng anythg...
AGENT: @337836 As you've already filled the details, you should've received a correspondence from our team. Kindly check the same. ^AP
AGENT: @337836 We're following up with your concern here: https://t.co/gmJFME5n2C please refer. ^AG
CUSTOMER: @AmazonHelp ur mail says nthg bt apolgy.  wt shd i do with it nw? i need solution
AGENT: @337836 We have replied to your DM. ^MJ
CUSTOMER: @AmazonHelp m i hv responded to ur emails. nw if u done plyng reply reply cn u fix the issue.
AGENT: @337836 I'm sorry about the stretch. We're working on this and we'll update you soon. ^AR
CUSTOMER: @AmazonHelp no solution yet, i expected a call frm support team, seems like without a legal case you guyrs arnt gona support. alright. #amazonCheats
AGENT: @337836 We are working on your concern and will ensure to close it at the earliest. Kindly bear with us for a small span of time. ^CB
CUSTOMER: @AmazonHelp if its nt delivered tdy the purpose is lost. wtevr u doing shd fix my issues tdy, as mentioned tmrw is wrkng day n i wont b there at home
AGENT: @337836 and I'm positive your order will be delivered. 2/2^AR
AGENT: @337836 We dispatch to meet the estimated delivery date. Request you to wait until the estimated delivery date 1/2^AR
CUSTOMER: @AmazonHelp if i dnt gt contct details of delivry guy tmrw whn its disptched thn i m gona mk big deal abt this. ensure tht. sml thing kindly do this mch
AGENT: @337836 Appreciate your patience. Do keep us posted. ^RW",22,0.735,MEDIUM,497348,"@AmazonHelp u sucks man ... prime member like faces this sort of service, not done at all .... not buying anything from @AmazonHelp again....",@233686 I'm sorry about the situation with your order. Order cancellations are followed by an email with the reason of cancellation. Kindly check the same here: https://t.co/ubzNHWZvL2 ^RB,"CUSTOMER: @AmazonHelp u sucks man ... prime member like faces this sort of service, not done at all .... not buying anything from @AmazonHelp again....
AGENT: @233686 That's quite a remark. Apologies! Please elaborate your concern for us to assist you better. ^SV
CUSTOMER: @AmazonHelp Ordered an one plus 5t n made payment still they canceled my order.. not done at all ...
AGENT: @233686 I'm sorry about the situation with your order. Order cancellations are followed by an email with the reason of cancellation. Kindly check the same here: https://t.co/ubzNHWZvL2 ^RB",4,0.4,LOW,1484730,@AmazonHelp escalate Order #406-1349414-1642761 on urgent basis. #PRIMECUSTOMER @115851,@137095 personal information. Our Twitter page is public.2/2^AR,"CUSTOMER: @AmazonHelp escalate Order #406-1349414-1642761 on urgent basis. #PRIMECUSTOMER @115851
AGENT: @137095 personal information. Our Twitter page is public.2/2^AR
AGENT: @137095 We've responded to you via DM. Please refer.  Please don’t provide your details as we consider them to be 1/2^AR",3,0.225,LOW,1850950,@115830 Is tis how u treat ya prime membrs? Sadly Unqualified &amp; disrespectful CS agents!Expected beter than tht frm u amazon. #lostBdyGift https://t.co/Onk5NgC1iF,@552503 Please get in touch with us here once more and allow us an opportunity to investigate this for you: https://t.co/JzP7hlA23B ^RL,"CUSTOMER: @115830 Is tis how u treat ya prime membrs? Sadly Unqualified &amp; disrespectful CS agents!Expected beter than tht frm u amazon. #lostBdyGift https://t.co/Onk5NgC1iF
CUSTOMER: @115830 f u keep hiring peoples like tht no1 would want 2b with ya. disgusted da way he made me feel!! ben a customer 4 years. #UnTrainedCustomerSS
AGENT: @552503 I'm sorry to hear of the issue you've encountered. What advice did we offer? ^BM
CUSTOMER: @AmazonHelp ive mailed my story to https://t.co/ttggHEw8YD, the birthday gift was lost &amp; ur agent made me feel shit. ive got a question.
CUSTOMER: @AmazonHelp Do u hire without checkng f thy're properly qualified? Golden is not a name' surely. where re yer agents located? certainly not in the UK !
AGENT: @552503 Please get in touch with us here once more and allow us an opportunity to investigate this for you: https://t.co/JzP7hlA23B ^RL
CUSTOMER: @AmazonHelp ive done tht already.i want u2 check on that agent,thy might destroy sum1 elses day. i bout more thn 3k woth of guds, tht pkg was lost!
AGENT: @552503 I'm afraid we don't have access to account details here on Twitter. ^KM
CUSTOMER: @AmazonHelp well, i ve done my part of reporting a rotten egg in your system, it is now up to you.",9,0.715,MEDIUM,1484730,@AmazonHelp escalate Order #406-1349414-1642761 on urgent basis. #PRIMECUSTOMER @115851,@137095 personal information. Our Twitter page is public.2/2^AR,"CUSTOMER: @AmazonHelp escalate Order #406-1349414-1642761 on urgent basis. #PRIMECUSTOMER @115851
AGENT: @137095 personal information. Our Twitter page is public.2/2^AR
AGENT: @137095 We've responded to you via DM. Please refer.  Please don’t provide your details as we consider them to be 1/2^AR",3,0.225,LOW,0.31499999999999995,-0.17500000000000002,0.018121838569641113,True,True,True,False,True,False,True,False,True,5.0
181,950260,NO,delivery,unknown,2226427,1131260,2364745,2364745,0.7185249328613281,0.7077032327651978,0.7369893789291382,0.7369893789291382,0.745,0.88,0.58,0.58,1.0,0.5,1.0,1.0,0.0,0.0,0.0,0.0,MEDIUM,HIGH,MEDIUM,MEDIUM,@115821 has the worst delivery service. They have contractors that are rude and lazy. Where is the customer service training?,"@345385 This certainly isn't what we like to hear, Liz! We'd like to help. Do you care to tell us more about what happened? HC","CUSTOMER: @115821 has the worst delivery service. They have contractors that are rude and lazy. Where is the customer service training?
AGENT: @345385 This certainly isn't what we like to hear, Liz! We'd like to help. Do you care to tell us more about what happened? HC
CUSTOMER: @AmazonHelp Thank u for getting back to me so quickly. May I send a private message? Long story
AGENT: @345385 We have your DM and we'll be replying shortly. ^EP",4,0.48,LOW,2364745,@115821 has thee worst delivery service in the world. The guys are clueless and packages are almost always never on time 😤,"@682715 I'm sorry for your experience with us today, Jonathan. It's never our intention to cause any frustration, as we strive to get your orders to you by the date promised. Can you tell me the current status that shows here: https://t.co/Y5jpI9gRhE ? Keep us posted! ^FR","CUSTOMER: @115821 has thee worst delivery service in the world. The guys are clueless and packages are almost always never on time 😤
AGENT: @682715 I'm sorry for your experience with us today, Jonathan. It's never our intention to cause any frustration, as we strive to get your orders to you by the date promised. Can you tell me the current status that shows here: https://t.co/Y5jpI9gRhE ? Keep us posted! ^FR",2,0.58,MEDIUM,2364745,@115821 has thee worst delivery service in the world. The guys are clueless and packages are almost always never on time 😤,"@682715 I'm sorry for your experience with us today, Jonathan. It's never our intention to cause any frustration, as we strive to get your orders to you by the date promised. Can you tell me the current status that shows here: https://t.co/Y5jpI9gRhE ? Keep us posted! ^FR","CUSTOMER: @115821 has thee worst delivery service in the world. The guys are clueless and packages are almost always never on time 😤
AGENT: @682715 I'm sorry for your experience with us today, Jonathan. It's never our intention to cause any frustration, as we strive to get your orders to you by the date promised. Can you tell me the current status that shows here: https://t.co/Y5jpI9gRhE ? Keep us posted! ^FR",2,0.58,MEDIUM,1131260,@115821 this has been the order from Hell &amp; you outsource your customer service to people who have not been properly trained. https://t.co/VrfPRXF8gj,"@386599 Hi, sorry to hear that! Has the expected delivery date changed to 25th from the date in your order confirmation email? ^TS","CUSTOMER: @115821 this has been the order from Hell &amp; you outsource your customer service to people who have not been properly trained. https://t.co/VrfPRXF8gj
AGENT: @386599 That doesn't sound good, what happened? ^AS
CUSTOMER: @AmazonHelp I placed my order on the 18th for two day shipping. It was supposed to arrive on the 20th. On the 20th, I checked the order.
CUSTOMER: @AmazonHelp And the delivery date was changed to the 30th! There wasn’t a notification! Nothing. When I spoke to customer service their fix was
CUSTOMER: @AmazonHelp cancel the order and reorder it for pick up at a locker when they couldn’t even find it anymore. It was sold out.
CUSTOMER: @AmazonHelp Then instead of overnighting it they just said once shipped they will isue a refund. It’s shipped now and I was billed twice for this item.
CUSTOMER: @AmazonHelp Now they are saying they will call me on the 25th to see if I have received it then issue a refund.
CUSTOMER: @AmazonHelp There are too many inconsistencies in this situation. Then, Agatha. 😩🤮 The rep that stated that
AGENT: @386599 Hi, sorry to hear that. Is it possible that you are seeing an authorization on your statement: https://t.co/pQGm8ULzth? ^JJ
CUSTOMER: @AmazonHelp she was a manager didn’t use any customer service skills. She was mad bc I was 😤. There was no empathy or anything.
CUSTOMER: @AmazonHelp When I asked what happened and why was my item arriving late? She stated your delivery date is the 25th.
CUSTOMER: @AmazonHelp I told her it was supposed to be the 20th. How is that if I’m a PRIME Member who requested TWO DAY shipping. It’s simple math. 18+2
CUSTOMER: @AmazonHelp And to issue a refund. I didn’t want the money I wanted my product.
AGENT: @386599 Hi, sorry to hear that! Has the expected delivery date changed to 25th from the date in your order confirmation email? ^TS
AGENT: @386599 I completely understand, sorry about that. ^AS
CUSTOMER: @AmazonHelp Why would there be two authorizations? What happened to the first one? Do you think it was removed because there was an issue with my item?
CUSTOMER: @AmazonHelp Yes
CUSTOMER: @AmazonHelp I never received a confirmation email.
AGENT: @386599 Delays are rare, but can occur. If you haven't received your item by the 25th, please reach out to us! ^AC
CUSTOMER: @AmazonHelp Will do. Thank you.",20,0.88,HIGH,2226427,@AmazonHelp @115850 Where can I complain about your delivery agent?,@649920 I understand your concern. Please contact us here: https://t.co/rS49hgaADF so that we can assist you accordingly. ^JS,"CUSTOMER: @AmazonHelp @115850 Where can I complain about your delivery agent?
AGENT: @649920 I understand your concern. Please contact us here: https://t.co/rS49hgaADF so that we can assist you accordingly. ^JS",2,0.745,MEDIUM,0.30000000000000004,0.16500000000000004,0.02928614616394043,False,True,True,False,True,False,False,True,True,5.0
195,505803,NO,unknown,unknown,64065,64065,565848,565848,0.7872188091278076,0.7872188091278076,0.8696237802505493,0.8696237802505493,0.805,0.805,0.505,0.505,0.0,0.0,0.0,0.0,0.0,0.0,0.0,0.0,HIGH,HIGH,MEDIUM,MEDIUM,I just had the worst service with @115821 that I’ve ever had and as an Amazon Prime member it’s sad how rude I was just spoken to. 😕,"@236026 This is not what we expect! Please remember to send your feedback via the e-mail you will receive, it goes to the agent's supervisor. We would also like to help solve your initial issue. Without sharing any account information can you explain a bit further? ^LS","CUSTOMER: I just had the worst service with @115821 that I’ve ever had and as an Amazon Prime member it’s sad how rude I was just spoken to. 😕
AGENT: @236026 This is not what we expect! Please remember to send your feedback via the e-mail you will receive, it goes to the agent's supervisor. We would also like to help solve your initial issue. Without sharing any account information can you explain a bit further? ^LS
CUSTOMER: @AmazonHelp Please DM me if you could! I asked to speak to another associate due to rude service and was told no. Not what I expect as a prime member.
AGENT: @236026 We would love to get more details from you about this unfortunate incident, Mariah, but we are unable to initiate DM's through Twitter. However, we are more than able to respond, so please send us a Direct Message, and we will do everything we can to assist! ^JD
CUSTOMER: @AmazonHelp Just did! Thank you",5,0.405,LOW,565848,@AmazonHelp have to say I just had the worst customer service ever in all my time as a prime member. On chat and on phone. @115851,"@198490 I'm sorry for the poor experience you had when contacting us! That's not the experience we strive to provide! Without posting personal/account details, please tell us more about the issue your experiencing. What options for resolution have we provided so far? ^BN","CUSTOMER: @AmazonHelp have to say I just had the worst customer service ever in all my time as a prime member. On chat and on phone. @115851
AGENT: @198490 I'm sorry for the poor experience you had when contacting us! That's not the experience we strive to provide! Without posting personal/account details, please tell us more about the issue your experiencing. What options for resolution have we provided so far? ^BN
CUSTOMER: @AmazonHelp Can I DM you
AGENT: @198490 You sure. Send us a message any time here: ^GG https://t.co/1XyLaGkcaN
CUSTOMER: @AmazonHelp Just Dm'ed you",5,0.505,MEDIUM,565848,@AmazonHelp have to say I just had the worst customer service ever in all my time as a prime member. On chat and on phone. @115851,"@198490 I'm sorry for the poor experience you had when contacting us! That's not the experience we strive to provide! Without posting personal/account details, please tell us more about the issue your experiencing. What options for resolution have we provided so far? ^BN","CUSTOMER: @AmazonHelp have to say I just had the worst customer service ever in all my time as a prime member. On chat and on phone. @115851
AGENT: @198490 I'm sorry for the poor experience you had when contacting us! That's not the experience we strive to provide! Without posting personal/account details, please tell us more about the issue your experiencing. What options for resolution have we provided so far? ^BN
CUSTOMER: @AmazonHelp Can I DM you
AGENT: @198490 You sure. Send us a message any time here: ^GG https://t.co/1XyLaGkcaN
CUSTOMER: @AmazonHelp Just Dm'ed you",5,0.505,MEDIUM,64065,"@AmazonHelp @115821 your customer service agents try but can’t solve real problems. I have regular issues with Amazon and no one ever does anything different. As a long time prime member, I don’t feel valued at all nor do I get “prime” service. Want someone higher up to hear me.",@130707 Hi Wes. You can get in touch with us and voice your concerns via this link: https://t.co/hApLpMlfHN. ^DC,"CUSTOMER: @AmazonHelp @115821 your customer service agents try but can’t solve real problems. I have regular issues with Amazon and no one ever does anything different. As a long time prime member, I don’t feel valued at all nor do I get “prime” service. Want someone higher up to hear me.
AGENT: @130707 Sorry to hear that. Without giving out personal info please let us know what happened? ^RS
CUSTOMER: @AmazonHelp It’s a looooong story. It just feels like Amazon could be doing simpler things to help Prime members but instead offers things that just add to the frustration. My specific issue tonight won’t fit in 280 characters. If you want to DM or call me I’d love to discuss.
AGENT: @130707 Hi Wes. You can get in touch with us and voice your concerns via this link: https://t.co/hApLpMlfHN. ^DC
CUSTOMER: @AmazonHelp Right. I’ve been through this over and over again via chat and phone customer service agents. Nothing changes and I never have my actual issue solved; which is how Amazon handles problems. That support system isn’t designed to help beyond apologizing and issuing credits.
CUSTOMER: @AmazonHelp Show me someone who can actually help and make a difference. Not someone who tells me they value my feedback and never change anything nor follow up because they can’t or don’t actually care.
AGENT: @130707 I am sorry to hear this Wes. Without giving us sensive account info, please explain the issue to us so we can assist you further.^GA
CUSTOMER: @AmazonHelp Tell you what. It’s 12:15 AM here. I’ve already spent over an hour dealing with agents. I’ll reply back tomorrow with a thread explaining the issues.",8,0.805,HIGH,64065,"@AmazonHelp @115821 your customer service agents try but can’t solve real problems. I have regular issues with Amazon and no one ever does anything different. As a long time prime member, I don’t feel valued at all nor do I get “prime” service. Want someone higher up to hear me.",@130707 Hi Wes. You can get in touch with us and voice your concerns via this link: https://t.co/hApLpMlfHN. ^DC,"CUSTOMER: @AmazonHelp @115821 your customer service agents try but can’t solve real problems. I have regular issues with Amazon and no one ever does anything different. As a long time prime member, I don’t feel valued at all nor do I get “prime” service. Want someone higher up to hear me.
AGENT: @130707 Sorry to hear that. Without giving out personal info please let us know what happened? ^RS
CUSTOMER: @AmazonHelp It’s a looooong story. It just feels like Amazon could be doing simpler things to help Prime members but instead offers things that just add to the frustration. My specific issue tonight won’t fit in 280 characters. If you want to DM or call me I’d love to discuss.
AGENT: @130707 Hi Wes. You can get in touch with us and voice your concerns via this link: https://t.co/hApLpMlfHN. ^DC
CUSTOMER: @AmazonHelp Right. I’ve been through this over and over again via chat and phone customer service agents. Nothing changes and I never have my actual issue solved; which is how Amazon handles problems. That support system isn’t designed to help beyond apologizing and issuing credits.
CUSTOMER: @AmazonHelp Show me someone who can actually help and make a difference. Not someone who tells me they value my feedback and never change anything nor follow up because they can’t or don’t actually care.
AGENT: @130707 I am sorry to hear this Wes. Without giving us sensive account info, please explain the issue to us so we can assist you further.^GA
CUSTOMER: @AmazonHelp Tell you what. It’s 12:15 AM here. I’ve already spent over an hour dealing with agents. I’ll reply back tomorrow with a thread explaining the issues.",8,0.805,HIGH,0.30000000000000004,0.30000000000000004,0.0824049711227417,False,True,False,True,False,False,False,True,False,5.0
191,372168,YES,unknown,unknown,29952,29952,2287875,2287875,0.7283680438995361,0.7283680438995361,0.8154186010360718,0.8154186010360718,0.61,0.61,0.31,0.31,0.0,0.0,0.0,0.0,0.0,0.0,0.0,0.0,MEDIUM,MEDIUM,LOW,LOW,@AmazonHelp Obrigado.,@204171 Olá Anderson! Você pode encontrar todas essas informações no seguinte link: https://t.co/RbSFaR4Ieu ^HC,"CUSTOMER: @AmazonHelp Obrigado.
AGENT: @204171 De nada, estamos para ajudar! ^CR
CUSTOMER: @117086 o Amazon Prime Vídeo é pago? Se sim (o que é óbvio) quanto custa, aproximadamente, e à quais conteúdos se tem acesso ?
AGENT: @204171 Olá Anderson! Você pode encontrar todas essas informações no seguinte link: https://t.co/RbSFaR4Ieu ^HC",4,0.13,LOW,2287875,@AmazonHelp a segunda temporada de O Último Reino já está disponível no Amazon Prime Vídeo para o Brasil? Não encontrei pelo app.,@664706 Pode conferir os títulos disponíveis clicando no seguinte linkhttps://www.primevideo.com/ ^VL,"CUSTOMER: @AmazonHelp a segunda temporada de O Último Reino já está disponível no Amazon Prime Vídeo para o Brasil? Não encontrei pelo app.
AGENT: @664706 Pode conferir os títulos disponíveis clicando no seguinte linkhttps://www.primevideo.com/ ^VL",2,0.31,LOW,2287875,@AmazonHelp a segunda temporada de O Último Reino já está disponível no Amazon Prime Vídeo para o Brasil? Não encontrei pelo app.,@664706 Pode conferir os títulos disponíveis clicando no seguinte linkhttps://www.primevideo.com/ ^VL,"CUSTOMER: @AmazonHelp a segunda temporada de O Último Reino já está disponível no Amazon Prime Vídeo para o Brasil? Não encontrei pelo app.
AGENT: @664706 Pode conferir os títulos disponíveis clicando no seguinte linkhttps://www.primevideo.com/ ^VL",2,0.31,LOW,29952,@116316 wieviele leute können gleichzeitig bei einem amazon prime abo die videos ansehen ?,@122589 Es können zwei Titel gleichzeitig geschaut werden. Aber nicht der gleiche Titel parallel auf zwei Geräten. ^AN,"CUSTOMER: @116316 wieviele leute können gleichzeitig bei einem amazon prime abo die videos ansehen ?
AGENT: @122589 Es können zwei Titel gleichzeitig geschaut werden. Aber nicht der gleiche Titel parallel auf zwei Geräten. ^AN
CUSTOMER: @AmazonHelp thx 👍
AGENT: @122589 Gerne! ^DW",4,0.61,MEDIUM,29952,@116316 wieviele leute können gleichzeitig bei einem amazon prime abo die videos ansehen ?,@122589 Es können zwei Titel gleichzeitig geschaut werden. Aber nicht der gleiche Titel parallel auf zwei Geräten. ^AN,"CUSTOMER: @116316 wieviele leute können gleichzeitig bei einem amazon prime abo die videos ansehen ?
AGENT: @122589 Es können zwei Titel gleichzeitig geschaut werden. Aber nicht der gleiche Titel parallel auf zwei Geräten. ^AN
CUSTOMER: @AmazonHelp thx 👍
AGENT: @122589 Gerne! ^DW",4,0.61,MEDIUM,0.3,0.3,0.08705055713653564,False,True,False,True,False,False,True,False,False,5.0
173,582618,NO,payment,late,1762356,990214,1762356,494937,0.777851939201355,0.7830207943916321,0.777851939201355,0.8064315319061279,0.58,0.79,0.58,0.52,1.0,0.0,1.0,0.0,0.0,0.0,0.0,0.0,MEDIUM,HIGH,MEDIUM,MEDIUM,@115850 @AmazonHelp I paid RS 100/- and RS 999/- for prime. To make sure my package reaches in the shortest period. What I see you have rescheduled my delivery on your own without my confirmation. Kindly deliver my package asap,@257366 I understand that you're excited to get your hands on the new mobile. Please be informed that our team is working on your issue to get it resolved at the earliest. Appreciate your patience. ^GD,"CUSTOMER: @115850 @AmazonHelp I paid RS 100/- and RS 999/- for prime. To make sure my package reaches in the shortest period. What I see you have rescheduled my delivery on your own without my confirmation. Kindly deliver my package asap
AGENT: @257366 I'm sorry to know you're facing issues with the delivery of your order. Please connect with our support team here: https://t.co/vlvfJr4nN9 and we'll help you at the earliest. 1/2 ^HS
AGENT: @257366 Please don't provide your tracking details, we consider it to be personal information. Our page is visible to the public. 2/2 ^HS
CUSTOMER: @AmazonHelp I would be happy if you take some pain and identify what has happened. I have shared the tracking details in DM
CUSTOMER: @AmazonHelp I have DM the details
CUSTOMER: @AmazonHelp Kindly help asap.
AGENT: @257366 We've responded to you over DM kindly check and reply. ^MN
CUSTOMER: @AmazonHelp Kindly check my details and let me know
After paying I shouldn't drop mails to 10 places and follow up.
AGENT: @257366 Kindly share your details here: https://t.co/GIJyeYqKE0 and I'll look into this. ^SG
CUSTOMER: @AmazonHelp Sent
AGENT: @257366 If you've shared your details, we'll connect with you soon. Keep an eye on your mailbox. ^AS
CUSTOMER: @AmazonHelp I have shared the details, I m really upset that I rcd a new message that your delivery is delayed by 4 days. @139570 pls interfere
CUSTOMER: @AmazonHelp Hope you are really concerned about the customer extra payment and his service related issue. If you would have then I would have received the package. But I m regretting a lot why I paid for prime.
AGENT: @257366 Thanks for confirming. We'll reach out to you soon with an update. ^SG
CUSTOMER: @AmazonHelp You can keep saying that
What will I do I can't understand
AGENT: @257366 I understand that you're excited to get your hands on the new mobile. Please be informed that our team is working on your issue to get it resolved at the earliest. Appreciate your patience. ^GD",16,0.42,LOW,494937,@115821 @AmazonHelp shocking service received. Been sent the wrong item &amp; what’s the point of paying for Prime &amp; taking 4 days for delivery.,"@233032 I'm very sorry you received the wrong item, Anjum. When you were in contact with us, what options were provided by our agent for the wrong item? Also, were they able to determine why the order was late? ^TH","CUSTOMER: @115821 @AmazonHelp shocking service received. Been sent the wrong item &amp; what’s the point of paying for Prime &amp; taking 4 days for delivery.
AGENT: @233032 Oh no! This isn't the experience we want for you, Anjum. We'd love to help as much as possible! In regards to getting the wrong item, have you had a chance to reach out to our customer service in order to get that taken care of? Please let us know! ^JD
CUSTOMER: @AmazonHelp Yes I have contacted them. But I needed the item for an elderly person, in light of the current cold weather &amp; now received he wrong item.
CUSTOMER: @AmazonHelp Ordered on Sunday item was eligible for Prime &amp; sold by Amazon. Not happy that it took 4days to arrive What’s the point of paying for Prime?
AGENT: @233032 I'm very sorry you received the wrong item, Anjum. When you were in contact with us, what options were provided by our agent for the wrong item? Also, were they able to determine why the order was late? ^TH
CUSTOMER: @AmazonHelp I have requested a return and explained the reasons. The return has been accepted. When I ordered the item it said it was eligible for Prime
CUSTOMER: @AmazonHelp But took 4 days for delivery.
AGENT: @233032 When you re-ordered the item, were you provided an updated delivery date when it had dispatched? ^WM
CUSTOMER: @AmazonHelp  https://t.co/vtMmUunfb6
AGENT: @233032 Thank you for that information, Anjum! One-Day Shipping refers to the transit time in business days after the item is ready to ship. Some orders may require extra processing time. Please let us know if the item doesn't arrive by December 6th. ^HM
CUSTOMER: @AmazonHelp Unfortunately that’s not good enough. I will have now waited 8 days to receive an item ordered because Amazon delivered the wrong item!",11,0.52,MEDIUM,1762356,"@AmazonHelp Paid for amazon prime, was told my package was going to be delivered at 8pm today and now my account tells me its due on the 9th","@530266 I'm sorry for the frustration! In rare cases, delays can occur. If your item isn't delivered by 21:00 tomorrow, let us know! ^AC","CUSTOMER: @AmazonHelp Paid for amazon prime, was told my package was going to be delivered at 8pm today and now my account tells me its due on the 9th
CUSTOMER: @AmazonHelp considering i pay for the amazon prime service, I am angry with such late notice on the inability to deliver my package. answers please!!!
AGENT: @530266 I'm sorry for the frustration! In rare cases, delays can occur. If your item isn't delivered by 21:00 tomorrow, let us know! ^AC",3,0.58,MEDIUM,990214,@AmazonHelp Yesterday a 3rd delivery in a row didn't arrive on time. Why do i pay for prime delivery? I would like to complain about the poor service and experience,"@148218 By using the link JJ has provided for you, you can email us your complaint. All our agents should be in a position to resolve this for you and provide you with a resolution as well as forward all of your concerns to relevant departments.^MA","CUSTOMER: @AmazonHelp Yesterday a 3rd delivery in a row didn't arrive on time. Why do i pay for prime delivery? I would like to complain about the poor service and experience
AGENT: @148218 Sorry to hear that, please contact us here: https://t.co/JzP7hlA23B so an agent can look into this for you. ^JJ
CUSTOMER: @AmazonHelp No disrespect but the agent will just check the status, which I can do. They won't look to resolve my annoyance at poor service.  I want to log a complaint now, do you have an email address so I can write one?
AGENT: @148218 By using the link JJ has provided for you, you can email us your complaint. All our agents should be in a position to resolve this for you and provide you with a resolution as well as forward all of your concerns to relevant departments.^MA
CUSTOMER: @AmazonHelp They can't resolve your delivery driver not being able to find my address today after I've had so many items delivered before without issue. Offering 1 month free prime isn't going to help somebody who's seriously lost faith in your service.
CUSTOMER: @AmazonHelp after having poor service on my last 2 deliveries (both delayed) and no reply when I tweeted my annoyance, any chance of you sponsoring me if I send you a link to my just giving page? #dontaskdontget #lymphoma",6,0.79,HIGH,1762356,"@AmazonHelp Paid for amazon prime, was told my package was going to be delivered at 8pm today and now my account tells me its due on the 9th","@530266 I'm sorry for the frustration! In rare cases, delays can occur. If your item isn't delivered by 21:00 tomorrow, let us know! ^AC","CUSTOMER: @AmazonHelp Paid for amazon prime, was told my package was going to be delivered at 8pm today and now my account tells me its due on the 9th
CUSTOMER: @AmazonHelp considering i pay for the amazon prime service, I am angry with such late notice on the inability to deliver my package. answers please!!!
AGENT: @530266 I'm sorry for the frustration! In rare cases, delays can occur. If your item isn't delivered by 21:00 tomorrow, let us know! ^AC",3,0.58,MEDIUM,0.27,0.05999999999999994,0.02341073751449585,True,True,True,False,True,False,False,True,True,5.0
175,19440,YES,unknown,unknown,2793127,2793127,2665869,2665869,0.6986547708511353,0.6986547708511353,0.7575497031211853,0.7575497031211853,0.73,0.73,0.475,0.475,0.0,0.0,0.0,0.0,0.0,0.0,0.0,0.0,MEDIUM,MEDIUM,LOW,LOW,@115850 want to be the Amazon retailer of grocery in dehradun . Please help me,@120317 In this case our Seller Support team can help you. You can connect with them here: https://t.co/navhkVs753 . -Bikram,"CUSTOMER: @115850 want to be the Amazon retailer of grocery in dehradun . Please help me
AGENT: @120317 In this case our Seller Support team can help you. You can connect with them here: https://t.co/navhkVs753 . -Bikram
AGENT: @120317 We've responded to your query via DM, please check. ^HA
CUSTOMER: @AmazonHelp Ok thank u
AGENT: @120317 You're welcome, Aleema. Do let us know if you need any further assistance. ^SY
CUSTOMER: @AmazonHelp Ok thank for helping.",6,0.3,LOW,2665869,@115850 how can i open a amazon delivery shop in my area???,@751069 You may reach out to our support team here: https://t.co/vlvfJr4nN9 and they will assist you further. ^NK,"CUSTOMER: @115850 how can i open a amazon delivery shop in my area???
AGENT: @751069 You may reach out to our support team here: https://t.co/vlvfJr4nN9 and they will assist you further. ^NK",2,0.475,LOW,2665869,@115850 how can i open a amazon delivery shop in my area???,@751069 You may reach out to our support team here: https://t.co/vlvfJr4nN9 and they will assist you further. ^NK,"CUSTOMER: @115850 how can i open a amazon delivery shop in my area???
AGENT: @751069 You may reach out to our support team here: https://t.co/vlvfJr4nN9 and they will assist you further. ^NK",2,0.475,LOW,2793127,@115821 @115830 @AmazonHelp Order number: 205-8970008-6516341,"@708435 I'm so sorry for the poor experience! When you last spoke with us, what information or options were provided?  ^AG","CUSTOMER: @115821 @115830 @AmazonHelp Order number: 205-8970008-6516341 
WHERE IS MY REFUND???? 
I have been calling u and emailing you for weeks. Your custmoure Care line don’t know what’s going on! Please sort this out ASAP.... #angery #TuesdayThoughts #Amazon #money #refund #nothappy
AGENT: @708435 I'm so sorry for the poor experience! When you last spoke with us, what information or options were provided?  ^AG
CUSTOMER: @AmazonHelp I got passed round and round in circles with managers! They all don’t know why I have not got my refund. All they know is something has gone wrong. #nothappy #courtorder #poorcustomerservice",3,0.73,MEDIUM,2793127,@115821 @115830 @AmazonHelp Order number: 205-8970008-6516341,"@708435 I'm so sorry for the poor experience! When you last spoke with us, what information or options were provided?  ^AG","CUSTOMER: @115821 @115830 @AmazonHelp Order number: 205-8970008-6516341 
WHERE IS MY REFUND???? 
I have been calling u and emailing you for weeks. Your custmoure Care line don’t know what’s going on! Please sort this out ASAP.... #angery #TuesdayThoughts #Amazon #money #refund #nothappy
AGENT: @708435 I'm so sorry for the poor experience! When you last spoke with us, what information or options were provided?  ^AG
CUSTOMER: @AmazonHelp I got passed round and round in circles with managers! They all don’t know why I have not got my refund. All they know is something has gone wrong. #nothappy #courtorder #poorcustomerservice",3,0.73,MEDIUM,0.255,0.255,0.05889493227005005,False,True,False,True,False,False,True,False,False,5.0
111,1137322,NO,refund,refund,73593,1675529,73593,73593,0.7392042875289917,0.7063379287719727,0.7392042875289917,0.7392042875289917,0.625,0.835,0.625,0.625,1.0,0.5,1.0,1.0,1.0,0.0,1.0,1.0,MEDIUM,HIGH,MEDIUM,MEDIUM,@AmazonHelp No resolution yet! Where is my money? #Amazonfraud,@387909 I'm sorry for the long stretch. Kindly revert to the email sent by the Social Media team &amp; we'll get back with an update. ^EM,"CUSTOMER: @AmazonHelp No resolution yet! Where is my money? #Amazonfraud
AGENT: @387909 I'm sorry to hear you have not received the amount yet. Rest assured, I'm sure our (1/2) ^VM
AGENT: @387909 team would have reverted to your query here: https://t.co/8DAc10S7ww. (2/2) ^VM
CUSTOMER: @AmazonHelp They are saying the same thing from past 2 days that your team is still checking
AGENT: @387909 I'm sorry for the tail with your concern, we are actively working on your issue &amp; we'll get back to you once we have updates. ^MJ
CUSTOMER: @AmazonHelp No resolution yet! #Amazonfraud @115851
AGENT: @387909 I'm sorry for the long stretch. Kindly revert to the email sent by the Social Media team &amp; we'll get back with an update. ^EM
CUSTOMER: @AmazonHelp I've already responded yesterday only
AGENT: @387909 We have received your reply. We are working on it. We’ll get back to you with an update on it. ^SB
CUSTOMER: @AmazonHelp More than 72 hours up and no resolution yet!!
AGENT: @387909 We've sent the correspondence to your registered email ID. Kindly check it here: https://t.co/8DAc10S7ww ^GK
CUSTOMER: @AmazonHelp Same response that we are looking into the issue. Are you going to give my money back or not?
AGENT: @387909 Kindly revert to our email correspondence with further query on this and we'll be happy to take it over from there. ^AB
CUSTOMER: @AmazonHelp Done. Now by when will I get back my money?
AGENT: @387909 Since you've responded to the mail, our team will get back to you with an update shortly. Appreciate your patience. ^EM
CUSTOMER: @AmazonHelp It's been more than 24 hours now. And I haven't got any resolution
AGENT: @387909 Apologies for the stretch, we are working on it. We will get back to you at the earliest. ^AH
CUSTOMER: @AmazonHelp Earliest? When? I want a resolution right now
AGENT: @387909 I'm sorry for the trail with your concern. A correspondence will be sent to your registered email account 1/2 ^MJ
AGENT: @387909 with a resolution in 12 hours post submitting the form here: https://t.co/GIJyeYqKE0 with requested details. 2/2 ^MJ
CUSTOMER: @AmazonHelp I've already submitted this form 20 hours back and you say I'll get resolution within 12 hours of submission of this form!!
AGENT: @387909 Apologies for the stretch. Please be assured that we're on it and we'll get back to you soon with an update. ^SY
CUSTOMER: @AmazonHelp No update yet! This is disgusting from an well known international shopping site
AGENT: @387909 Tejas, we're following up with you via DM, kindly take a look. ^MS
CUSTOMER: @AmazonHelp Haven't received any DM. Stop lying
AGENT: @387909 You can check for our response here: https://t.co/DTSNmGldJf. Hope this helps. ^CB
CUSTOMER: @AmazonHelp I've already replied to your email and no response has been received after that
CUSTOMER: @AmazonHelp Getting same response from you everywhere. 'Please allow us sometime' your standard response for each issue
AGENT: @387909 Request you to check your DM. We've responded to your query there. ^SK
CUSTOMER: @AmazonHelp No DM received
AGENT: @387909 You can check for our response here: https://t.co/UNcnRC59WF .^CB
CUSTOMER: @AmazonHelp Again same thing :( can someone call me from your end
AGENT: @387909 Sorry about the hassle, Tejas. Please revert to the email requesting a callback and our team will assist accordingly. ^MS
CUSTOMER: @AmazonHelp Already sent
AGENT: @387909 Thanks for confirming. We'll check and get in touch with you. ^RI
CUSTOMER: @AmazonHelp When?
CUSTOMER: @AmazonHelp sent dm along with details plz respond asap
AGENT: @387909 I'm sorry about the issue you have with Amazon pay, write to us here: https://t.co/GIJyeYqKE0 &amp; we'll check this for you. ^MJ
CUSTOMER: @AmazonHelp No update yet been more than 2 hours
AGENT: @387909 We're working on the details that you've shared. We'll reach out to you soon. ^SG
CUSTOMER: @AmazonHelp I need to place an order urgently
AGENT: @387909 I understand your concern. We're working on the issue with the details you've provided and will get back to you soon. ^AP
CUSTOMER: @AmazonHelp No update yet
AGENT: @387909 Thank you for your patience, Tejas. We are working on this and will get back to you at the earliest. ^KS",44,0.535,MEDIUM,73593,@AmazonHelp Can you please update the status? When i will be getting my money back?,"@132457 We're sorry to know you haven't received your order yet. Allow us to check this and assist, please reach out to us, here: https://t.co/vlvfJr4nN9. Please don’t provide your details as we consider them to be personal info. Our Twitter page is visible to public. ^YP","CUSTOMER: @AmazonHelp Can you please update the status? When i will be getting my money back?
AGENT: @132457 Usually, the refund is initiated as soon as the product reaches the warehouse. This might take 5 to 10 days. You'll be notified once the refund is processed. Kindly wait till then. ^AU
CUSTOMER: @115850 where is my courier.
Its already paid and not received https://t.co/8rLCuyBYJv
AGENT: @132457 We're sorry to know you haven't received your order yet. Allow us to check this and assist, please reach out to us, here: https://t.co/vlvfJr4nN9. Please don’t provide your details as we consider them to be personal info. Our Twitter page is visible to public. ^YP",4,0.625,MEDIUM,73593,@AmazonHelp Can you please update the status? When i will be getting my money back?,"@132457 We're sorry to know you haven't received your order yet. Allow us to check this and assist, please reach out to us, here: https://t.co/vlvfJr4nN9. Please don’t provide your details as we consider them to be personal info. Our Twitter page is visible to public. ^YP","CUSTOMER: @AmazonHelp Can you please update the status? When i will be getting my money back?
AGENT: @132457 Usually, the refund is initiated as soon as the product reaches the warehouse. This might take 5 to 10 days. You'll be notified once the refund is processed. Kindly wait till then. ^AU
CUSTOMER: @115850 where is my courier.
Its already paid and not received https://t.co/8rLCuyBYJv
AGENT: @132457 We're sorry to know you haven't received your order yet. Allow us to check this and assist, please reach out to us, here: https://t.co/vlvfJr4nN9. Please don’t provide your details as we consider them to be personal info. Our Twitter page is visible to public. ^YP",4,0.625,MEDIUM,1675529,@AmazonHelp what happened? You don't have any answer ? Why you are not returning my money? It's more than 12 hours!,"@164808 As informed, we're looking into it and we'll get back on this soon. Appreciate your understanding. ^BS","CUSTOMER: @AmazonHelp what happened? You don't have any answer ? Why you are not returning my money? It's more than 12 hours!
AGENT: @164808 My apologies for the delay in the refund, Anjani. We will get back to you soon with an update on the order. ^KS
CUSTOMER: @AmazonHelp You go to hell u fraud! You have looted my money ! And now u r trying to pretend innocent!
CUSTOMER: @AmazonHelp You better refund my money immediately ! You shameless idiot !
CUSTOMER: @AmazonHelp Why u are giving silly excuses?
AGENT: @164808 As informed, we're looking into it and we'll get back on this soon. Appreciate your understanding. ^BS",6,0.835,HIGH,73593,@AmazonHelp Can you please update the status? When i will be getting my money back?,"@132457 We're sorry to know you haven't received your order yet. Allow us to check this and assist, please reach out to us, here: https://t.co/vlvfJr4nN9. Please don’t provide your details as we consider them to be personal info. Our Twitter page is visible to public. ^YP","CUSTOMER: @AmazonHelp Can you please update the status? When i will be getting my money back?
AGENT: @132457 Usually, the refund is initiated as soon as the product reaches the warehouse. This might take 5 to 10 days. You'll be notified once the refund is processed. Kindly wait till then. ^AU
CUSTOMER: @115850 where is my courier.
Its already paid and not received https://t.co/8rLCuyBYJv
AGENT: @132457 We're sorry to know you haven't received your order yet. Allow us to check this and assist, please reach out to us, here: https://t.co/vlvfJr4nN9. Please don’t provide your details as we consider them to be personal info. Our Twitter page is visible to public. ^YP",4,0.625,MEDIUM,0.20999999999999996,0.0,0.03286635875701904,False,True,True,False,True,False,False,True,True,5.0
172,1737617,NO,payment,unknown,283535,965259,283535,283535,0.7668818235397339,0.715643048286438,0.7668818235397339,0.7668818235397339,0.835,0.955,0.835,0.835,1.0,0.0,1.0,1.0,0.0,0.0,0.0,0.0,HIGH,HIGH,HIGH,HIGH,@115850 This is strange case of myself receiving a message saying a transaction has been done on AmazonPrime Mem. for an amount of 10.99$,@201488 Sorry for the unexpected charge! Do you have an https://t.co/nUUp5MLhYl account? Please let us know! ^AB,"CUSTOMER: @115850 This is strange case of myself receiving a message saying a transaction has been done on AmazonPrime Mem. for an amount of 10.99$
AGENT: @201488 Sorry for the unexpected charge! Do you have an https://t.co/nUUp5MLhYl account? Please let us know! ^AB
CUSTOMER: @AmazonHelp Shared my details via DM.
AGENT: @201488 We have responded to your query over DM. Kindly check. ^SY
CUSTOMER: @AmazonHelp I can't see the response.
AGENT: @201488 We have responded to your query over DM. I request you to kindly check once again. ^SY",6,0.345,LOW,283535,@115850 @AmazonHelp I have never performed this amazon prime member transaction .. Already complained in the customer service but no reply https://t.co/el9v6w9Jwq,@183546 We would like to help you. Please share your details with us here: https://t.co/GIJyeYqKE0. We'll get in touch shortly. ^CB,"CUSTOMER: @115850 @AmazonHelp I have never performed this amazon prime member transaction .. Already complained in the customer service but no reply https://t.co/el9v6w9Jwq
AGENT: @183546 Looks like this charge is from https://t.co/nUUp5MLhYl, one of our partner website who works independently. (1/2 ) ^CB
CUSTOMER: @AmazonHelp Whoever it is it's amazon only....do check pls becoz my credit card details were there in amazon.in account
AGENT: @183546 You can report this to their support team directly here: https://t.co/O1IhqmoJ8o (2/2) ^CB
CUSTOMER: @AmazonHelp @115821 pls see this issue and solve it as soon as possible....
CUSTOMER: @AmazonHelp Sir I have already reported but not getting any reply ...I request u to forward this and solve it as soon as possible @115821
AGENT: @183546 Rest assured our https://t.co/hSs9w8Xq15 team will revert to you. Do keep us posted. ^SG
CUSTOMER: @AmazonHelp Waiting for ur reply thanks
AGENT: @183546 As informed earlier request you to contact us using the link provided earlier.^VH
AGENT: @183546 Appreciate your understanding with us. We'll get in touch with shortly. ^RB
CUSTOMER: @AmazonHelp I have already informed to customer care centre 1 week before...still no reply from there @AmazonHelp
CUSTOMER: @AmazonHelp Pls return my money as soon as possible else I am going to lodge an FIR against amazon .... @115821 @AmazonHelp
CUSTOMER: @AmazonHelp U people misused my card
AGENT: @183546 As informed earlier, request you to contact us using the link provided earlier. We'll help. ^SC
CUSTOMER: @AmazonHelp I have already contacted yr....are u crazy or what....I got no reply from there that's y I came to twitter
AGENT: @183546 We would like to help you. Please share your details with us here: https://t.co/GIJyeYqKE0. We'll get in touch shortly. ^CB
AGENT: @183546 You may contact them via chat for immediate assistance. ^SG
CUSTOMER: @AmazonHelp Getting no reply still from them
AGENT: @183546 Kindly share the details as asked here: https://t.co/8pqLTA0qAh ^SG",19,0.835,HIGH,283535,@115850 @AmazonHelp I have never performed this amazon prime member transaction .. Already complained in the customer service but no reply https://t.co/el9v6w9Jwq,@183546 We would like to help you. Please share your details with us here: https://t.co/GIJyeYqKE0. We'll get in touch shortly. ^CB,"CUSTOMER: @115850 @AmazonHelp I have never performed this amazon prime member transaction .. Already complained in the customer service but no reply https://t.co/el9v6w9Jwq
AGENT: @183546 Looks like this charge is from https://t.co/nUUp5MLhYl, one of our partner website who works independently. (1/2 ) ^CB
CUSTOMER: @AmazonHelp Whoever it is it's amazon only....do check pls becoz my credit card details were there in amazon.in account
AGENT: @183546 You can report this to their support team directly here: https://t.co/O1IhqmoJ8o (2/2) ^CB
CUSTOMER: @AmazonHelp @115821 pls see this issue and solve it as soon as possible....
CUSTOMER: @AmazonHelp Sir I have already reported but not getting any reply ...I request u to forward this and solve it as soon as possible @115821
AGENT: @183546 Rest assured our https://t.co/hSs9w8Xq15 team will revert to you. Do keep us posted. ^SG
CUSTOMER: @AmazonHelp Waiting for ur reply thanks
AGENT: @183546 As informed earlier request you to contact us using the link provided earlier.^VH
AGENT: @183546 Appreciate your understanding with us. We'll get in touch with shortly. ^RB
CUSTOMER: @AmazonHelp I have already informed to customer care centre 1 week before...still no reply from there @AmazonHelp
CUSTOMER: @AmazonHelp Pls return my money as soon as possible else I am going to lodge an FIR against amazon .... @115821 @AmazonHelp
CUSTOMER: @AmazonHelp U people misused my card
AGENT: @183546 As informed earlier, request you to contact us using the link provided earlier. We'll help. ^SC
CUSTOMER: @AmazonHelp I have already contacted yr....are u crazy or what....I got no reply from there that's y I came to twitter
AGENT: @183546 We would like to help you. Please share your details with us here: https://t.co/GIJyeYqKE0. We'll get in touch shortly. ^CB
AGENT: @183546 You may contact them via chat for immediate assistance. ^SG
CUSTOMER: @AmazonHelp Getting no reply still from them
AGENT: @183546 Kindly share the details as asked here: https://t.co/8pqLTA0qAh ^SG",19,0.835,HIGH,965259,"@115850 @AmazonHelp disapointed with very 1st delivery under prime membrship. Courier denied delvry, didn't call me.",@349046 Glad to know that the query has been resolved. I'll be sure to pass on your feedback to our specialist team internally.^AK,"CUSTOMER: @115850 @AmazonHelp disapointed with very 1st delivery under prime membrship. Courier denied delvry, didn't call me.
AGENT: @349046 Sorry to know about the delivery issue. Please share your details here: https://t.co/GIJyeYqKE0 and we'll reach out. ^KA
CUSTOMER: @AmazonHelp Thank you the issue has been addressed by your support associate. But pls fix these courier agencies.
AGENT: @349046 Glad to know that the query has been resolved. I'll be sure to pass on your feedback to our specialist team internally.^AK
CUSTOMER: @AmazonHelp Hey @115850 @AmazonHelp your associate couldn't get it delivered even after commitments. Let down by @AmazonHelp @115850 https://t.co/M9ubKE4FLK
CUSTOMER: @AmazonHelp  https://t.co/zSkXu1lHiK
AGENT: @349046 Sorry to know about the delivery issue. Please share your details here: https://t.co/GIJyeYqKE0  and we'll reach out. ^RW
AGENT: @349046 Please don't provide your order details, as we consider it to be personal information. Our Twitter page is public.​ ^RW
CUSTOMER: @115850 @AmazonHelp I have already called your associate @115850 @AmazonHelp but there doesn't seem to show any progress
AGENT: @349046 Sorry for the delivery issue. We can't gain access to your account details via Twitter. Please share your details in 1/2^KA
AGENT: @349046 the link provided above and only then we'll be able to check the issue and assist you. 2/2 ^KA
CUSTOMER: @AmazonHelp @AmazonHelp @115850  just tell me how to cancel prime subscription. Your services are becoming pathetic. Should consider @118702 instead
AGENT: @349046 Have you shared the details as requested above? ^HA
CUSTOMER: @AmazonHelp @AmazonHelp I have shared the detail long ago right on the first msg of yours.
CUSTOMER: @AmazonHelp @AmazonHelp @115850 since there wasn't any positive response for your side since 2 days, Ive finally requested to cancel the prime
CUSTOMER: @AmazonHelp Should never recommend @115850 to any of my friends either @AmazonHelp does serve t purpose of resolving customer queries.
CUSTOMER: @AmazonHelp All calls and chats with @AmazonHelp goes in vain. Couldn't resolve a courier issue. Really shameful for @115850
AGENT: @349046 We've received your details and shall reach out to you with an update soon. ^GS",18,0.955,HIGH,283535,@115850 @AmazonHelp I have never performed this amazon prime member transaction .. Already complained in the customer service but no reply https://t.co/el9v6w9Jwq,@183546 We would like to help you. Please share your details with us here: https://t.co/GIJyeYqKE0. We'll get in touch shortly. ^CB,"CUSTOMER: @115850 @AmazonHelp I have never performed this amazon prime member transaction .. Already complained in the customer service but no reply https://t.co/el9v6w9Jwq
AGENT: @183546 Looks like this charge is from https://t.co/nUUp5MLhYl, one of our partner website who works independently. (1/2 ) ^CB
CUSTOMER: @AmazonHelp Whoever it is it's amazon only....do check pls becoz my credit card details were there in amazon.in account
AGENT: @183546 You can report this to their support team directly here: https://t.co/O1IhqmoJ8o (2/2) ^CB
CUSTOMER: @AmazonHelp @115821 pls see this issue and solve it as soon as possible....
CUSTOMER: @AmazonHelp Sir I have already reported but not getting any reply ...I request u to forward this and solve it as soon as possible @115821
AGENT: @183546 Rest assured our https://t.co/hSs9w8Xq15 team will revert to you. Do keep us posted. ^SG
CUSTOMER: @AmazonHelp Waiting for ur reply thanks
AGENT: @183546 As informed earlier request you to contact us using the link provided earlier.^VH
AGENT: @183546 Appreciate your understanding with us. We'll get in touch with shortly. ^RB
CUSTOMER: @AmazonHelp I have already informed to customer care centre 1 week before...still no reply from there @AmazonHelp
CUSTOMER: @AmazonHelp Pls return my money as soon as possible else I am going to lodge an FIR against amazon .... @115821 @AmazonHelp
CUSTOMER: @AmazonHelp U people misused my card
AGENT: @183546 As informed earlier, request you to contact us using the link provided earlier. We'll help. ^SC
CUSTOMER: @AmazonHelp I have already contacted yr....are u crazy or what....I got no reply from there that's y I came to twitter
AGENT: @183546 We would like to help you. Please share your details with us here: https://t.co/GIJyeYqKE0. We'll get in touch shortly. ^CB
AGENT: @183546 You may contact them via chat for immediate assistance. ^SG
CUSTOMER: @AmazonHelp Getting no reply still from them
AGENT: @183546 Kindly share the details as asked here: https://t.co/8pqLTA0qAh ^SG",19,0.835,HIGH,0.12,0.0,0.0512387752532959,False,True,True,False,True,False,False,True,True,5.0
156,2724491,NO,delivery,unknown,2265624,2212191,2555166,2614038,0.7620019912719727,0.7619928121566772,0.7837181687355042,0.7912502288818359,0.82,0.91,0.52,0.82,1.0,0.0,1.0,0.5,0.0,0.0,0.0,0.0,HIGH,HIGH,MEDIUM,HIGH,"@115850 has lost its credibility to provide the product in time. Third time it has happened with me. 3 calls, 3 DMs, 1 mail and still you are contacting your courier team. #Noresponsibility #BadExperience #GiftNotDelivered @AmazonHelp","@632916 My apologies for the experience you've had, Gaurav. We certainly did never wanted you to face such trouble. We will have this checked further. Please let us know if you've filled in your details via the link provided to you over the DM. ^KS","CUSTOMER: @115850 has lost its credibility to provide the product in time. Third time it has happened with me. 3 calls, 3 DMs, 1 mail and still you are contacting your courier team. #Noresponsibility #BadExperience #GiftNotDelivered @AmazonHelp
AGENT: @632916 My apologies for the experience you've had, Gaurav. We certainly did never wanted you to face such trouble. We will have this checked further. Please let us know if you've filled in your details via the link provided to you over the DM. ^KS
CUSTOMER: @AmazonHelp yes,  tracking ID is 967100274680 and Order Id: 404-2150215-3849126",3,0.3,LOW,2614038,@115851 I have placed the order and not received it. Order received by Amazon warehouse in the city on Wednesday on 15th Nov 2017 and after speaking to escalation team also there was no help from the team. Amazon has hopeless courier services. Order # 405-0164808-5061168 https://t.co/O1J2lZzicr,@738980 I'm sorry about the delay. Kindly share your details here: https://t.co/GIJyeYqKE0 and I'll look into this. Please don’t provide your order details as we consider them to be personal info. Our page is visible to public. ^SG,"CUSTOMER: @115851 I have placed the order and not received it. Order received by Amazon warehouse in the city on Wednesday on 15th Nov 2017 and after speaking to escalation team also there was no help from the team. Amazon has hopeless courier services. Order # 405-0164808-5061168 https://t.co/O1J2lZzicr
AGENT: @738980 I'm sorry about the delay. Kindly share your details here: https://t.co/GIJyeYqKE0 and I'll look into this. Please don’t provide your order details as we consider them to be personal info. Our page is visible to public. ^SG",2,0.82,HIGH,2555166,@115850 Your service and your courier partner are disgusting and your customer care executives are lairs. The product wasnt delivered despite promises and a SMS was sent saying I couldnt be contacted,@725587 I'm sorry for the inconvenience regarding the delivery of your order. Please fill out this form: https://t.co/GIJyeYqKE0 and we'll look into this for you. ^AM,"CUSTOMER: @115850 Your service and your courier partner are disgusting and your customer care executives are lairs. The product wasnt delivered despite promises and a SMS was sent saying I couldnt be contacted
AGENT: @725587 I'm sorry for the inconvenience regarding the delivery of your order. Please fill out this form: https://t.co/GIJyeYqKE0 and we'll look into this for you. ^AM",2,0.52,MEDIUM,2212191,@115850 @AmazonHelp Could you pls tell me what's happening with this order. Was told order has been sent again. Then get refund mail. Horrible service really. I regret the fact that I ever chose Amazon to send a gift to someone.,@388619 I'm sorry about the delay. We do realize the importance of the order. We've sent the correspondence to your registered email ID. Kindly check it here: https://t.co/8DAc10S7ww and write back to the email. We will reach out to you. ^GK,"CUSTOMER: @115850 @AmazonHelp Could you pls tell me what's happening with this order. Was told order has been sent again. Then get refund mail. Horrible service really. I regret the fact that I ever chose Amazon to send a gift to someone.
https://t.co/ugyZvKDzmc
AGENT: @388619 I'm sorry about the delay. We do realize the importance of the order. We've sent the correspondence to your registered email ID. Kindly check it here: https://t.co/8DAc10S7ww and write back to the email. We will reach out to you. ^GK",2,0.91,HIGH,2265624,"@115850 None of the items of Order Id: 402-0912271-1360330 have been delivered however, your system shows that the order has been delivered to customer please track this order and update the correct status.",@659481 Please connect with our support team through the link provided earlier and we'll look into the issue. ^SH,"CUSTOMER: @115850 None of the items of Order Id: 402-0912271-1360330 have been delivered however, your system shows that the order has been delivered to customer please track this order and update the correct status.
AGENT: @659481 provide your details as we consider them to be personal information. Our Twitter page is public. 2/2 ^SH
CUSTOMER: @AmazonHelp This is happening for the second time. The contact details provided of the delivery agent is ""either switched off or is not reachable""
AGENT: @659481 Please connect with our support team through the link provided earlier and we'll look into the issue. ^SH
CUSTOMER: @AmazonHelp Thanks, I have sent the email",5,0.82,HIGH,0.09000000000000008,0.0,0.02925741672515869,True,True,True,False,False,True,False,True,True,5.0
120,695119,NO,delivery,unknown,1580376,2283962,2405171,322986,0.7508894205093384,0.7661446928977966,0.7570277452468872,0.7677149772644043,0.835,0.835,0.52,0.79,1.0,0.0,1.0,0.0,0.0,0.0,0.0,0.0,HIGH,HIGH,MEDIUM,HIGH,@AmazonHelp you guaranteed one day delivery and now my items might take 4 days? I bought extra items just to hit the $35 limit. You guys are snakes.,@285785 I'm sorry for the delay! Please reach out to us via phone/chat here: https://t.co/hApLpMlfHN for real-time assistance with this. ^TK,"CUSTOMER: @AmazonHelp you guaranteed one day delivery and now my items might take 4 days? I bought extra items just to hit the $35 limit. You guys are snakes.
AGENT: @285785 I'm sorry for the wait. What is the delivery date listed within your order confirmation e-mail? ^GR
CUSTOMER: @AmazonHelp November 22
AGENT: @285785 Thanks for that! What is the status showing for your order? Order status can be located here: https://t.co/Y5jpI9gRhE ^TE
CUSTOMER: @AmazonHelp I don’t need an order status, I want something from you guys. My order status says it might not get here til Sunday now. That’s absurd
AGENT: @285785 I'm sorry for the delay! Please reach out to us via phone/chat here: https://t.co/hApLpMlfHN for real-time assistance with this. ^TK",6,0.79,HIGH,322986,@AmazonHelp I paid extra for 1 day shipping so my package would arrive when needed. Now it may not arrive for 4 more days. What the heck!,"@192931 I'm sorry Jessica, please contact us here for help:  https://t.co/hApLpMlfHN ^AT","CUSTOMER: @AmazonHelp I paid extra for 1 day shipping so my package would arrive when needed. Now it may not arrive for 4 more days. What the heck!
AGENT: @192931 I'm sorry Jessica, please contact us here for help:  https://t.co/hApLpMlfHN ^AT",2,0.79,HIGH,2405171,"@AmazonHelp for first time amazon failed to satisfy me! My items should be delivery within 5-8 days, now 7 days you didn’t even ship them!!!",@691793 Shipping speeds refer to an item's transit time after dispatch. We still expect your order to arrive by the 17th at the latest. Please keep us posted on your delivery. ^AD,"CUSTOMER: @AmazonHelp for first time amazon failed to satisfy me! My items should be delivery within 5-8 days, now 7 days you didn’t even ship them!!!
AGENT: @691793 Hi there!  I am sorry that your order has not shipped yet.  We'd love to help! 
 Which Amazon site did you use to place the order? For example: https://t.co/nUUp5MLhYl, https://t.co/ykTUEmdsQA, Amazon.ca? ^SP
CUSTOMER: @AmazonHelp I’m old customer:)
Always using https://t.co/wgfL6JPtqW
AGENT: @691793 Thanks for that information! Have we missed the delivery date provided in your order confirmation e-mail? Let us know so we can further assist! ^MT
CUSTOMER: @AmazonHelp Hmmm, i re-check now and found 13-17 Nov, but while I’m placing order it gave me 5-8 days! You cheated me 😱 unfortunately this thing unbelievable from amazon 🙁
AGENT: @691793 Shipping speeds refer to an item's transit time after dispatch. We still expect your order to arrive by the 17th at the latest. Please keep us posted on your delivery. ^AD",6,0.52,MEDIUM,2283962,"oi @AmazonHelp I ordered something yesterday and paid for the one day delivery option, and its not arrived today and it says it won't arrive till Monday!? Yeah, I'm not happy with that.","@565628 Give us a call, Lloyd, and we'll get this taken care of for you. You can click the link here to contact us:  https://t.co/JzP7hlA23B ^EM","CUSTOMER: oi @AmazonHelp I ordered something yesterday and paid for the one day delivery option, and its not arrived today and it says it won't arrive till Monday!? Yeah, I'm not happy with that.
AGENT: @565628 I'm so sorry about the delay! We aim to deliver by the date given in your order confirmation e-mail. Have we missed that date? ^TK
CUSTOMER: @AmazonHelp Thanks for responding. I don't seem to have any order confirmation emails, only 'dispatch confirmation' emails. Both say Monday, but when I check for what I paid for, I paid for 1 day delivery and that has been missed. I'd like the P&amp;P refunded please.
AGENT: @565628 Give us a call, Lloyd, and we'll get this taken care of for you. You can click the link here to contact us:  https://t.co/JzP7hlA23B ^EM
CUSTOMER: @AmazonHelp Thank you for the help, the issue is now 'sorted' as best as it can be. It will make me think twice about paying extra for delivery in future, but I can't fault customer service support in any way though.
AGENT: @565628 I understand, Lloyd. You are very welcome! Please let us know if thre's anything else at all we could assist with! ^SD",6,0.835,HIGH,1580376,"@AmazonHelp so, wait in all day for an item that's guaranteed delivery and it doesn't arrive. Thanks a lot! #wastedday","@486602 I'm sorry for the frustration! If your item doesn't arrive by 21:00, please contact us here: https://t.co/qy3J24VGxb ^AC","CUSTOMER: @AmazonHelp so, wait in all day for an item that's guaranteed delivery and it doesn't arrive. Thanks a lot! #wastedday
AGENT: @486602 I'm sorry for the frustration! If your item doesn't arrive by 21:00, please contact us here: https://t.co/qy3J24VGxb ^AC
CUSTOMER: @AmazonHelp Absolute joke. Get a message to say it will be with me by Wednesday! How can that be when it was guaranteed next day delivery?
CUSTOMER: @AmazonHelp Thanks for the non reply. About as good as your delivery service. Bought the game the game in @Morrisons  now for £4 less than you charge.",4,0.835,HIGH,0.04499999999999993,0.04499999999999993,0.001570284366607666,True,True,True,False,False,True,False,True,True,5.0
57,170894,NO,technical,unknown,1251964,169614,2297448,169614,0.7089126110076904,0.7708735466003418,0.7569295167922974,0.7708735466003418,0.745,0.76,0.445,0.76,1.0,0.0,1.0,0.0,0.0,0.0,0.0,0.0,MEDIUM,HIGH,LOW,HIGH,"@115830 Can someone please DM me about your shocking customer service and crap Black Friday ordering.  You’re on a par with @252 right now, and the whole world knows how shit they are! 🤬😠😤","@155855 Understood. Without posting account or order details, can you please tell us about the initial issue you were trying to get resolved when you contacted us? https://t.co/1XyLaGkcaN","CUSTOMER: @115830 Can someone please DM me about your shocking customer service and crap Black Friday ordering.  You’re on a par with @252 right now, and the whole world knows how shit they are! 🤬😠😤
AGENT: @155855 We'd like to help! Please use the link below to DM with us. As a reminder we don't have access to your Amazon account; please refrain from providing personal or account details.  ^AG https://t.co/1XyLaGkcaN
CUSTOMER: @AmazonHelp Are you able to trace online chats or do I need to screenshot what is happening ? I am beyond fed up with the *help* I’ve got tonight! 😤
AGENT: @155855 For security, we are unable to view customer account details on Twitter. However, our chats are recorded. Please let us know what's going on. ^BH
CUSTOMER: @AmazonHelp It is far too long winded to discuss on Twitter. I have got nowhere with live chat. Am fed up with the way I’ve been treated by your customer services tonight 😩😤 What do I do now?
AGENT: @155855 Understood. Without posting account or order details, can you please tell us about the initial issue you were trying to get resolved when you contacted us? https://t.co/1XyLaGkcaN",6,0.345,LOW,169614,@115830 @AmazonHelp Live Chat has to be the worst customer service I have ever received! Item hasn’t turned up after weeks now they have refunded the wrong amount! Seriously!? 🙈🙈🙈,"@155499 I'm sorry for the frustration! Our team is happy to take a closer look at this for you and make sure your feedback on this poor experience has been escalated. When you have a moment, please send us your info via this link: https://t.co/Q3Xla0PY2t ^JR","CUSTOMER: @115830 @AmazonHelp Live Chat has to be the worst customer service I have ever received! Item hasn’t turned up after weeks now they have refunded the wrong amount! Seriously!? 🙈🙈🙈
AGENT: @155499 Oh no! That's not what we like to hear! Have you been able to get this corrected with us? ^MT
CUSTOMER: @AmazonHelp For the third occasion I have used live chat and still cannot get a simple answer from the assistant who is apparently trying to help me!
AGENT: @155499 I'm sorry for the frustration! Our team is happy to take a closer look at this for you and make sure your feedback on this poor experience has been escalated. When you have a moment, please send us your info via this link: https://t.co/Q3Xla0PY2t ^JR
CUSTOMER: @AmazonHelp Well put it this way I am still waiting for the assistant to reply after replying to him 10 mins ago!",5,0.76,HIGH,2297448,Dear @115830 your live chat is appalling. I’ve been trying to get someone to resolve my issue the whole weekend. Is that how you treat your amazon prime customers?,"@666953 I'm sorry to hear about the poor experience, Stella! We're here to help if we can! Will you let us know more about how we can help? Please don't include any personal or account specific details. ^CS","CUSTOMER: Dear @115830 your live chat is appalling. I’ve been trying to get someone to resolve my issue the whole weekend. Is that how you treat your amazon prime customers?
AGENT: @666953 I'm sorry to hear about the poor experience, Stella! We're here to help if we can! Will you let us know more about how we can help? Please don't include any personal or account specific details. ^CS",2,0.445,LOW,169614,@115830 @AmazonHelp Live Chat has to be the worst customer service I have ever received! Item hasn’t turned up after weeks now they have refunded the wrong amount! Seriously!? 🙈🙈🙈,"@155499 I'm sorry for the frustration! Our team is happy to take a closer look at this for you and make sure your feedback on this poor experience has been escalated. When you have a moment, please send us your info via this link: https://t.co/Q3Xla0PY2t ^JR","CUSTOMER: @115830 @AmazonHelp Live Chat has to be the worst customer service I have ever received! Item hasn’t turned up after weeks now they have refunded the wrong amount! Seriously!? 🙈🙈🙈
AGENT: @155499 Oh no! That's not what we like to hear! Have you been able to get this corrected with us? ^MT
CUSTOMER: @AmazonHelp For the third occasion I have used live chat and still cannot get a simple answer from the assistant who is apparently trying to help me!
AGENT: @155499 I'm sorry for the frustration! Our team is happy to take a closer look at this for you and make sure your feedback on this poor experience has been escalated. When you have a moment, please send us your info via this link: https://t.co/Q3Xla0PY2t ^JR
CUSTOMER: @AmazonHelp Well put it this way I am still waiting for the assistant to reply after replying to him 10 mins ago!",5,0.76,HIGH,1251964,"I'm having a serious issue with @115821 CS via Chat right now. @AmazonHelp Giving me an attitude, no help &amp; not giving me a supervisor. 😤😡😡😡",@413683 That's' good to hear - I'm sure they'll be able to resolve this for you :-)  ^TD,"CUSTOMER: I'm having a serious issue with @115821 CS via Chat right now. @AmazonHelp Giving me an attitude, no help &amp; not giving me a supervisor. 😤😡😡😡
AGENT: @413683 I'm sorry for any frustration. Without sharing any account info could you let us know what the issue is? ^LR
CUSTOMER: @AmazonHelp I ordered an item last Thurs. I'm a Prime customer. It hasn't shipped. CS Rep was rude &amp; not helpful.
CUSTOMER: @AmazonHelp This is the issue. Item ordered on Thur, Oct 19th. Item never shipped. Says I should have received it today. https://t.co/iaE9h5Ke50
AGENT: @413683 Have you been in touch with us here:  https://t.co/hApLpMlfHN ?^CD
CUSTOMER: @AmazonHelp I've been using chat via the Amazon android app. A manager just contacted me &amp; looks like they can provide more assistance.
AGENT: @413683 That's' good to hear - I'm sure they'll be able to resolve this for you :-)  ^TD",7,0.745,MEDIUM,0.0,-0.015000000000000013,0.0,True,False,True,False,False,True,False,True,True,5.0
62,830139,NO,payment,unknown,765755,2485651,593449,2485651,0.6295416951179504,0.7135134339332581,0.6815154552459717,0.7135134339332581,0.745,0.82,0.46,0.82,1.0,0.0,1.0,0.0,0.0,0.0,0.0,0.0,MEDIUM,HIGH,LOW,HIGH,@115821 @115823 @36561  I recharge my Idea mobile through amazon pay for talk time but I received data balance when friend don't use,@317671 you've reported the issue to our support team as requested? 2/2^AP,"CUSTOMER: @115821 @115823 @36561  I recharge my Idea mobile through amazon pay for talk time but I received data balance when friend don't use
AGENT: @317671 We've responded to your query via DM. Kindly check. ^PS
CUSTOMER: @115821 @115823 @36561 Friend don't use amazon pay it's not responsible payment option
AGENT: @317671 I'm sorry to hear that you're upset due to an issue with pay balance. Could you let us know if 1/2^AP
AGENT: @317671 you've reported the issue to our support team as requested? 2/2^AP",5,0.345,LOW,2485651,@115821 @AmazonHelp @115850 please refund my money.. recharged for talk time.. you gave me data.. which I don't want..,@226779 I'm sorry about that. Kindly reach out to our support team here: https://t.co/vlvfJr4nN9 and we'll look into it. ^GD,"CUSTOMER: @115821 @AmazonHelp @115850 please refund my money.. recharged for talk time.. you gave me data.. which I don't want.. 

It's going like.. I ordered and paid for pizza.. and you are serving burger of our own wish..😡😡 don't cheat us like this..

Return my money back.. https://t.co/1o7Y73hheN
AGENT: @226779 I'm sorry about that. Kindly reach out to our support team here: https://t.co/vlvfJr4nN9 and we'll look into it. ^GD
CUSTOMER: @AmazonHelp Haha dats gud joke.. your toll free number 180030009009 really helped me by helping me nothing.. is this your number only..?? https://t.co/utM9xGb7ae
CUSTOMER: @AmazonHelp @AmazonHelp  seriously.. you looted my money..
@115821 you loosing your old costomer ..",4,0.82,HIGH,593449,@115850 I recharged idea number through amazonpay and yet not received any confirmation message,"@259026 I'm sorry to know that you haven't received a confirmation message regarding recharge yet. Kindly let us know the status of your recharged order, you can check here: https://t.co/ykWpCt0ely. ^MO","CUSTOMER: @115850 I recharged idea number through amazonpay and yet not received any confirmation message
CUSTOMER: @115850 How long it will take ?? I am waiting for last 20 min
AGENT: @259026 I get your concern about order confirmation. Please reach us from here: https://t.co/rS49hgaADF, we'll check your details and help you. ^SV
CUSTOMER: @AmazonHelp Not showing any order placed by when I recharged it was showing successful
AGENT: @259026 That's odd. Please reach us from the link provided. We'll check your details and help you further. Be assured. ^SV
CUSTOMER: @AmazonHelp I did it but still not showing recharge order
CUSTOMER: @AmazonHelp I sent u email but just for recharge you will take 12 to 24 hours to reply????
AGENT: @259026 I'm sorry to know that you haven't received a confirmation message regarding recharge yet. Kindly let us know the status of your recharged order, you can check here: https://t.co/ykWpCt0ely. ^MO
CUSTOMER: @AmazonHelp Not showing here??? The last one I ordered was a backpack which is showing but not recharge. Does it mean my recharge is not done and my money will not be deducted??
CUSTOMER: @AmazonHelp If my money will not deducted I will use other option to recharge. I need your reply urgently
CUSTOMER: @AmazonHelp I am still waiting for your reply
AGENT: @259026 Please report this to our support team and we'll have this checked. You can arrange a call from our team here: https://t.co/tFzyMcLM5x. ^MK
CUSTOMER: @AmazonHelp Please cancel my all recent recharge. I have done through another website.
CUSTOMER: @AmazonHelp Do not deduct my money
AGENT: @259026 As we don't have access to your Amazon account info via Twitter, request you to please reach out to our support team using the link provided earlier and we'll look into this. ^MK
CUSTOMER: @AmazonHelp I already sent an email to them and yet not received any reply from their side
AGENT: @259026 I get your concern regarding the cancellation of your recharge. If you have reached out to us via email, our team will look into it and get back with an update. Request you to wait. ^SM
CUSTOMER: @AmazonHelp Ok",18,0.46,LOW,2485651,@115821 @AmazonHelp @115850 please refund my money.. recharged for talk time.. you gave me data.. which I don't want..,@226779 I'm sorry about that. Kindly reach out to our support team here: https://t.co/vlvfJr4nN9 and we'll look into it. ^GD,"CUSTOMER: @115821 @AmazonHelp @115850 please refund my money.. recharged for talk time.. you gave me data.. which I don't want.. 

It's going like.. I ordered and paid for pizza.. and you are serving burger of our own wish..😡😡 don't cheat us like this..

Return my money back.. https://t.co/1o7Y73hheN
AGENT: @226779 I'm sorry about that. Kindly reach out to our support team here: https://t.co/vlvfJr4nN9 and we'll look into it. ^GD
CUSTOMER: @AmazonHelp Haha dats gud joke.. your toll free number 180030009009 really helped me by helping me nothing.. is this your number only..?? https://t.co/utM9xGb7ae
CUSTOMER: @AmazonHelp @AmazonHelp  seriously.. you looted my money..
@115821 you loosing your old costomer ..",4,0.82,HIGH,765755,@115850 done my first recharge with amazon pay but unable to get cash back pay balance... Order ID: #407-3357221-0285117,@303008 The cashback will be provided to the eligible customer within 7 days of doing the recharge. Kindly go through the link: https://t.co/mNtVidvonv for more info. (1/2) ^JS,"CUSTOMER: @115850 done my first recharge with amazon pay but unable to get cash back pay balance... Order ID: #407-3357221-0285117
AGENT: @303008 Please don't provide your order details, we consider it to be personal information. Our page is visible to the public. (2/2) ^JS
AGENT: @303008 The cashback will be provided to the eligible customer within 7 days of doing the recharge. Kindly go through the link: https://t.co/mNtVidvonv for more info. (1/2) ^JS
CUSTOMER: @AmazonHelp Urs dm icon was not avl to share order no
AGENT: @303008 We wouldn't be able to access your account on Twitter. Hence, we request you not to provide your order details on Twitter. Appreciate your understanding. ^BV",5,0.745,MEDIUM,0.0,-0.07499999999999996,0.0,True,False,True,False,False,True,False,True,True,5.0
77,2278373,NO,technical,unknown,1562345,787550,236996,787550,0.851818323135376,0.8938913345336914,0.8725301027297974,0.8938913345336914,0.835,0.925,0.475,0.925,1.0,0.0,1.0,0.0,0.0,0.0,0.0,0.0,HIGH,HIGH,LOW,HIGH,@AmazonHelp i am following amzaon regarding this issue since yesterday .but not getting support .if something went wrong .amazon is responsible for this,@306380 We've replied to you via DM. ^SG,"CUSTOMER: @AmazonHelp i am following amzaon regarding this issue since yesterday .but not getting support .if something went wrong .amazon is responsible for this
AGENT: @306380 We've replied to you via DM. ^SG",2,0.18,LOW,787550,@AmazonHelp Belated update: I called the support number late night the 12th and was told that people were working on my problem &amp; to give it,@307860 I can confirm we've received your details. You'll be hearing back from us soon. ^CL,"CUSTOMER: @AmazonHelp Belated update: I called the support number late night the 12th and was told that people were working on my problem &amp; to give it
CUSTOMER: @AmazonHelp ""an hour or so"". It's been 3 days and the problem is still ongoing.
AGENT: @307860 So sorry for the back and forth! A specialist from my team would like to reach out to you directly: https://t.co/pG2enAs66p ^JZ
AGENT: @307860 Have you received a response to your email? Were any options provided? ^NC
CUSTOMER: @AmazonHelp Alright, I will do this this evening. For now I need to sleep.
CUSTOMER: the @115821 support guy said he was going to put me on the phone with a specialist, but I haven't recieved a call and it's been 10+ minutes.
CUSTOMER: @307860 @115821 Not sure if there is supposed to be a delay like this or not.
AGENT: @307860 I'm sorry to hear that. W/out giving any order/account specific details, can you let us know what issue u are havIng? ^KM
AGENT: @307860 Have you received an email? ^MC
CUSTOMER: @AmazonHelp My mp3 cart is not displaying properly in any browser on my computer, and the person I chatted with said he couldn't pull it up,
CUSTOMER: @AmazonHelp and told me he would have a specialist call me.
CUSTOMER: @AmazonHelp I have not recieved an email, no.
CUSTOMER: @AmazonHelp currently, my mp3 cart looks like https://t.co/zscJyHRkN4 https://t.co/xf0vZpqSfE regardless of browser
AGENT: @307860 Have you checked your spam/junk folder? ^PK
CUSTOMER: @AmazonHelp Yes, no email in there either.
AGENT: @307860 Can you contact us here: https://t.co/zYVX1Qi29G? ^MC
CUSTOMER: @AmazonHelp Is there an equivalent address for US customers?
AGENT: @307860 Try this link  https://t.co/jzvkhdlrK5 ^KM
CUSTOMER: @AmazonHelp I did that, but it just gives me options to reset my password etc.
AGENT: @307860 There's no email option? ^MC
CUSTOMER: @AmazonHelp The only ones I saw were for resetting my password, help setting up an account, and getting help without having an account.
CUSTOMER: @AmazonHelp None of which apply to my current problem.
AGENT: @307860 Gotcha, but were you able to input text to send in an email? The subject is not key here, we just want you to mail in the issue. ^MC
CUSTOMER: @AmazonHelp I'll look again at the options.
CUSTOMER: @AmazonHelp Alright, I have sent a detailed email about my problem, including image links.
AGENT: @307860 Ok, let us know how you get on. ^KM
CUSTOMER: @AmazonHelp I just sent the help request and am eagerly awaiting a solution to this problem.
AGENT: @307860 I can confirm we've received your details. You'll be hearing back from us soon. ^CL
CUSTOMER: @AmazonHelp Thank you.
CUSTOMER: @AmazonHelp Hopefully the phone call thing actually works this time; it hasn't the previous two times.",30,0.925,HIGH,236996,@AmazonHelp The problem still persist. You didn't do anything. Very poor service.,@172449 I get you being upset about the poor experience. This wasn't intended. Please share your details ^VN (1/2),"CUSTOMER: @AmazonHelp The problem still persist. You didn't do anything. Very poor service.
AGENT: @172449 I'm sorry about the delay. Kindly share your details here: https://t.co/GIJyeYqKE0 and I'll look into this. ^SG
CUSTOMER: @AmazonHelp I won't share it. I did it many time. You all are making us fool. I will never buy any product from @115850 . You betrayed me.
AGENT: @172449 I get you being upset about the poor experience. This wasn't intended. Please share your details ^VN (1/2)
AGENT: @172449 using the previous link and let us know. We'll work on this to ensure this won't be repeated. ^VN (2/2)
CUSTOMER: @115850 worst service by Amazon. Never order again. https://t.co/IN1ZwocQlp
AGENT: @172449 I'm sorry you had to face this. Please fill this form: https://t.co/beaaDm0muc and we'll get back to you soon. (1/2) ^SI",7,0.475,LOW,787550,@AmazonHelp Belated update: I called the support number late night the 12th and was told that people were working on my problem &amp; to give it,@307860 I can confirm we've received your details. You'll be hearing back from us soon. ^CL,"CUSTOMER: @AmazonHelp Belated update: I called the support number late night the 12th and was told that people were working on my problem &amp; to give it
CUSTOMER: @AmazonHelp ""an hour or so"". It's been 3 days and the problem is still ongoing.
AGENT: @307860 So sorry for the back and forth! A specialist from my team would like to reach out to you directly: https://t.co/pG2enAs66p ^JZ
AGENT: @307860 Have you received a response to your email? Were any options provided? ^NC
CUSTOMER: @AmazonHelp Alright, I will do this this evening. For now I need to sleep.
CUSTOMER: the @115821 support guy said he was going to put me on the phone with a specialist, but I haven't recieved a call and it's been 10+ minutes.
CUSTOMER: @307860 @115821 Not sure if there is supposed to be a delay like this or not.
AGENT: @307860 I'm sorry to hear that. W/out giving any order/account specific details, can you let us know what issue u are havIng? ^KM
AGENT: @307860 Have you received an email? ^MC
CUSTOMER: @AmazonHelp My mp3 cart is not displaying properly in any browser on my computer, and the person I chatted with said he couldn't pull it up,
CUSTOMER: @AmazonHelp and told me he would have a specialist call me.
CUSTOMER: @AmazonHelp I have not recieved an email, no.
CUSTOMER: @AmazonHelp currently, my mp3 cart looks like https://t.co/zscJyHRkN4 https://t.co/xf0vZpqSfE regardless of browser
AGENT: @307860 Have you checked your spam/junk folder? ^PK
CUSTOMER: @AmazonHelp Yes, no email in there either.
AGENT: @307860 Can you contact us here: https://t.co/zYVX1Qi29G? ^MC
CUSTOMER: @AmazonHelp Is there an equivalent address for US customers?
AGENT: @307860 Try this link  https://t.co/jzvkhdlrK5 ^KM
CUSTOMER: @AmazonHelp I did that, but it just gives me options to reset my password etc.
AGENT: @307860 There's no email option? ^MC
CUSTOMER: @AmazonHelp The only ones I saw were for resetting my password, help setting up an account, and getting help without having an account.
CUSTOMER: @AmazonHelp None of which apply to my current problem.
AGENT: @307860 Gotcha, but were you able to input text to send in an email? The subject is not key here, we just want you to mail in the issue. ^MC
CUSTOMER: @AmazonHelp I'll look again at the options.
CUSTOMER: @AmazonHelp Alright, I have sent a detailed email about my problem, including image links.
AGENT: @307860 Ok, let us know how you get on. ^KM
CUSTOMER: @AmazonHelp I just sent the help request and am eagerly awaiting a solution to this problem.
AGENT: @307860 I can confirm we've received your details. You'll be hearing back from us soon. ^CL
CUSTOMER: @AmazonHelp Thank you.
CUSTOMER: @AmazonHelp Hopefully the phone call thing actually works this time; it hasn't the previous two times.",30,0.925,HIGH,1562345,I am complaining since week but no one solve my problem.? Amazon team fails to solve my issues..  @115851  @AmazonHelp @115850,@122914 We have responded to you here: https://t.co/PQpaG90BfK. Kindly check. ^MP,"CUSTOMER: I am complaining since week but no one solve my problem.? Amazon team fails to solve my issues..  @115851  @AmazonHelp @115850
AGENT: @122914 We have responded to you here: https://t.co/PQpaG90BfK. Kindly check. ^MP
CUSTOMER: @AmazonHelp But issues are still unsolved..",3,0.835,HIGH,0.0,-0.09000000000000008,0.0,True,False,True,False,False,True,False,True,True,5.0
125,626860,NO,delivery,unknown,560604,2103426,560604,2103426,0.6380617618560791,0.6663942337036133,0.6380617618560791,0.6663942337036133,0.82,0.835,0.82,0.835,1.0,0.0,1.0,0.0,0.0,0.0,0.0,0.0,HIGH,HIGH,HIGH,HIGH,"2 years in operation, and @115850 is also back in same league where Customer isn't first. Understandable. But brand image takes a hit boss","@268450 I understand the concern on delivery, our carrier will follow assigned path &amp; see your order reaches by the estimated date. ^BS https://t.co/1XyLaGkcaN","CUSTOMER: 2 years in operation, and @115850 is also back in same league where Customer isn't first. Understandable. But brand image takes a hit boss
AGENT: @268450 I'm afraid we can't view your account/ order details from Twitter. Please let us know what happened. ^HA
CUSTOMER: @AmazonHelp Product reached my city 3 day back and it's lying idle. Called twice in 2 days, no one told me if I should go and collect it from post offic
CUSTOMER: @AmazonHelp &amp; when I complained, I m told it will reach before delivery date which is 4 day away. Problem is high expectation, so I m lowering it
CUSTOMER: @AmazonHelp And that is what i stated initially, technically you are right. But your differentiation went for a big toss &amp; so did your CS supp too
AGENT: @268450 We've responded to your DM, kindly take a look. ^MS
AGENT: @268450 to you by the expected delivery date. Appreciate your patience. (2/2) ^MO
AGENT: @268450 We're committed to delivering your order from the moment it is placed. I'm positive that it should get delivered (1/2) ^MO
AGENT: @268450 I understand the concern on delivery, our carrier will follow assigned path &amp; see your order reaches by the estimated date. ^BS https://t.co/1XyLaGkcaN",9,0.345,LOW,2103426,@115850 @115821 How disappointing. It is more that 18 days now. And again @AmazonHelp needs more time. Is this the way you serve your customers? https://t.co/nFuNwbcaRH,@481178 Sorry for the stretch. Please respond to the email we've sent and we'll reach out to you at the earliest. (1/2) ^AS,"CUSTOMER: @115850 @115821 How disappointing. It is more that 18 days now. And again @AmazonHelp needs more time. Is this the way you serve your customers? https://t.co/nFuNwbcaRH
AGENT: @481178 Sorry for the stretch. Please respond to the email we've sent and we'll reach out to you at the earliest. (1/2) ^AS
AGENT: @481178 Please don't provide your order details, we consider it personal information. Our Twitter page is visible to public. (2/2) ^AS",3,0.835,HIGH,560604,"Amazon Logistics is GARBAGE. I’m absolutely DONE with @115821 if they don’t get their shit together, FAST. When guaranteed 2-day delivery turns into “guaranteed whenever the fuck it gets there”, we have a serious problem.","@251153 Have we missed the delivery date with a recent order of yours? If so, what is the current status of your order showing? You can review your order details here: https://t.co/Y5jpI9gRhE ^WM","CUSTOMER: Amazon Logistics is GARBAGE. I’m absolutely DONE with @115821 if they don’t get their shit together, FAST. When guaranteed 2-day delivery turns into “guaranteed whenever the fuck it gets there”, we have a serious problem.
AGENT: @251153 Have we missed the delivery date with a recent order of yours? If so, what is the current status of your order showing? You can review your order details here: https://t.co/Y5jpI9gRhE ^WM
CUSTOMER: @AmazonHelp Yes. Delivery guaranteed last night by 8pm. Never arrived. Spoke to Amazon help yesterday. They called the carrier service and they told him delivery would be guaranteed today. Nothing today. Online says Dec2-Dec5. Ordered Nov 28.
AGENT: @251153 I'm very sorry about this! Please let a member of my team look into this for you. Fill in your information and details here: https://t.co/lW1bRPHZBi and our team will be responding shortly. ^AH
CUSTOMER: @AmazonHelp I have submitted my info. Thank you.",5,0.82,HIGH,2103426,@115850 @115821 How disappointing. It is more that 18 days now. And again @AmazonHelp needs more time. Is this the way you serve your customers? https://t.co/nFuNwbcaRH,@481178 Sorry for the stretch. Please respond to the email we've sent and we'll reach out to you at the earliest. (1/2) ^AS,"CUSTOMER: @115850 @115821 How disappointing. It is more that 18 days now. And again @AmazonHelp needs more time. Is this the way you serve your customers? https://t.co/nFuNwbcaRH
AGENT: @481178 Sorry for the stretch. Please respond to the email we've sent and we'll reach out to you at the earliest. (1/2) ^AS
AGENT: @481178 Please don't provide your order details, we consider it personal information. Our Twitter page is visible to public. (2/2) ^AS",3,0.835,HIGH,560604,"Amazon Logistics is GARBAGE. I’m absolutely DONE with @115821 if they don’t get their shit together, FAST. When guaranteed 2-day delivery turns into “guaranteed whenever the fuck it gets there”, we have a serious problem.","@251153 Have we missed the delivery date with a recent order of yours? If so, what is the current status of your order showing? You can review your order details here: https://t.co/Y5jpI9gRhE ^WM","CUSTOMER: Amazon Logistics is GARBAGE. I’m absolutely DONE with @115821 if they don’t get their shit together, FAST. When guaranteed 2-day delivery turns into “guaranteed whenever the fuck it gets there”, we have a serious problem.
AGENT: @251153 Have we missed the delivery date with a recent order of yours? If so, what is the current status of your order showing? You can review your order details here: https://t.co/Y5jpI9gRhE ^WM
CUSTOMER: @AmazonHelp Yes. Delivery guaranteed last night by 8pm. Never arrived. Spoke to Amazon help yesterday. They called the carrier service and they told him delivery would be guaranteed today. Nothing today. Online says Dec2-Dec5. Ordered Nov 28.
AGENT: @251153 I'm very sorry about this! Please let a member of my team look into this for you. Fill in your information and details here: https://t.co/lW1bRPHZBi and our team will be responding shortly. ^AH
CUSTOMER: @AmazonHelp I have submitted my info. Thank you.",5,0.82,HIGH,0.0,-0.015000000000000013,0.0,True,False,True,False,False,True,False,True,True,5.0
152,1736150,NO,payment,cancelled,2741891,207531,2741891,207531,0.7101216912269592,0.7860531806945801,0.7101216912269592,0.7860531806945801,0.745,0.775,0.745,0.775,1.0,0.0,1.0,0.0,0.0,0.0,0.0,0.0,MEDIUM,HIGH,MEDIUM,HIGH,Hi @AmazonHelp - is it possible to get help on an order I haven't placed yet? Your website doesn't seem to allow it.,@131779 Sounds like it is unavailable at this Locker: https://t.co/6ZH03m2uWC Do you see free shipping when you select another address? ^AF,"CUSTOMER: Hi @AmazonHelp - is it possible to get help on an order I haven't placed yet? Your website doesn't seem to allow it.
AGENT: @131779 Are you getting an error message?^CD
CUSTOMER: @AmazonHelp Trying to get free standard locker delivery to my office building but it's not offering it to me. Faust or Katy lockers.
AGENT: @131779 Hi Ben- Locker delivery might not be an option for this item? Are you receiving any error message? ^NV
CUSTOMER: @AmazonHelp No error, just wants to charge me for next day locker delivery. I just want free standard delivery. Available at other lockers.
AGENT: @131779 Thanks for confirming, Ben! Please review the following helpful info: https://t.co/uE56TDmn7j. Let us know if this is helpful! ^SD
CUSTOMER: @AmazonHelp No use at all. Already seen that which is why I came to you.
AGENT: @131779 Sounds like it is unavailable at this Locker: https://t.co/6ZH03m2uWC Do you see free shipping when you select another address? ^AF
CUSTOMER: @AmazonHelp I do, but I don't want it sent elsewhere as it's heavy
CUSTOMER: @AmazonHelp Order cancelled.",10,0.475,LOW,207531,@AmazonHelp Hi. Order w/tracking #1Z3Y95F10333765115 attempted delivery but found no free locker. When will u try again? Thx!,@165087 We can help contact the carrier to see what delivery options are available. Please call us here: https://t.co/xq7QvZ8Uya ^MB,"CUSTOMER: @AmazonHelp Hi. Order w/tracking #1Z3Y95F10333765115 attempted delivery but found no free locker. When will u try again? Thx!
AGENT: @165087 Hi Romina, sorry for the trouble with your shipment. Redeliveries are typically made the next business day. ^BG
CUSTOMER: @AmazonHelp Unacceptable. I leave on Monday morning. Can you change delivery to a home address, or a locker at MIA airport?
AGENT: @165087 We can help contact the carrier to see what delivery options are available. Please call us here: https://t.co/xq7QvZ8Uya ^MB",4,0.775,HIGH,2741891,Paid @115830 £1.99 for them to deliver to Amazon Locker - guaranteed for today. Had an email at 5.30 say they weren’t able to deliver it and should be here within 2 days. First time using that service and I’m not impressed.,@768062 I'm sorry for the trouble with your Amazon Locker delivery. Have you phoned or chatted with us to discuss options for your order yet: https://t.co/JzP7hlA23B? ^AN,"CUSTOMER: Paid @115830 £1.99 for them to deliver to Amazon Locker - guaranteed for today. Had an email at 5.30 say they weren’t able to deliver it and should be here within 2 days. First time using that service and I’m not impressed.
AGENT: @768062 I'm sorry for the trouble with your Amazon Locker delivery. Have you phoned or chatted with us to discuss options for your order yet: https://t.co/JzP7hlA23B? ^AN
CUSTOMER: @AmazonHelp I retract my comment. The email said it wasn’t there but the app said it was. Collected half an hour ago. Thanks again @115830",3,0.745,MEDIUM,207531,@AmazonHelp Hi. Order w/tracking #1Z3Y95F10333765115 attempted delivery but found no free locker. When will u try again? Thx!,@165087 We can help contact the carrier to see what delivery options are available. Please call us here: https://t.co/xq7QvZ8Uya ^MB,"CUSTOMER: @AmazonHelp Hi. Order w/tracking #1Z3Y95F10333765115 attempted delivery but found no free locker. When will u try again? Thx!
AGENT: @165087 Hi Romina, sorry for the trouble with your shipment. Redeliveries are typically made the next business day. ^BG
CUSTOMER: @AmazonHelp Unacceptable. I leave on Monday morning. Can you change delivery to a home address, or a locker at MIA airport?
AGENT: @165087 We can help contact the carrier to see what delivery options are available. Please call us here: https://t.co/xq7QvZ8Uya ^MB",4,0.775,HIGH,2741891,Paid @115830 £1.99 for them to deliver to Amazon Locker - guaranteed for today. Had an email at 5.30 say they weren’t able to deliver it and should be here within 2 days. First time using that service and I’m not impressed.,@768062 I'm sorry for the trouble with your Amazon Locker delivery. Have you phoned or chatted with us to discuss options for your order yet: https://t.co/JzP7hlA23B? ^AN,"CUSTOMER: Paid @115830 £1.99 for them to deliver to Amazon Locker - guaranteed for today. Had an email at 5.30 say they weren’t able to deliver it and should be here within 2 days. First time using that service and I’m not impressed.
AGENT: @768062 I'm sorry for the trouble with your Amazon Locker delivery. Have you phoned or chatted with us to discuss options for your order yet: https://t.co/JzP7hlA23B? ^AN
CUSTOMER: @AmazonHelp I retract my comment. The email said it wasn’t there but the app said it was. Collected half an hour ago. Thanks again @115830",3,0.745,MEDIUM,0.0,-0.030000000000000027,0.0,True,False,True,False,False,True,False,True,True,5.0
139,2288561,YES,payment,unknown,1116565,522592,2316986,2316986,0.7234318852424622,0.6994156837463379,0.7679969072341919,0.7679969072341919,0.82,0.88,0.58,0.58,1.0,0.0,1.0,1.0,0.0,0.0,0.0,0.0,HIGH,HIGH,MEDIUM,MEDIUM,"@115821 hello I have order one product with prefer delivery and delivery charge also pay but product delivery next day, so why I should pay extra shipping charge. This is cheating I will mark complaint consumer court. @1560 @119351",@664885 I'm sorry for the trouble with your order. Please connect with our support team here: https://t.co/2t6DQpbXFx for assistance on it. ^RW,"CUSTOMER: @115821 hello I have order one product with prefer delivery and delivery charge also pay but product delivery next day, so why I should pay extra shipping charge. This is cheating I will mark complaint consumer court. @1560 @119351
AGENT: @664885 I'm sorry for the trouble with your order. Please connect with our support team here: https://t.co/2t6DQpbXFx for assistance on it. ^RW
CUSTOMER: @AmazonHelp 😢",3,0.52,MEDIUM,2316986,"@115850   Taking extra delivery charge for guaranteed delivery but not deliver  product on time, worst service experience Order # 402-4592125-7729953  &amp; 402-1247383-9489136",@671779 Sorry for the delay in the delivery. Kindly drop in your details here: https://t.co/fStLAo9Tp4 and we'll work on it. Please don’t provide your order/account details as we consider them to be personal information. Our Twitter page is public. ^NS,"CUSTOMER: @115850   Taking extra delivery charge for guaranteed delivery but not deliver  product on time, worst service experience Order # 402-4592125-7729953  &amp; 402-1247383-9489136
AGENT: @671779 Sorry for the delay in the delivery. Kindly drop in your details here: https://t.co/fStLAo9Tp4 and we'll work on it. Please don’t provide your order/account details as we consider them to be personal information. Our Twitter page is public. ^NS",2,0.58,MEDIUM,2316986,"@115850   Taking extra delivery charge for guaranteed delivery but not deliver  product on time, worst service experience Order # 402-4592125-7729953  &amp; 402-1247383-9489136",@671779 Sorry for the delay in the delivery. Kindly drop in your details here: https://t.co/fStLAo9Tp4 and we'll work on it. Please don’t provide your order/account details as we consider them to be personal information. Our Twitter page is public. ^NS,"CUSTOMER: @115850   Taking extra delivery charge for guaranteed delivery but not deliver  product on time, worst service experience Order # 402-4592125-7729953  &amp; 402-1247383-9489136
AGENT: @671779 Sorry for the delay in the delivery. Kindly drop in your details here: https://t.co/fStLAo9Tp4 and we'll work on it. Please don’t provide your order/account details as we consider them to be personal information. Our Twitter page is public. ^NS",2,0.58,MEDIUM,522592,@115821 Does two day shipping cost extra? It's day two since I placed an order and nothing has come as of yet.,@240711 We'd like to take a closer look at this with you and go over available options; please reach out to us at your earliest convenience here: https://t.co/hApLpM3Ejd ^LJ,"CUSTOMER: @115821 Does two day shipping cost extra? It's day two since I placed an order and nothing has come as of yet.
AGENT: @240711 Thanks for reaching out. Have we missed the delivery date that was given in your confirmation e-mail? ^GG
CUSTOMER: @AmazonHelp Yes, it said Friday, December 1st in the email. Sometimes the delivery trucks run late where I live, but the last check in was at around 5:30pm today in Portland, Oregon, and I live 300 miles East of there so I'm not entirely sure if it is even in town out for delivery.
AGENT: @240711 I'm sorry for the wait! Which carrier was assigned to the order? You can check for this here: https://t.co/Y5jpI9ys9c ^BH
CUSTOMER: @AmazonHelp UPS. After following the link it is telling me that it will arrive either between tomorrow or the 5th. 2 day shipping is extra, is it not? I know it is busy with the holidays so I'm not upset or anything, just not wanting to have to pay extra if it is going to be late.
AGENT: @240711 We'd like to take a closer look at this with you and go over available options; please reach out to us at your earliest convenience here: https://t.co/hApLpM3Ejd ^LJ
CUSTOMER: @AmazonHelp Okay, thanks. I sent an email to the customer support line.",7,0.88,HIGH,1116565,"I bought something on @115821, paid extra for 1 day shipping and it isn’t here. Who do I complain to? @AmazonHelp",@186343  I'm sorry for the wait! Have we missed the delivery date confirmed via e-mail: https://t.co/Wkpnu0R1N9? Who's the carrier?^LH,"CUSTOMER: I bought something on @115821, paid extra for 1 day shipping and it isn’t here. Who do I complain to? @AmazonHelp
AGENT: @186343  I'm sorry for the wait! Have we missed the delivery date confirmed via e-mail: https://t.co/Wkpnu0R1N9? Who's the carrier?^LH
CUSTOMER: @AmazonHelp Yes, It was supposed to be delivered today by 9PM. I have prime and paid for the extra one day shipping. https://t.co/ovN7IkvmLe
AGENT: @186343 I'd like to have a member of our team escalate this for you. Please send us your details here: https://t.co/0vbENILlOo ^GM
CUSTOMER: @AmazonHelp Thank you",5,0.82,HIGH,0.30000000000000004,0.24,0.068581223487854,False,True,True,True,False,False,False,False,True,4.0
105,231745,NO,technical,unknown,2710885,2710885,2710885,944162,0.8025673031806946,0.8025673031806946,0.8025673031806946,0.8055707216262817,0.88,0.88,0.88,0.79,1.0,1.0,1.0,0.0,0.0,0.0,0.0,0.0,HIGH,HIGH,HIGH,HIGH,@AmazonHelp And it's been 24 hours. Nothing came thru yet. You promised to call within 12hours.hahaha.,@171198 you've received from our team here: https://t.co/NTkrxpsbHJ and we'll reach out to you. (2/2) ^KA,"CUSTOMER: @AmazonHelp And it's been 24 hours. Nothing came thru yet. You promised to call within 12hours.hahaha.
AGENT: @171198 Sorry for the disappointment. We wouldn't have access to your account details via Twitter. Please reply to the email (1/2) ^KA
AGENT: @171198 you've received from our team here: https://t.co/NTkrxpsbHJ and we'll reach out to you. (2/2) ^KA
CUSTOMER: @AmazonHelp Man I have already filled out the details. How much more I need to fill up.
AGENT: @171198 As you've shared your details, we'll work on it and get back to you at the earliest. ^HN
CUSTOMER: @115850 Can't add money to Amazon Pay. On 21 Sept your executive said it will be solved in 48 hours. Is the period over yet? https://t.co/6AjoiDLkHH
AGENT: @171198 Hi, could you let us know if you've crossed the maximum limit for adding money to your Amazon pay balance? ^AK
CUSTOMER: @AmazonHelp Not at all. Haven't added at all
AGENT: @171198 Let us check this out for you. Please drop your details here: https://t.co/nQrSan0COS and we'll reach out to you. ^VM
CUSTOMER: @AmazonHelp Been hours since I filled in details. No response yet.
AGENT: @171198 I'm sorry it is taking longer than expected. We're looking into the issue and shall get back to you soon. ^SH",11,0.88,HIGH,944162,@115850 @AmazonHelp struggling to add money in Amazon pay..help,@343871 We've responded to your query here: https://t.co/1RltgHcGhq. Kindly check. ^PS,"CUSTOMER: @115850 @AmazonHelp struggling to add money in Amazon pay..help
AGENT: @343871 Sorry to know you're facing issues with Amazon pay balance. Please reach us from here: https://t.co/rS49hgaADF we'll assist. ^SV
CUSTOMER: @AmazonHelp To call you hv blocked my no. N mail you don't reply. I urge you please cancel my order it was my mistake I choose @115850
AGENT: @343871 We've responded to your query here: https://t.co/1RltgHcGhq. Kindly check. ^PS",4,0.79,HIGH,2710885,"@115850 not able to add money in Amazon pay, since yesterday evening. What’s the issue?",@761160 We've checked and the link is working fine. Request you to contact our support team on the link provided earlier. They will assist you further. ^JS,"CUSTOMER: @115850 not able to add money in Amazon pay, since yesterday evening. What’s the issue?
AGENT: @761160 Sorry to know you're facing issues with Amazon pay. Please reach us from here: https://t.co/rS49hgsbvd we'll check your details and help you further. ^SV
CUSTOMER: @AmazonHelp looks like there's problem . ... right now https://t.co/YSik7QfY2I
AGENT: @761160 The link seems to be working fine here. Kindly check the link back again in some time and reach us for further assistance. ^VM
CUSTOMER: @AmazonHelp anyway ... but you can check why amazon pay was not able to take in money. that's main issue, for me. my num: 9494062903.
AGENT: @761160 We've checked and the link is working fine. Request you to contact our support team on the link provided earlier. They will assist you further. ^JS
CUSTOMER: @AmazonHelp as i said, my main issue is with amazon pay
AGENT: @761160 I understand your concern. Please share your details here: https://t.co/beaaDm0muc and we'll contact you soon. ^JS
CUSTOMER: @AmazonHelp thanks, done",9,0.88,HIGH,2710885,"@115850 not able to add money in Amazon pay, since yesterday evening. What’s the issue?",@761160 We've checked and the link is working fine. Request you to contact our support team on the link provided earlier. They will assist you further. ^JS,"CUSTOMER: @115850 not able to add money in Amazon pay, since yesterday evening. What’s the issue?
AGENT: @761160 Sorry to know you're facing issues with Amazon pay. Please reach us from here: https://t.co/rS49hgsbvd we'll check your details and help you further. ^SV
CUSTOMER: @AmazonHelp looks like there's problem . ... right now https://t.co/YSik7QfY2I
AGENT: @761160 The link seems to be working fine here. Kindly check the link back again in some time and reach us for further assistance. ^VM
CUSTOMER: @AmazonHelp anyway ... but you can check why amazon pay was not able to take in money. that's main issue, for me. my num: 9494062903.
AGENT: @761160 We've checked and the link is working fine. Request you to contact our support team on the link provided earlier. They will assist you further. ^JS
CUSTOMER: @AmazonHelp as i said, my main issue is with amazon pay
AGENT: @761160 I understand your concern. Please share your details here: https://t.co/beaaDm0muc and we'll contact you soon. ^JS
CUSTOMER: @AmazonHelp thanks, done",9,0.88,HIGH,2710885,"@115850 not able to add money in Amazon pay, since yesterday evening. What’s the issue?",@761160 We've checked and the link is working fine. Request you to contact our support team on the link provided earlier. They will assist you further. ^JS,"CUSTOMER: @115850 not able to add money in Amazon pay, since yesterday evening. What’s the issue?
AGENT: @761160 Sorry to know you're facing issues with Amazon pay. Please reach us from here: https://t.co/rS49hgsbvd we'll check your details and help you further. ^SV
CUSTOMER: @AmazonHelp looks like there's problem . ... right now https://t.co/YSik7QfY2I
AGENT: @761160 The link seems to be working fine here. Kindly check the link back again in some time and reach us for further assistance. ^VM
CUSTOMER: @AmazonHelp anyway ... but you can check why amazon pay was not able to take in money. that's main issue, for me. my num: 9494062903.
AGENT: @761160 We've checked and the link is working fine. Request you to contact our support team on the link provided earlier. They will assist you further. ^JS
CUSTOMER: @AmazonHelp as i said, my main issue is with amazon pay
AGENT: @761160 I understand your concern. Please share your details here: https://t.co/beaaDm0muc and we'll contact you soon. ^JS
CUSTOMER: @AmazonHelp thanks, done",9,0.88,HIGH,0.08999999999999997,0.08999999999999997,0.003003418445587158,True,True,False,False,False,True,False,True,False,4.0
187,1208365,NO,technical,unknown,1703100,2763473,281971,2124891,0.5711687207221985,0.6376600861549377,0.615606963634491,0.6560533046722412,0.835,0.82,0.445,0.31,1.0,0.0,1.0,0.0,0.0,0.0,0.0,0.0,HIGH,HIGH,LOW,LOW,Hi! @116316 is there any chance to get support from you in english? I need to solve a problem!!!,@403718 How can we help you? What's the problem? Kind regards ^MF,"CUSTOMER: Hi! @116316 is there any chance to get support from you in english? I need to solve a problem!!!
AGENT: @403718 How can we help you? What's the problem? Kind regards ^MF",2,0.31,LOW,2124891,@115850 can someone from your support team get un touch with me asap.Pl DM for contact number,"@625785 Twitter being a social media platform, we wouldn't be able to contact you directly. Request you to elaborate the issue 1/2 ^NK","CUSTOMER: @115850 can someone from your support team get un touch with me asap.Pl DM for contact number
AGENT: @625785 Twitter being a social media platform, we wouldn't be able to contact you directly. Request you to elaborate the issue 1/2 ^NK
AGENT: @625785 or get in touch with the support team here: https://t.co/vlvfJr4nN9 for more assistance. 2/2 ^NK
CUSTOMER: @AmazonHelp was to recieve a cashback for a one plus five mobile order few days back.Yet to recieve the same.Need update in it
CUSTOMER: @AmazonHelp on it
CUSTOMER: @AmazonHelp cant reach out to your india support line.There is no ivr menu for queries like mine
AGENT: @625785 I get your concern. Request you to contact the support team through the link mentioned earlier for further assistance. ^PR",7,0.31,LOW,281971,@115821 u need to get it together with ur customer service. If they can't speak English than they shouldn't take phone calls with customers,"@183173 Hi, sorry to hear that. Can you tell us a bit about your issue without sharing any personal or account info? ^JJ","CUSTOMER: @115821 u need to get it together with ur customer service. If they can't speak English than they shouldn't take phone calls with customers
AGENT: @183173 Hi, sorry to hear that. Can you tell us a bit about your issue without sharing any personal or account info? ^JJ",2,0.445,LOW,2763473,"@117093 i placed an order but didn’t receive it, customer support in germany doesn’t speak english, anyone can help me out?","@773055 Hi, please contact our customer service via mail and you will get an english answer: https://t.co/9BaXoa0EHu Regards ^TA","CUSTOMER: @117093 i placed an order but didn’t receive it, customer support in germany doesn’t speak english, anyone can help me out?
AGENT: @773055 Hi, was the order placed on Amazon.de? We certainly will try to help if possible ^CR
CUSTOMER: @AmazonHelp Yes, amazon.de - thank you for the help
AGENT: @773055 Hi, please contact our customer service via mail and you will get an english answer: https://t.co/9BaXoa0EHu Regards ^TA
CUSTOMER: @AmazonHelp Thank for the support, I did it already, unfortunately it can take up to 12h to reply. Hopefully the answer will get back soon.",5,0.82,HIGH,1703100,@115851 sir ur India customer support team is inefficient. Kindly advice me whom to raise the matter to. I have faced the problem twice,@191771 Kindly share your details through the secured link provided here:  https://t.co/FTkctGlk7x .^SM,"CUSTOMER: @115851 sir ur India customer support team is inefficient. Kindly advice me whom to raise the matter to. I have faced the problem twice
AGENT: @191771 We've responded to your query here: https://t.co/OknaAMtgHW . ^SM
CUSTOMER: @AmazonHelp The link is taking me back to ur previous tweet. Kindly check
AGENT: @191771 Kindly share your details through the secured link provided here:  https://t.co/FTkctGlk7x .^SM",4,0.835,HIGH,0.51,0.5249999999999999,0.018393218517303467,True,True,True,False,False,False,False,True,True,3.0
167,460023,NO,delivery,late,1352859,2863358,2401215,2401215,0.7142102718353271,0.7077639698982239,0.7359939217567444,0.7359939217567444,0.79,0.88,0.385,0.385,1.0,1.0,1.0,1.0,1.0,0.0,0.0,0.0,HIGH,HIGH,LOW,LOW,"oh oh OHHH false alarm, my package has been delayed to tomorrow or even after my birthday!! thanks!, love u @115821 😘","@224306 Hey Kennedy, I'm glad you've been updated on the status of your package. But, also very sorry it's delayed! Please let us know if we can help in any way. And, have a wonderful birthday! ^PF","CUSTOMER: oh oh OHHH false alarm, my package has been delayed to tomorrow or even after my birthday!! thanks!, love u @115821 😘
AGENT: @224306 Hey Kennedy, I'm glad you've been updated on the status of your package. But, also very sorry it's delayed! Please let us know if we can help in any way. And, have a wonderful birthday! ^PF
CUSTOMER: @AmazonHelp lmao just let me have the stuff i ordered, my guy",3,0.82,HIGH,2401215,"I ordered my package yesterday afternoon, it's on my doorstep this morning, you're doing amazing 🤗 @115821","@690877 We strive to provide the best service possible, we truly appreciate you for sharing your experience with us! ^JE","CUSTOMER: I ordered my package yesterday afternoon, it's on my doorstep this morning, you're doing amazing 🤗 @115821
AGENT: @690877 We strive to provide the best service possible, we truly appreciate you for sharing your experience with us! ^JE",2,0.385,LOW,2401215,"I ordered my package yesterday afternoon, it's on my doorstep this morning, you're doing amazing 🤗 @115821","@690877 We strive to provide the best service possible, we truly appreciate you for sharing your experience with us! ^JE","CUSTOMER: I ordered my package yesterday afternoon, it's on my doorstep this morning, you're doing amazing 🤗 @115821
AGENT: @690877 We strive to provide the best service possible, we truly appreciate you for sharing your experience with us! ^JE",2,0.385,LOW,2863358,"My Amazon package was been ""Out For Delivery"" since 7am but never arrived. Guess I gotta wait another day for my birthday presant to myself. 😔",@795368 I'm sorry for the trouble! We'd like to take a closer look at this with you; please reach out to us at your earliest convenience here: https://t.co/hApLpMlfHN ^LJ,"CUSTOMER: My Amazon package was been ""Out For Delivery"" since 7am but never arrived. Guess I gotta wait another day for my birthday presant to myself. 😔
AGENT: @795368 Hello, Colin. Deliveries can be made up until 9 pm. Please let us know if you don't receive your order within that time frame. ^FJ
CUSTOMER: @AmazonHelp I am aware, however my apartment office only allows packages to be picked up before 5pm CST.
AGENT: @795368 I'm sorry for the trouble! We'd like to take a closer look at this with you; please reach out to us at your earliest convenience here: https://t.co/hApLpMlfHN ^LJ
CUSTOMER: @AmazonHelp It's all good! The UPS guy actually delivered right to my apartment for a change. Just got it. Thanks though!
AGENT: @795368 Oh good! If you need any assistance in the future, please let us know!  ^AG",6,0.88,HIGH,1352859,@115830 hello - just got an email that my package is delayed by a day or two was expecting by 8pm! I needed the items today now too late,@435505 I'm sorry you've not received it yet. Please contact us via phone/chat here: https://t.co/JzP7hlA23B so we may help. ^KL,"CUSTOMER: @115830 hello - just got an email that my package is delayed by a day or two was expecting by 8pm! I needed the items today now too late
CUSTOMER: @115830 Can I canelo the order seeing as it hasn't been delivered yet? Just not worth my time to wait this long now items were needed b4
AGENT: @435505 I'm sorry you've not received it yet. Please contact us via phone/chat here: https://t.co/JzP7hlA23B so we may help. ^KL",3,0.79,HIGH,0.495,0.405,0.028229951858520508,False,True,True,False,False,False,False,True,True,3.0
141,2827333,NO,order,unknown,18696,279190,845755,940504,0.7710939049720764,0.7750674486160278,0.795859694480896,0.8184592723846436,0.865,0.91,0.745,0.475,1.0,0.0,1.0,0.5,0.0,0.0,0.0,0.0,HIGH,HIGH,MEDIUM,LOW,@119356,"@787523 We're following up on your concern via DM. Please refer. Also, please don't provide your order details, we consider it personal information. Our Twitter page is visible to public. ^VN","CUSTOMER: @119356 
Haven't got any follow up or cashback even though ample of reminders to Amazon Customer Service.
Order # 402-3583162-6473110
Order # 402-8532082-6637114
@AmazonHelp
@18220
@116327
#falseadvertising
AGENT: @787523 We're following up on your concern via DM. Please refer. Also, please don't provide your order details, we consider it personal information. Our Twitter page is visible to public. ^VN",2,0.3,LOW,940504,@118919 Re: Your Amazon.in Order  # 402-4987357-3643550 stop making fools those who make payment before delivery.,"@338759 I get you being upset, Fahad. We are already following up with your concern here: https://t.co/xB0eLKhArc. Please check. ^NK","CUSTOMER: @118919 Re: Your Amazon.in Order  # 402-4987357-3643550 stop making fools those who make payment before delivery.
AGENT: @338759 I get you being upset, Fahad. We are already following up with your concern here: https://t.co/xB0eLKhArc. Please check. ^NK",2,0.475,LOW,845755,@115830 @AmazonHelp well done for yet another cancelled order. Your customer service is shocking.,"@321028 I'm sorry for the trouble, Ben! We'd like to help. Have you received any e-mails with a reason for the cancellation? ^BL","CUSTOMER: @115830 @AmazonHelp well done for yet another cancelled order. Your customer service is shocking.
AGENT: @321028 I'm sorry for the trouble, Ben! We'd like to help. Have you received any e-mails with a reason for the cancellation? ^BL
CUSTOMER: @AmazonHelp Yeah. Lol. You guys.
CUSTOMER: @AmazonHelp Read the shitstorm of tweets between me and you guys over the last 24 hours.
AGENT: @321028 We'd like another chance to look into this. Please contact us via phone or chat here: https://t.co/qy3J24VGxb ^SJ
CUSTOMER: @AmazonHelp I showed you ridiculous amounts of evidence to say that Fire Emblem Warriors was out today; and I've been told point blank by a supervisor in your call center I'm wrong. It's only the standard 3ds and switch limited edition released today.
I cancelled my order and walked to get 1 https://t.co/Osqcg8nIrZ
CUSTOMER: @AmazonHelp I sent screenshots from the official @146184 website advising you it was correct; and I was still told I was wrong! That's why I cancelled my order! https://t.co/sZihy7tFLv
CUSTOMER: @AmazonHelp Honestly what's the point? I spent 45 minutes on the phone to your call centre today already! Why call them back?",8,0.745,MEDIUM,279190,@115850  Order #402-6501071-6760358. Just now spoke on call with amazon agent. He agreed it was amazon fault but wont refund . Filing FIR.,@170630 We've sent a correspondence to your registered email address. Kindly revert to the same for further assistance. (1/2)^AU,"CUSTOMER: @115850  Order #402-6501071-6760358. Just now spoke on call with amazon agent. He agreed it was amazon fault but wont refund . Filing FIR.
AGENT: @170630 We've sent a correspondence to your registered email address. Kindly revert to the same for further assistance. (1/2)^AU
AGENT: @170630 Please don't provide your order details, as we consider it to be personal information. Our Twitter page is public. (2/2)^AU",3,0.91,HIGH,18696,"@115850 @115821 @AmazonHelp Order no 408-9297978-3842763"".",@120173 We've already sent a correspondence to your registered email ID. Please check it and reply us with your concerns. ^SC,"CUSTOMER: @115850 @115821 @AmazonHelp Order no 408-9297978-3842763"".
Men's Polo (8907036565225_USTS1840_M_Apricot)"".#refund not recd..been 2 weeks
AGENT: @120173 Please don't provide your order details, we consider it to be personal information. Our page is visible to public. (2/2)^RI
AGENT: @120173 Sorry for the miss. We'd like to help you out. Please fill this form: https://t.co/beaaDm0muc and we’ll contact you soon. ^RI
CUSTOMER: @AmazonHelp Do not make us helpless and kindly refund my amount ..
AGENT: @120173 We've already sent a correspondence to your registered email ID. Please check it and reply us with your concerns. ^SC
CUSTOMER: @AmazonHelp It says wrong product has sent .. refund cannot be given ... u kindly ask ur courier guy n confirm me what was given to him ..
AGENT: @120173 Kindly reply to the email that we've sent. We'll investigate this further. ^SG
CUSTOMER: @AmazonHelp U kindly refund the amount back .. I have sent back the product and I demand a refund for the same .never had such dissaponments wit amazon
AGENT: @120173 We've emailed a correspondence to you. Kindly check it here: https://t.co/8DAc10S7ww &amp; reply to it for further assistance.^SF
CUSTOMER: @AmazonHelp Have sent the prouduct back .. and after a month ur complaining that the product sent is wrong .. @AmazonHelp
AGENT: @120173 I'm sorry, we never intended this. Please reply to the email here: https://t.co/DTSNmGldJf and we'll get back to you. ^SI",11,0.865,HIGH,0.43500000000000005,0.39,0.04339182376861572,True,True,True,False,False,False,False,True,True,3.0
58,436906,NO,payment,late,1156237,2623956,1156237,2945564,0.671947717666626,0.6977896690368652,0.671947717666626,0.7345356345176697,0.79,0.775,0.79,0.375,1.0,0.0,1.0,0.0,1.0,1.0,1.0,1.0,HIGH,HIGH,HIGH,LOW,@115821 I purchased something for $9.99that was supposed to be delivered yesterday&amp;wasn’t.2day it’s $7.47.Can I be reimbursedthe difference?,@143655 Have you had a chance to contact the carrier for more specific delivery details: https://t.co/c2992xi02y? ^LI,"CUSTOMER: @115821 I purchased something for $9.99that was supposed to be delivered yesterday&amp;wasn’t.2day it’s $7.47.Can I be reimbursedthe difference?
CUSTOMER: @115821 @AmazonHelp please see my above tweet
AGENT: @143655 I'm sorry we didn't get your package delivered to you, Kari! Can you tell me the status &amp; carrier listed?https://t.co/Y5jpI9gRhE ^FR
CUSTOMER: @AmazonHelp This is what it says. But now those strainers that I paid $9.99 for r $7.47. Since I don’t yet have the item can I get back the difference? https://t.co/GyIXx4kUK3
CUSTOMER: @AmazonHelp This is the last update from yesterday morning https://t.co/uaE5l9KATA
AGENT: @143655 You can send the package back for a return and place a new order: https://t.co/SOPTYuv9XR ^AF
CUSTOMER: @AmazonHelp No thanks. I need the item and that will just delay it more. And last time I sent something back i had to pay shipping back. Not worth it
CUSTOMER: @AmazonHelp How can I find out where my package is? The tracking hasn’t updated since yesterday morning
AGENT: @143655 Have you had a chance to contact the carrier for more specific delivery details: https://t.co/c2992xi02y? ^LI",9,0.82,HIGH,2945564,"@AmazonHelp My package has been “delayed” two days in a row, and there’s no tracking update yet today despite a CSR telling me I’d definitely get it today. Just tell me they lost it and send me another one already.","@223600 I understand your frustration Heather, Can you please tell me what the tracking currently is showing?  https://t.co/Y5jpI9gRhE ^DJ","CUSTOMER: @AmazonHelp My package has been “delayed” two days in a row, and there’s no tracking update yet today despite a CSR telling me I’d definitely get it today. Just tell me they lost it and send me another one already.
AGENT: @223600 Hi, apologies for the delay. Is the order fulfilled by Amazon: https://t.co/Y5jpI9gRhE? ^JJ
CUSTOMER: @AmazonHelp ""Ships from and sold by https://t.co/ek6vyFzQV4. Gift-wrap available.""
AGENT: @223600 Apologies, this is not the service we expect. I fully understand your frustration. As we cannot access account info here, please reach out once more Heather so we can look into your concern in more detail. Please keep us posted. ^TP
CUSTOMER: @AmazonHelp They’re contacting the carrier (again) to ask them to deliver the package (again). That was what they said would happen yesterday, and yet. :(
AGENT: @223600 Did we ask you to wait another day for the delivery? Who's the carrier (can be found here: https://t.co/Y5jpI9gRhE)? ^MG
CUSTOMER: @AmazonHelp UPS is the carrier, and yes. If I don’t get it tomorrow, they said to email customer service. Yesterday they said if I didn’t get it today they’d send a new one. I just want my Christmas tree stand. :( Got email from UPS saying they’re looking into it, that’s all.
CUSTOMER: @AmazonHelp I was assured yesterday that they would ask the carrier to deliver “at priority”, and heard the same today. I have no confidence in that.
AGENT: @223600 I understand your frustration Heather, Can you please tell me what the tracking currently is showing?  https://t.co/Y5jpI9gRhE ^DJ
CUSTOMER: @AmazonHelp Most recent tracking info. I have my doubts about that delivery time, considering. https://t.co/zLUJFZunDS
AGENT: @223600 We'd like to look at this order with you and help the best we can! Please reach out to us by phone: https://t.co/hApLpMlfHN ^DD",11,0.375,LOW,1156237,"Paid over $14 for 1 day shipping from @115821. 4 days later, my package isn’t arriving for another 2 days. @AmazonHelp, wyd?",@391984 Oh my! Let's see if we can help further. Please reach out to us here: https://t.co/hApLpMlfHN,"CUSTOMER: Paid over $14 for 1 day shipping from @115821. 4 days later, my package isn’t arriving for another 2 days. @AmazonHelp, wyd?
AGENT: @391984 I'm sorry for the disappointing experience! Were you given a reason for the delay? Please check here: https://t.co/eTPFM6Xpze ^FD
CUSTOMER: @AmazonHelp I was not given a reason for the delay.
AGENT: @391984 Oh my! Let's see if we can help further. Please reach out to us here: https://t.co/hApLpMlfHN
^LL",4,0.79,HIGH,2623956,@AmazonHelp I ordered same day shipping today &amp; update says there's a delay in shipping. How will I be reimbursed for shipping cost?,@741262 What information or options were we able to provide to with when you reached out to us? ^SY,"CUSTOMER: @AmazonHelp I ordered same day shipping today &amp; update says there's a delay in shipping. How will I be reimbursed for shipping cost?
AGENT: @741262 I'm sorry your order was delayed! Contact us here after receiving the item for further assistance: https://t.co/hApLpMlfHN ^QJ
CUSTOMER: @AmazonHelp So I have to wait to receive the item (whenever that happens) to get a refund for the same day shipping that hasn't even shipped yet?
AGENT: @741262 What information or options were we able to provide to with when you reached out to us? ^SY
CUSTOMER: @AmazonHelp Literally nothing.... https://t.co/MXgQOytedg",5,0.775,HIGH,1156237,"Paid over $14 for 1 day shipping from @115821. 4 days later, my package isn’t arriving for another 2 days. @AmazonHelp, wyd?",@391984 Oh my! Let's see if we can help further. Please reach out to us here: https://t.co/hApLpMlfHN,"CUSTOMER: Paid over $14 for 1 day shipping from @115821. 4 days later, my package isn’t arriving for another 2 days. @AmazonHelp, wyd?
AGENT: @391984 I'm sorry for the disappointing experience! Were you given a reason for the delay? Please check here: https://t.co/eTPFM6Xpze ^FD
CUSTOMER: @AmazonHelp I was not given a reason for the delay.
AGENT: @391984 Oh my! Let's see if we can help further. Please reach out to us here: https://t.co/hApLpMlfHN
^LL",4,0.79,HIGH,0.4,0.41500000000000004,0.03674596548080444,True,True,True,False,False,False,False,True,True,3.0
20,1445421,YES,delivery,unknown,2894665,2894665,1573566,1573566,0.8133819699287415,0.8133819699287415,0.887027382850647,0.887027382850647,0.88,0.88,0.52,0.52,1.0,1.0,1.0,1.0,0.0,0.0,0.0,0.0,HIGH,HIGH,MEDIUM,MEDIUM,@115821 shocking when it comes to deliveries. “Attempted delivery” been sitting here all day no one has attempted anything. Shocking,"@455412 Oh no, I'm sorry, Josh! Please contact us via phone/chat here: https://t.co/JzP7hlA23B so we may look into this with you. ^KL","CUSTOMER: @115821 shocking when it comes to deliveries. “Attempted delivery” been sitting here all day no one has attempted anything. Shocking
AGENT: @455412 Oh no, I'm sorry, Josh! Please contact us via phone/chat here: https://t.co/JzP7hlA23B so we may look into this with you. ^KL",2,0.79,HIGH,1573566,This @115821 bullshit of “Delivery attempted” pissing me off. I’ve been here in my office all morning. There was no delivery attempted.,@282867 Have you had a chance to reach the carrier? They may have further insight. Contact info here: https://t.co/d5qc1jb4c4 ^AB,"CUSTOMER: This @115821 bullshit of “Delivery attempted” pissing me off. I’ve been here in my office all morning. There was no delivery attempted.
AGENT: @282867 I'm sorry to hear that your order wasn't delivered. Who is the carrier for this order shown here: https://t.co/q4LAMZ3tbE? ^GR
CUSTOMER: @AmazonHelp Wrong account. The order was shipped via US Post. They usually deliver in the afternoon. It’s only 10 am.
AGENT: @282867 We can deliver up until 8PM! Please let us know if you don't receive your order by this time. ^KJ
CUSTOMER: @AmazonHelp It’s no YOU, it’s the post office. The post office will not deliver a second time during the day. It’s once and gone.
AGENT: @282867 My apologies. Did it say in the tracking the attempted delivery? ^PK
CUSTOMER: @AmazonHelp This is all I get. No tracking numbers. The business was not closed. https://t.co/plLYSKQWrV
AGENT: @282867 Have you had a chance to reach the carrier? They may have further insight. Contact info here: https://t.co/d5qc1jb4c4 ^AB
CUSTOMER: @AmazonHelp Yes. And, as usual, the post office is useless. I’ll just wait for Monday.",9,0.52,MEDIUM,1573566,This @115821 bullshit of “Delivery attempted” pissing me off. I’ve been here in my office all morning. There was no delivery attempted.,@282867 Have you had a chance to reach the carrier? They may have further insight. Contact info here: https://t.co/d5qc1jb4c4 ^AB,"CUSTOMER: This @115821 bullshit of “Delivery attempted” pissing me off. I’ve been here in my office all morning. There was no delivery attempted.
AGENT: @282867 I'm sorry to hear that your order wasn't delivered. Who is the carrier for this order shown here: https://t.co/q4LAMZ3tbE? ^GR
CUSTOMER: @AmazonHelp Wrong account. The order was shipped via US Post. They usually deliver in the afternoon. It’s only 10 am.
AGENT: @282867 We can deliver up until 8PM! Please let us know if you don't receive your order by this time. ^KJ
CUSTOMER: @AmazonHelp It’s no YOU, it’s the post office. The post office will not deliver a second time during the day. It’s once and gone.
AGENT: @282867 My apologies. Did it say in the tracking the attempted delivery? ^PK
CUSTOMER: @AmazonHelp This is all I get. No tracking numbers. The business was not closed. https://t.co/plLYSKQWrV
AGENT: @282867 Have you had a chance to reach the carrier? They may have further insight. Contact info here: https://t.co/d5qc1jb4c4 ^AB
CUSTOMER: @AmazonHelp Yes. And, as usual, the post office is useless. I’ll just wait for Monday.",9,0.52,MEDIUM,2894665,"@115830 attempted delivery 😡 we are in a brightly lit office, still blatantly open and no attempt has been made to deliver, no phone call, nothing. We constantly get amazon deliveries. So annoyed it did not come today when I am still here waiting for it!!!!","@792629 That's not good! We'd like to take a better look at this with you. When you have the time, please reach out to us via phone or chat here: https://t.co/JzP7hlA23B ^KP","CUSTOMER: @115830 attempted delivery 😡 we are in a brightly lit office, still blatantly open and no attempt has been made to deliver, no phone call, nothing. We constantly get amazon deliveries. So annoyed it did not come today when I am still here waiting for it!!!!
AGENT: @792629 I am sorry to hear this, Liss. Was there a reason given for the missed delivery?What is the current status on the tracking?^SM
CUSTOMER: @AmazonHelp ‘delivery attempted’ and it says it is because it is an age restricted item. We are an office of 30 adults, still here until 5pm. I pay for next day delivery for a reason and ordered it next day for a reason. Nobody has attempted to deliver anything today.
AGENT: @792629 That's not good! We'd like to take a better look at this with you. When you have the time, please reach out to us via phone or chat here: https://t.co/JzP7hlA23B ^KP
CUSTOMER: @AmazonHelp Shocking. Despite speaking to someone and redelivery happening today, same thing has happened. ‘Attempted’ delivery when the office still has people in it. Not happy. Gift ruined. Thanks for the great delivery amazon 👎🏻
AGENT: @792629 My apologies, I can't see the details of the shipment. When you get a moment, please reach out to us again by phone or chat and we can go over available options with you: https://t.co/JzP7hlA23B ^MG",6,0.88,HIGH,2894665,"@115830 attempted delivery 😡 we are in a brightly lit office, still blatantly open and no attempt has been made to deliver, no phone call, nothing. We constantly get amazon deliveries. So annoyed it did not come today when I am still here waiting for it!!!!","@792629 That's not good! We'd like to take a better look at this with you. When you have the time, please reach out to us via phone or chat here: https://t.co/JzP7hlA23B ^KP","CUSTOMER: @115830 attempted delivery 😡 we are in a brightly lit office, still blatantly open and no attempt has been made to deliver, no phone call, nothing. We constantly get amazon deliveries. So annoyed it did not come today when I am still here waiting for it!!!!
AGENT: @792629 I am sorry to hear this, Liss. Was there a reason given for the missed delivery?What is the current status on the tracking?^SM
CUSTOMER: @AmazonHelp ‘delivery attempted’ and it says it is because it is an age restricted item. We are an office of 30 adults, still here until 5pm. I pay for next day delivery for a reason and ordered it next day for a reason. Nobody has attempted to deliver anything today.
AGENT: @792629 That's not good! We'd like to take a better look at this with you. When you have the time, please reach out to us via phone or chat here: https://t.co/JzP7hlA23B ^KP
CUSTOMER: @AmazonHelp Shocking. Despite speaking to someone and redelivery happening today, same thing has happened. ‘Attempted’ delivery when the office still has people in it. Not happy. Gift ruined. Thanks for the great delivery amazon 👎🏻
AGENT: @792629 My apologies, I can't see the details of the shipment. When you get a moment, please reach out to us again by phone or chat and we can go over available options with you: https://t.co/JzP7hlA23B ^MG",6,0.88,HIGH,0.36,0.36,0.07364541292190552,False,True,False,True,False,False,False,False,False,3.0
95,1212685,YES,technical,not_received,381408,2345634,381408,69771,0.7879732847213745,0.7982117533683777,0.7879732847213745,0.8082764148712158,0.79,0.835,0.79,0.475,1.0,0.0,1.0,0.0,0.0,0.0,0.0,0.0,HIGH,HIGH,HIGH,LOW,@AmazonHelp It's been 2days but I didn't receive any call @AmazonHelp,@404627 I do get your concern. Kindly reply to the email you've received from our team and we'll reach out to you. ^MM,"CUSTOMER: @AmazonHelp It's been 2days but I didn't receive any call @AmazonHelp
AGENT: @404627 and send us the details using the link provided by 'MO' and I will look into the issue right away. (2/2)^SF
AGENT: @404627 I'm afraid we haven't received your details. Please sign in to your account, (1/2)^SF
CUSTOMER: @AmazonHelp I have already provided my details on the given link
AGENT: @404627 Could you confirm receiving an email from our team here: https://t.co/NTkrxpsbHJ ? ^KA
CUSTOMER: @AmazonHelp Thank you for the help.
My problem resolved.
CUSTOMER: @AmazonHelp The mail was not helpful can u pls contact me on my cellphone .
Number I have send u on mail.
AGENT: @404627 I do get your concern. Kindly reply to the email you've received from our team and we'll reach out to you. ^MM
CUSTOMER: @AmazonHelp I have already replied on mail.
Hoping I will get response soon.
AGENT: @404627 Thanks for writing back to us. We'll get back to you with an update shortly. ^ZH
CUSTOMER: Worst service Amazon.
Canceled order false reason of me refusing to accept order even after me calling dem 20 times.
#Amazon #AmazonIndia
AGENT: @404627 Apologies about your recent experience. We'd like to help. Kindly share your details here: https://t.co/beaaDm0muc (1/2) ^MO
AGENT: @404627 and we'll contact you soon. (2/2) ^MO",13,0.7,MEDIUM,69771,"@AmazonHelp have emailed &amp; phoned regarding my recent order being cancelled and still no help, pls can someone look into it?",@131806 Hi Ruby. We wouldn't have the option to replace a canceled order. You would need to replace the order directly. Have you since regained access to your account? ^NV,"CUSTOMER: @AmazonHelp have emailed &amp; phoned regarding my recent order being cancelled and still no help, pls can someone look into it?
AGENT: @131806 Sorry to hear that, Ruby. Without revealing any personal information, can you tell me a bit more about the issue?^TI
CUSTOMER: @AmazonHelp i have a receipt and order number for it but its no longer on my orders
CUSTOMER: @AmazonHelp you cancelled my order bc you thought someone else was on my account but i cant repurchase it bc it was a lightning deal
AGENT: @131806 Hi Ruby. We wouldn't have the option to replace a canceled order. You would need to replace the order directly. Have you since regained access to your account? ^NV
CUSTOMER: @AmazonHelp I can't replace the order as it was the nintendo switch bundle cyber monday deal so it was a different price than usual, I have access to my account though
AGENT: @131806 I am glad that you now have access to your account. We are unable to price match on lightining deals once the time expires.^SM
CUSTOMER: @AmazonHelp but i purchased it in time and have an order number! It's not my fault you cancelled the order 😭 How can you not price match it when I have a receipt?",8,0.475,LOW,381408,@AmazonHelp @AmazonHelp @115850 Still I am waiting for ur reply or assistance in regards to my issues.,@206451 You should've received a correspondence from our team. Kindly check it here: https://t.co/8DAc10S7ww. ^AP,"CUSTOMER: @AmazonHelp @AmazonHelp @115850 Still I am waiting for ur reply or assistance in regards to my issues.
AGENT: @206451 I understand your concern, we are working on it and we will get back to you with an update. ^VH
CUSTOMER: @115850 @AmazonHelp Gt my firestick tv 10 days bk now power adpter stop working.Wn I askd 4 rplacemnt thy suggstd buy new1 later wl refund
AGENT: @206451 I'm sorry hear about the adapter. We'd like to look into this, please share your details here: https://t.co/cQVomR1pWz. ^HA
CUSTOMER: @AmazonHelp @115850 @115850 @AmazonHelp how many days years n decade to get back to me with suitable reply
AGENT: @206451 You should've received a correspondence from our team. Kindly check it here: https://t.co/8DAc10S7ww. ^AP
CUSTOMER: @AmazonHelp I shared my details....kindly update me with best option instead of buy new &amp; refund later option its long process",7,0.79,HIGH,2345634,@AmazonHelp now u are not answering call just make a call phone on hold for 30 minutes,@385304 Apologies for the delay. We've received your details and our team will get back to you with an update within 12 hrs. ^MN,"CUSTOMER: @AmazonHelp now u are not answering call just make a call phone on hold for 30 minutes
Wah what a system
AGENT: @385304 Apologies. Could you please confirm if you have shared your details using the link provided earlier? So that we can resolve the issue.  ^MN
CUSTOMER: @AmazonHelp Yes
AGENT: @385304 Thanks for the confirmation, Jaydeep. Our team will check and get back to you with an update soon. Request you to wait. ^NK
CUSTOMER: @AmazonHelp You have been just searching detail for last 60 hrs.
No consolation at all.......
AGENT: @385304 Apologies for the delay. We've received your details and our team will get back to you with an update within 12 hrs. ^MN",6,0.835,HIGH,381408,@AmazonHelp @AmazonHelp @115850 Still I am waiting for ur reply or assistance in regards to my issues.,@206451 You should've received a correspondence from our team. Kindly check it here: https://t.co/8DAc10S7ww. ^AP,"CUSTOMER: @AmazonHelp @AmazonHelp @115850 Still I am waiting for ur reply or assistance in regards to my issues.
AGENT: @206451 I understand your concern, we are working on it and we will get back to you with an update. ^VH
CUSTOMER: @115850 @AmazonHelp Gt my firestick tv 10 days bk now power adpter stop working.Wn I askd 4 rplacemnt thy suggstd buy new1 later wl refund
AGENT: @206451 I'm sorry hear about the adapter. We'd like to look into this, please share your details here: https://t.co/cQVomR1pWz. ^HA
CUSTOMER: @AmazonHelp @115850 @115850 @AmazonHelp how many days years n decade to get back to me with suitable reply
AGENT: @206451 You should've received a correspondence from our team. Kindly check it here: https://t.co/8DAc10S7ww. ^AP
CUSTOMER: @AmazonHelp I shared my details....kindly update me with best option instead of buy new &amp; refund later option its long process",7,0.79,HIGH,0.36,0.31500000000000006,0.010064661502838135,True,True,True,False,False,False,True,False,True,3.0
92,785789,NO,refund,refund,2747101,324395,1069953,1069953,0.7659727931022644,0.7678593397140503,0.8121969103813171,0.8121969103813171,0.82,0.865,0.52,0.52,0.0,0.0,0.0,0.0,0.5,0.0,0.0,0.0,HIGH,HIGH,MEDIUM,MEDIUM,@AmazonHelp Pathetic service from your transportation department. No info about delivery . Crap tracking system. wtf happening with my order,@307481 We're sorry about the hassle with tracking your order. Could you help us with the estimated delivery date on the order? ^HK,"CUSTOMER: @AmazonHelp Pathetic service from your transportation department. No info about delivery . Crap tracking system. wtf happening with my order
AGENT: @307481 We're sorry about the hassle with tracking your order. Could you help us with the estimated delivery date on the order? ^HK
CUSTOMER: @AmazonHelp it was yesterday night 8pm, based on Guaranteed in a day delivery. Still delivery pending. but refund of 100 rs initiated.
AGENT: @307481 We've responded to your query via Dm. Request you to check the same. ^SH",4,0.33,LOW,1069953,@AmazonHelp Ur service is pathetic. Delivery has not been aftr confirmation from customer care. It has been extended till 28th. Pathetic. https://t.co/wAJa2dDYDU,@372469 Please share your details with us and I'll get back to you. Appreciate your understanding.  2/2 ^HD,"CUSTOMER: @AmazonHelp Ur service is pathetic. Delivery has not been aftr confirmation from customer care. It has been extended till 28th. Pathetic. https://t.co/wAJa2dDYDU
AGENT: @372469 Apologies for the hassle, that was unexpected. Please share your details here: https://t.co/GIJyeYqKE0 &amp; we'll help you.^BS
CUSTOMER: @AmazonHelp Already dis. It was of no use. Thay gave wrong info.Ur guys are pathetic.
AGENT: @372469 I understand your concern, Manish. The link will guide you to share your details with us. 1/2 ^HD
AGENT: @372469 Please share your details with us and I'll get back to you. Appreciate your understanding.  2/2 ^HD",5,0.52,MEDIUM,1069953,@AmazonHelp Ur service is pathetic. Delivery has not been aftr confirmation from customer care. It has been extended till 28th. Pathetic. https://t.co/wAJa2dDYDU,@372469 Please share your details with us and I'll get back to you. Appreciate your understanding.  2/2 ^HD,"CUSTOMER: @AmazonHelp Ur service is pathetic. Delivery has not been aftr confirmation from customer care. It has been extended till 28th. Pathetic. https://t.co/wAJa2dDYDU
AGENT: @372469 Apologies for the hassle, that was unexpected. Please share your details here: https://t.co/GIJyeYqKE0 &amp; we'll help you.^BS
CUSTOMER: @AmazonHelp Already dis. It was of no use. Thay gave wrong info.Ur guys are pathetic.
AGENT: @372469 I understand your concern, Manish. The link will guide you to share your details with us. 1/2 ^HD
AGENT: @372469 Please share your details with us and I'll get back to you. Appreciate your understanding.  2/2 ^HD",5,0.52,MEDIUM,324395,@115850 @AmazonHelp Pathetic experience with ur delivery as Order# 406-3337694-5036344 not delivered on time. CSE can't track order,"@193278 I understand you're upset, Kapil. Request you to reply to the email correspondence that was sent by our team so that we 1/2 ^NK","CUSTOMER: @115850 @AmazonHelp Pathetic experience with ur delivery as Order# 406-3337694-5036344 not delivered on time. CSE can't track order
AGENT: @193278 Sorry for the delay in delivery, Kapil. I'd like to take a closer look at this, please fill in your details ^JC (1/2)
AGENT: @193278 Please don’t provide your order details as we consider them to be personal info. Our Twitter page is visible to public. ^JC
AGENT: @193278 here: https://t.co/GIJyeYqKE0 and we'll check the details. ^JC (2/2)
CUSTOMER: @AmazonHelp Done
AGENT: @193278 Thanks for confirming. As we've received your details, we're working on it. We'll reach out to you soon with an update. ^VN
CUSTOMER: @AmazonHelp It’s been 10 hours to your reply. May i know when you will be reverting?
AGENT: @193278 You should've received an e-mail from us, please check your mailbox for any updates. ^HT
CUSTOMER: @AmazonHelp What a reply 4m @115821. For a delivery dat was supposed to happen on last Friday, i am told to wait for 2 more days.   #customerexperience https://t.co/z8QKaFChku
CUSTOMER: @AmazonHelp @115821 @AmazonHelp are there any delivery SLA’s for your prime customers? What if your sla are not met? Is there any penalty? #CustomerExperience
CUSTOMER: @AmazonHelp @115821 Every customer executive you speak to will assure you that he/she is following up with issue personally. No results means no effort. @115821
AGENT: @193278 sent to you so that we can assist you further. Adding to this, we don't have any compensation policy. 2/2 ^NK
AGENT: @193278 I understand you're upset, Kapil. Request you to reply to the email correspondence that was sent by our team so that we 1/2 ^NK
CUSTOMER: @AmazonHelp When did I asked for compensation? @115821 let’s not presume things on customers behalf. You can assist me by delivering the package asap
CUSTOMER: @AmazonHelp Why email correspondence? I ordered and I need delivery. It’s that simple. @115821 #CustomerExperience improve
AGENT: @193278 Sorry for the hassle. Request you to write back to the email you've received from our team and we will revert on the same. ^SQ",16,0.865,HIGH,2747101,@AmazonHelp Day 2 if same day delivery still no goods. I’m about to cancel the order. What is going on?,"@761543 That's great to hear! Thank you for reaching out to us, we love to help in any way we can. We hope you have a great rest of your day and we hope you enjoy your order! ^EB","CUSTOMER: @AmazonHelp Day 2 if same day delivery still no goods. I’m about to cancel the order. What is going on?
AGENT: @761543 I'm sorry for the wait! What's the delivery date provided in your order confirmation e-mail here: https://t.co/LcUjRYUAl0? ^JM
CUSTOMER: @AmazonHelp Was yesterday. Now finally says our for delivery at 4:11. I doubt it will come
AGENT: @761543 I understand your frustration, Floyd. Please let us know if it does not arrive today, we want to ensure you get it. ^GM
CUSTOMER: @AmazonHelp Thank you for all your help and the package finally arrived. I appreciate your help
AGENT: @761543 That's great to hear! Thank you for reaching out to us, we love to help in any way we can. We hope you have a great rest of your day and we hope you enjoy your order! ^EB",6,0.82,HIGH,0.345,0.29999999999999993,0.044337570667266846,False,True,True,False,False,False,False,True,True,3.0
108,1734582,YES,delivery,late,497307,2814456,1305181,1305181,0.845246434211731,0.8268336057662964,0.847679615020752,0.847679615020752,0.775,0.82,0.475,0.475,1.0,1.0,1.0,1.0,1.0,0.0,1.0,1.0,HIGH,HIGH,LOW,LOW,"@AmazonHelp I'm confused about designations of ""Guaranteed Delivery in 2 days"" with Prime. Now I get ""Sorry, delayed"" on my order.",@523806 You're welcome. I'm glad you received it! Let us know if you have any other issues. ^TN,"CUSTOMER: @AmazonHelp I'm confused about designations of ""Guaranteed Delivery in 2 days"" with Prime. Now I get ""Sorry, delayed"" on my order.
AGENT: @523806 I'm so sorry about the delay! What does the most recent tracking show here? https://t.co/Y5jpI9gRhE ^TK
CUSTOMER: @AmazonHelp It says delivery today by 8:00 p.m. -- of course, it said that yesterday, too!
AGENT: @523806 Oh no! What carrier is listed on the order? ^JF
CUSTOMER: @AmazonHelp USPS.  Received this evening!  Thanks.
AGENT: @523806 You're welcome. I'm glad you received it! Let us know if you have any other issues. ^TN",6,0.82,HIGH,1305181,@AmazonHelp Why/How can Prime “guarantee” delivery and be late 2 days? This is happening more frequently.,@424985 Oh no! Will you clarify the delivery date given at check out? You can find that here: https://t.co/Y5jpI9gRhE?  ^BA,"CUSTOMER: @AmazonHelp Why/How can Prime “guarantee” delivery and be late 2 days? This is happening more frequently.
AGENT: @424985 Oh no! Will you clarify the delivery date given at check out? You can find that here: https://t.co/Y5jpI9gRhE?  ^BA
CUSTOMER: @AmazonHelp Today.
AGENT: @424985 Which carrier is delivering it? You can find that using the link ^BA provided. ^LI",4,0.475,LOW,1305181,@AmazonHelp Why/How can Prime “guarantee” delivery and be late 2 days? This is happening more frequently.,@424985 Oh no! Will you clarify the delivery date given at check out? You can find that here: https://t.co/Y5jpI9gRhE?  ^BA,"CUSTOMER: @AmazonHelp Why/How can Prime “guarantee” delivery and be late 2 days? This is happening more frequently.
AGENT: @424985 Oh no! Will you clarify the delivery date given at check out? You can find that here: https://t.co/Y5jpI9gRhE?  ^BA
CUSTOMER: @AmazonHelp Today.
AGENT: @424985 Which carrier is delivering it? You can find that using the link ^BA provided. ^LI",4,0.475,LOW,2814456,@AmazonHelp @115821 No delivery on promised date &amp; now I’m told to wait and see? Why do I pay for Amazon Prime if deliveries are still going to take 5 days thru USPS with no guaranteed delivery date? Why is USPS even delivering the package? https://t.co/XNbrOnLXQD,@784671 We always strive to meet the delivery date shown during checkout and confirmed via e-mail. I'm sorry that we've let you down this time; that's never what we want. Please let us know if your order doesn't arrive by the 28th; we'd like to ensure this is received. ^MV,"CUSTOMER: @AmazonHelp @115821 No delivery on promised date &amp; now I’m told to wait and see? Why do I pay for Amazon Prime if deliveries are still going to take 5 days thru USPS with no guaranteed delivery date? Why is USPS even delivering the package? https://t.co/XNbrOnLXQD
AGENT: @784671 We always strive to meet the delivery date shown during checkout and confirmed via e-mail. I'm sorry that we've let you down this time; that's never what we want. Please let us know if your order doesn't arrive by the 28th; we'd like to ensure this is received. ^MV
CUSTOMER: @AmazonHelp So I’m supposed to just wait and see? You’ve already charged me for the tree. Do you know where the tree is? I don’t, and the USPS shows they haven’t received it.
AGENT: @784671 I understand your frustration and would like to have a team member look into this with you directly, since we don't have access to your account/orders in Twitter. Please choose the phone option here: https://t.co/hApLpMlfHN  ^SE
CUSTOMER: @AmazonHelp I tried calling, and evidently @115821 phone system is malfunctioning. Still no resolution, and no one knows where the tree is. Not acceptable.
AGENT: @784671 I understand your frustration! Would you be willing to try again shortly? Since we don't have access to account info via Twitter, direct contact with us will provide the fastest resolution. You can also e-mail and chat us too! ^GM
CUSTOMER: @AmazonHelp And the tree saga continues! Amazon told the post office to hold the tree at the post office for me to pick it up rather than delivering it. Seriously??  The post office is only open during work hours, AND I HAVE A JOB. Why, Amazon, why? #amazonfail
CUSTOMER: @AmazonHelp And yes, I have called multiple times
AGENT: @784671 Oh no! Can you please let us know what options were provided to you when you called? We are here to help! ^BA
CUSTOMER: @AmazonHelp They said it would be delivered today, but surprise! It wasn’t! The post office is still holding it because that’s what Amazon told them to do. So now I have to find a truck big enough to pick up the tree because Amazon can’t get it right.",10,0.82,HIGH,497307,@AmazonHelp how come you don’t actually deliver next day on prime anymore? Even though you “guarantee” you will. I can’t remember the last order I got that wasn’t delayed and it’s happening again 👎🏻,"@233678 Bob, unless you've received notice otherwise, you can expect your order to be delivered by 8 PM.  ^EM","CUSTOMER: @AmazonHelp how come you don’t actually deliver next day on prime anymore? Even though you “guarantee” you will. I can’t remember the last order I got that wasn’t delayed and it’s happening again 👎🏻
AGENT: @233678 Sorry to hear this, Bob! Some orders may require extra processing time. Have we missed a delivery date provided at checkout? ^MW
CUSTOMER: @AmazonHelp Well technically not yet, my order is apparently going to be delivered today by 8pm by Royal Mail. I mean that just isn’t going to happen is it? This is every time now, I don’t know why you bother saying Prime is next day delivery when it isn’t.
AGENT: @233678 Bob, unless you've received notice otherwise, you can expect your order to be delivered by 8 PM.  ^EM
CUSTOMER: @AmazonHelp Now there’s a shock 🙄. Is there a direct link for cancelling prime you can give me? I’d rather just order elsewhere in future. https://t.co/OA3IofG2NE
AGENT: @233678 I'm terribly sorry for the poor experience, Bob! Have you had a chance to provide carrier feedback on your order? We would like to make sure this is looked into for you.
 If you would still like to cancel your Prime, you can do so here: https://t.co/nMtiieU4RR ^AR
CUSTOMER: @AmazonHelp The feedback is that I can’t remember the last next day order I made that wasn’t delayed in the same way. It’s ridiculous. I don’t understand why the company even pretends it’s a service they offer. Thanks for the link. Bye!",7,0.775,HIGH,0.345,0.30000000000000004,0.020846009254455566,False,True,True,False,False,False,True,False,True,3.0
88,2450868,YES,delivery,late,1661781,1661781,1661781,1041690,0.5064109563827515,0.5064109563827515,0.5064109563827515,0.5675994753837585,0.805,0.805,0.805,0.505,0.5,0.5,0.5,0.0,0.0,0.0,0.0,0.0,HIGH,HIGH,HIGH,MEDIUM,Binge watching an 18+ series isn't fun on @116618. Yes I'm still old enough 45mins later... 😑,"@702366 If you'd like, you can turn viewing restrictions off. You can learn how here: https://t.co/c0T58hT1Xp Keep us posted! ^LB","CUSTOMER: Binge watching an 18+ series isn't fun on @116618. Yes I'm still old enough 45mins later... 😑
AGENT: @702366 If you'd like, you can turn viewing restrictions off. You can learn how here: https://t.co/c0T58hT1Xp Keep us posted! ^LB
CUSTOMER: @AmazonHelp That just works for parental control. You can't turn off the pin requirement for 18+ content. Thank you anyway!",3,0.7,MEDIUM,1041690,"Ugh @116618 is the worst! It never works right. Hulu, Netflix, HBONow, and literally ALL others NEVER give me a problem. Only Amazon. #DontWasteYourMoney #LearnFromMyMistakes","@366354 I'm sorry to hear you're having issues with your Amazon Video, Jaime. Is there something I can help you with? ^SY","CUSTOMER: Ugh @116618 is the worst! It never works right. Hulu, Netflix, HBONow, and literally ALL others NEVER give me a problem. Only Amazon. #DontWasteYourMoney #LearnFromMyMistakes
AGENT: @366354 I'm sorry to hear you're having issues with your Amazon Video, Jaime. Is there something I can help you with? ^SY",2,0.505,MEDIUM,1661781,@116618 what's up with this? A lot of videos are saying I'm unable to watch and some I've purchased. https://t.co/mb1jfEsP0L,"@506821 Hi Shantel, please contact us here and we'll be happy to look into it for you:  https://t.co/hApLpM3Ejd ^AT","CUSTOMER: @116618 what's up with this? A lot of videos are saying I'm unable to watch and some I've purchased. https://t.co/mb1jfEsP0L
AGENT: @506821 Hi, have you been able to double-check you're signed into the correct account/region? ^TS
CUSTOMER: @AmazonHelp Considering I never sign out to begin with I don't know why it would change
AGENT: @506821 When did you notice the change? Is it a recent issue or? ^NV
CUSTOMER: @AmazonHelp Yes, the last day or so. Maybe week tops.
CUSTOMER: @AmazonHelp Is not on all, just some.
AGENT: @506821 Hi Shantel, please contact us here and we'll be happy to look into it for you:  https://t.co/hApLpM3Ejd ^AT
CUSTOMER: @AmazonHelp Thanks
AGENT: @506821 You're welcome. ^DC",9,0.805,HIGH,1661781,@116618 what's up with this? A lot of videos are saying I'm unable to watch and some I've purchased. https://t.co/mb1jfEsP0L,"@506821 Hi Shantel, please contact us here and we'll be happy to look into it for you:  https://t.co/hApLpM3Ejd ^AT","CUSTOMER: @116618 what's up with this? A lot of videos are saying I'm unable to watch and some I've purchased. https://t.co/mb1jfEsP0L
AGENT: @506821 Hi, have you been able to double-check you're signed into the correct account/region? ^TS
CUSTOMER: @AmazonHelp Considering I never sign out to begin with I don't know why it would change
AGENT: @506821 When did you notice the change? Is it a recent issue or? ^NV
CUSTOMER: @AmazonHelp Yes, the last day or so. Maybe week tops.
CUSTOMER: @AmazonHelp Is not on all, just some.
AGENT: @506821 Hi Shantel, please contact us here and we'll be happy to look into it for you:  https://t.co/hApLpM3Ejd ^AT
CUSTOMER: @AmazonHelp Thanks
AGENT: @506821 You're welcome. ^DC",9,0.805,HIGH,1661781,@116618 what's up with this? A lot of videos are saying I'm unable to watch and some I've purchased. https://t.co/mb1jfEsP0L,"@506821 Hi Shantel, please contact us here and we'll be happy to look into it for you:  https://t.co/hApLpM3Ejd ^AT","CUSTOMER: @116618 what's up with this? A lot of videos are saying I'm unable to watch and some I've purchased. https://t.co/mb1jfEsP0L
AGENT: @506821 Hi, have you been able to double-check you're signed into the correct account/region? ^TS
CUSTOMER: @AmazonHelp Considering I never sign out to begin with I don't know why it would change
AGENT: @506821 When did you notice the change? Is it a recent issue or? ^NV
CUSTOMER: @AmazonHelp Yes, the last day or so. Maybe week tops.
CUSTOMER: @AmazonHelp Is not on all, just some.
AGENT: @506821 Hi Shantel, please contact us here and we'll be happy to look into it for you:  https://t.co/hApLpM3Ejd ^AT
CUSTOMER: @AmazonHelp Thanks
AGENT: @506821 You're welcome. ^DC",9,0.805,HIGH,0.30000000000000004,0.30000000000000004,0.06118851900100708,True,True,False,True,False,False,False,False,False,3.0
126,2632946,YES,payment,unknown,396896,396896,2946854,2946854,0.6752137541770935,0.6752137541770935,0.7402162551879883,0.7402162551879883,1.0,1.0,0.7,0.7,1.0,1.0,1.0,1.0,0.0,0.0,0.0,0.0,HIGH,HIGH,MEDIUM,MEDIUM,"@AmazonHelp - Why all the orders are in ""Payment Complete"" status in my seller dashboard?",@743429 Request you to please contact our seller support team here: https://t.co/hITbmQzz2y and we'll look into this. ^MK,"CUSTOMER: @AmazonHelp - Why all the orders are in ""Payment Complete"" status in my seller dashboard?
AGENT: @743429 Could you please confirm if you are a seller on our platform so that we can assist you accordingly. ^BA
CUSTOMER: @AmazonHelp Yes. I'm a seller.
AGENT: @743429 Request you to please contact our seller support team here: https://t.co/hITbmQzz2y and we'll look into this. ^MK",4,0.43,LOW,2946854,@AmazonHelp Hoping you can help me with an order and why payment is still pending.,@813929 We'd like to look into this with you and help sort this out. Please contact us here: https://t.co/hApLpMlfHN ^CO,"CUSTOMER: @AmazonHelp Hoping you can help me with an order and why payment is still pending.
AGENT: @813929 Thanks for reaching out to us, Russ! We are unable to view orders via Twitter. Has your order shipped yet? You can check here: https://t.co/Y5jpI9gRhE ^SW
CUSTOMER: @AmazonHelp No it hasn't.  I contacted the seller and they said it was because my payment is still pending.  I've ordered other items at the same time and they all went through.  Who can I contact?
AGENT: @813929 We'd like to look into this with you and help sort this out. Please contact us here: https://t.co/hApLpMlfHN ^CO",4,0.7,MEDIUM,2946854,@AmazonHelp Hoping you can help me with an order and why payment is still pending.,@813929 We'd like to look into this with you and help sort this out. Please contact us here: https://t.co/hApLpMlfHN ^CO,"CUSTOMER: @AmazonHelp Hoping you can help me with an order and why payment is still pending.
AGENT: @813929 Thanks for reaching out to us, Russ! We are unable to view orders via Twitter. Has your order shipped yet? You can check here: https://t.co/Y5jpI9gRhE ^SW
CUSTOMER: @AmazonHelp No it hasn't.  I contacted the seller and they said it was because my payment is still pending.  I've ordered other items at the same time and they all went through.  Who can I contact?
AGENT: @813929 We'd like to look into this with you and help sort this out. Please contact us here: https://t.co/hApLpMlfHN ^CO",4,0.7,MEDIUM,396896,"@AmazonHelp @115850 @115821 my order status says ""delivered"", but I haven't received any. I had already paid for the order :-/",@210014 I certainly understand your concern. Request you to revert to the Email correspondence you have received from us 1/2 ^HS,"CUSTOMER: @AmazonHelp @115850 @115821 my order status says ""delivered"", but I haven't received any. I had already paid for the order :-/
CUSTOMER: @AmazonHelp @115850 @115821 Called ur customer care. They confirmed it's a mistake from ur courier partner &amp; order will be delivered by the end of the day &amp; it didn't.
CUSTOMER: @AmazonHelp @115850 @115821 Now they r bothering me by asking me to upload my id proof and telling me that it may take 3-5 business days to resolve the issue.
CUSTOMER: @AmazonHelp @115850 @115821 Nice way to treat ur prime member! U broke ur prime one day guranteed delivery promise, didn't deliver the product &amp; now bothering customers
AGENT: @210014 Sorry about the trouble with the delivery of your order. I'd like to take a closer look. (1/2) ^HD
AGENT: @210014 Please share your details here: https://t.co/GIJyeYqKE0 and I'll get in touch with you. (2/2) ^HD
CUSTOMER: @AmazonHelp Hi, I haven't got a solution to my problem. I am feeling cheated.
CUSTOMER: @AmazonHelp Just to help you in ur investigation, please listen to the call recording of my call to Amazon customercare on Oct 09.
CUSTOMER: @AmazonHelp Ur customer rep called ur courier partner &amp; confirmed that order was still with them &amp; will be delivered eod and delivery status was false.
AGENT: @210014 Just to ensure, did you happen to share your details with us via the secure link? Do let us know. ^CB
CUSTOMER: @AmazonHelp Yes, I did.
AGENT: @210014 We've sent a correspondence to your registered email address. Kindly revert to the same and we'll reach out to you. ^SA
CUSTOMER: @AmazonHelp I haven't received any mail yet.
AGENT: @210014 Please check for our emails here: https://t.co/DTSNmGldJf and if you don't find an email from us ^SU(1/2)
AGENT: @210014 do reach us here: https://t.co/beaaDm0muc ^SU(2/2)
CUSTOMER: @AmazonHelp I have filled out the form. Please help.
AGENT: @210014 Thank you for the confirmation. We'll get back to you soon. ^SU
CUSTOMER: @AmazonHelp Had a call with ur customer care rep. He mentioned that he can't help further as the delivery agent marked it as ""delivered"".
CUSTOMER: @AmazonHelp I haven't received the product. I am feeling cheated now. It was my hard earned money!! Please tell me what should I do now?
CUSTOMER: @AmazonHelp I got a mail from ur customer support mentioning that I complaint about package being empty 2 times! 
I never filed such complain https://t.co/SPLP8WkvpG
CUSTOMER: @AmazonHelp The package was not even delivered to me!!
CUSTOMER: @AmazonHelp I didn't even receive the box. How will I complain about package being missing inside the box??
CUSTOMER: @AmazonHelp I just got this sms on Friday eve. When I tried calling back, number was switched off. Then I get the notification that order was delivered https://t.co/2CuNeEahUM
AGENT: @210014 Kindly revert to the correspondence which you have received from us and we will assist you further. ^SM
CUSTOMER: @AmazonHelp If I received the package, atleast show me my signature on the delivery receipt!!
AGENT: @210014 I'm so sorry for the trouble, please respond to the email you've received from us for any further assistance. ^SU
CUSTOMER: @AmazonHelp I have already reverted. Not helping.
AGENT: @210014 Apologies. We'd like to check this. Please fill this form: https://t.co/beaaDm0muc and I’ll contact you at the earliest. ^BV
AGENT: @210014 and we'll assist you with that. 2/2 ^HS
AGENT: @210014 I certainly understand your concern. Request you to revert to the Email correspondence you have received from us 1/2 ^HS
AGENT: @210014 Sorry about this experience. We've sent a correspondence to your registered email address. (½) ^BA
AGENT: @210014 Kindly check Spam, Junk folders and revert to the same and we'll reach out to you. (2/2).^BA
CUSTOMER: @AmazonHelp How many times you will reply with this same template? I have reverted you guys N number of times.",33,1.0,HIGH,396896,"@AmazonHelp @115850 @115821 my order status says ""delivered"", but I haven't received any. I had already paid for the order :-/",@210014 I certainly understand your concern. Request you to revert to the Email correspondence you have received from us 1/2 ^HS,"CUSTOMER: @AmazonHelp @115850 @115821 my order status says ""delivered"", but I haven't received any. I had already paid for the order :-/
CUSTOMER: @AmazonHelp @115850 @115821 Called ur customer care. They confirmed it's a mistake from ur courier partner &amp; order will be delivered by the end of the day &amp; it didn't.
CUSTOMER: @AmazonHelp @115850 @115821 Now they r bothering me by asking me to upload my id proof and telling me that it may take 3-5 business days to resolve the issue.
CUSTOMER: @AmazonHelp @115850 @115821 Nice way to treat ur prime member! U broke ur prime one day guranteed delivery promise, didn't deliver the product &amp; now bothering customers
AGENT: @210014 Sorry about the trouble with the delivery of your order. I'd like to take a closer look. (1/2) ^HD
AGENT: @210014 Please share your details here: https://t.co/GIJyeYqKE0 and I'll get in touch with you. (2/2) ^HD
CUSTOMER: @AmazonHelp Hi, I haven't got a solution to my problem. I am feeling cheated.
CUSTOMER: @AmazonHelp Just to help you in ur investigation, please listen to the call recording of my call to Amazon customercare on Oct 09.
CUSTOMER: @AmazonHelp Ur customer rep called ur courier partner &amp; confirmed that order was still with them &amp; will be delivered eod and delivery status was false.
AGENT: @210014 Just to ensure, did you happen to share your details with us via the secure link? Do let us know. ^CB
CUSTOMER: @AmazonHelp Yes, I did.
AGENT: @210014 We've sent a correspondence to your registered email address. Kindly revert to the same and we'll reach out to you. ^SA
CUSTOMER: @AmazonHelp I haven't received any mail yet.
AGENT: @210014 Please check for our emails here: https://t.co/DTSNmGldJf and if you don't find an email from us ^SU(1/2)
AGENT: @210014 do reach us here: https://t.co/beaaDm0muc ^SU(2/2)
CUSTOMER: @AmazonHelp I have filled out the form. Please help.
AGENT: @210014 Thank you for the confirmation. We'll get back to you soon. ^SU
CUSTOMER: @AmazonHelp Had a call with ur customer care rep. He mentioned that he can't help further as the delivery agent marked it as ""delivered"".
CUSTOMER: @AmazonHelp I haven't received the product. I am feeling cheated now. It was my hard earned money!! Please tell me what should I do now?
CUSTOMER: @AmazonHelp I got a mail from ur customer support mentioning that I complaint about package being empty 2 times! 
I never filed such complain https://t.co/SPLP8WkvpG
CUSTOMER: @AmazonHelp The package was not even delivered to me!!
CUSTOMER: @AmazonHelp I didn't even receive the box. How will I complain about package being missing inside the box??
CUSTOMER: @AmazonHelp I just got this sms on Friday eve. When I tried calling back, number was switched off. Then I get the notification that order was delivered https://t.co/2CuNeEahUM
AGENT: @210014 Kindly revert to the correspondence which you have received from us and we will assist you further. ^SM
CUSTOMER: @AmazonHelp If I received the package, atleast show me my signature on the delivery receipt!!
AGENT: @210014 I'm so sorry for the trouble, please respond to the email you've received from us for any further assistance. ^SU
CUSTOMER: @AmazonHelp I have already reverted. Not helping.
AGENT: @210014 Apologies. We'd like to check this. Please fill this form: https://t.co/beaaDm0muc and I’ll contact you at the earliest. ^BV
AGENT: @210014 and we'll assist you with that. 2/2 ^HS
AGENT: @210014 I certainly understand your concern. Request you to revert to the Email correspondence you have received from us 1/2 ^HS
AGENT: @210014 Sorry about this experience. We've sent a correspondence to your registered email address. (½) ^BA
AGENT: @210014 Kindly check Spam, Junk folders and revert to the same and we'll reach out to you. (2/2).^BA
CUSTOMER: @AmazonHelp How many times you will reply with this same template? I have reverted you guys N number of times.",33,1.0,HIGH,0.30000000000000004,0.30000000000000004,0.06500250101089478,False,True,False,True,False,False,False,False,False,3.0
143,2602238,YES,product,not_received,65886,2719435,1723883,1723883,0.7618587017059326,0.7582384347915649,0.774213969707489,0.774213969707489,0.58,0.775,0.52,0.52,0.0,0.0,0.0,0.0,0.5,0.0,0.0,0.0,MEDIUM,HIGH,MEDIUM,MEDIUM,"@115850 why is order cancellation such tedious job,is it purposely done to discourage even genuine buyers? And why you discourage telephonic conversation",@735945 You can respond to the correspondence you have received. We will assist you further. ^JS,"CUSTOMER: @115850 why is order cancellation such tedious job,is it purposely done to discourage even genuine buyers? And why you discourage telephonic conversation
CUSTOMER: @115850 Totally disappointed with amazon
AGENT: @735945 We've responded to your query here: https://t.co/kuQJClot0Q. Kindly check. ^PS
CUSTOMER: @AmazonHelp Not satisfied, please call....you have not confirmed regarding order cancellation.. please call, please call
CUSTOMER: @AmazonHelp Please call immediately
AGENT: @735945 You can respond to the correspondence you have received. We will assist you further. ^JS
CUSTOMER: @AmazonHelp Sir,I am surprised that Amazon India refused to speak regarding order as if to force the item on the buyer.There is no choice at all for personal https://t.co/Ob2xF5x2kW disappointed and that is frustrating
AGENT: @735945 We've responded to your query via DM, request you to check the same. ^SH
CUSTOMER: @AmazonHelp I repeat I am not satisfied, please call me
CUSTOMER: @AmazonHelp I repeat I am not satisfied. please call
AGENT: @735945 We're unable to reach you via this medium, Kumar. Please respond to our email so we could take it from there. ^JC
CUSTOMER: @AmazonHelp Despite my cancellation Amazon in have deppached item.I didn't receive any other mail except confirmation of despatch.please cancel, repeat cancel the despatch.
CUSTOMER: @AmazonHelp If I am forced to buy,I will be never happy.
AGENT: @735945 I'm sorry about the disappointment. Kindly connect with us here: https://t.co/vlvfJr4nN9 we'd like to help. ^SG",14,0.76,HIGH,1723883,Amazone India is forcing me to cancel an order I placed &amp; purchase something else. #AmazonHQ2 #amazonindia #amazonisathugshop. https://t.co/zgutjAuM7B,@521437 That's odd! We'd like to look into it. Kindly share your details here: https://t.co/beaaDm0muc we'll reach out to you soon. ^AP,"CUSTOMER: Amazone India is forcing me to cancel an order I placed &amp; purchase something else. #AmazonHQ2 #amazonindia #amazonisathugshop. https://t.co/zgutjAuM7B
AGENT: @521437 That's odd! We'd like to look into it. Kindly share your details here: https://t.co/beaaDm0muc we'll reach out to you soon. ^AP",2,0.52,MEDIUM,1723883,Amazone India is forcing me to cancel an order I placed &amp; purchase something else. #AmazonHQ2 #amazonindia #amazonisathugshop. https://t.co/zgutjAuM7B,@521437 That's odd! We'd like to look into it. Kindly share your details here: https://t.co/beaaDm0muc we'll reach out to you soon. ^AP,"CUSTOMER: Amazone India is forcing me to cancel an order I placed &amp; purchase something else. #AmazonHQ2 #amazonindia #amazonisathugshop. https://t.co/zgutjAuM7B
AGENT: @521437 That's odd! We'd like to look into it. Kindly share your details here: https://t.co/beaaDm0muc we'll reach out to you soon. ^AP",2,0.52,MEDIUM,2719435,Help me cancel an order please @AmazonHelp @115850 I'm not being able to do it,@763158 Sorry to know you're having trouble canceling an order. Kindly connect with our support team here: https://t.co/TdDksLo6Mf. We'll assist you. ^PS,"CUSTOMER: Help me cancel an order please @AmazonHelp @115850 I'm not being able to do it
AGENT: @763158 Sorry to know you're having trouble canceling an order. Kindly connect with our support team here: https://t.co/TdDksLo6Mf. We'll assist you. ^PS
CUSTOMER: @AmazonHelp Thank you
AGENT: @763158 You're welcome. Do keep us posted for any further assistance. ^AH",4,0.775,HIGH,65886,@AmazonHelp Have already cancelled order mentioned since there was no meaning in delivered after valuable time. We live in a very much time respecting world and I wish this can be improved later by @115850 and delivery team. Unfortunately nobody called up for reason of order cancellation.,"@131070 Apologies for the delay in the delivery of your order, Have you reported this to our support team yet? If not please report this to our support team here: https://t.co/rS49hgsbvd and we'll look into it right away. ^SU","CUSTOMER: @AmazonHelp Have already cancelled order mentioned since there was no meaning in delivered after valuable time. We live in a very much time respecting world and I wish this can be improved later by @115850 and delivery team. Unfortunately nobody called up for reason of order cancellation.
AGENT: @131070 Apologies for the inconvenience you had regarding your order. We would like to look into it. Please share your details here: https://t.co/GIJyeYqKE0 and we will get in touch with you soon. ^AH
CUSTOMER: @115850 If I don't receive a call from delivery guy then I won't get my parcel and delivery will be attempted on next day when my vacations are starting. Shame on such services. Very disappointed. #shame #Amazon  #bad_service
AGENT: @131070 Apologies for the delay in the delivery of your order, Have you reported this to our support team yet? If not please report this to our support team here: https://t.co/rS49hgsbvd and we'll look into it right away. ^SU",4,0.58,MEDIUM,0.255,0.05999999999999994,0.015975534915924072,False,True,True,False,True,False,False,False,True,3.0
168,1578308,NO,technical,unknown,2603117,1588763,1937795,1937795,0.7419112920761108,0.7254822254180908,0.7516700029373169,0.7516700029373169,0.64,0.745,0.505,0.505,1.0,0.0,1.0,1.0,0.0,0.0,0.0,0.0,MEDIUM,MEDIUM,MEDIUM,MEDIUM,@115821 needs to be fixed pronto. not a minor oversight.  even $100 a big deal to many ppl.  Cust. since 2004 &amp; never been so disappointed.,@486087 I replied to your Direct Message. ^SJ,"CUSTOMER: @115821 needs to be fixed pronto. not a minor oversight.  even $100 a big deal to many ppl.  Cust. since 2004 &amp; never been so disappointed.
AGENT: @486087 I replied to your Direct Message. ^SJ",2,0.285,LOW,1937795,I’m just immensely disappointed with @115821 after this whole thing. Clearly @115851 could really give a damn about the consumer.,"@438785 I'm sorry it arrived in this condition! At your convenience, visit this link so we can help: https://t.co/bQYNLTg8ED ^SJ","CUSTOMER: I’m just immensely disappointed with @115821 after this whole thing. Clearly @115851 could really give a damn about the consumer.
CUSTOMER: @115821 @115851 Big fan of coming home to a guaranteed day late, water damaged package. The whole mailer is just flimsy like it absorbed a puddle. https://t.co/LRbvG1OhkZ
AGENT: @438785 I'm sorry it arrived in this condition! At your convenience, visit this link so we can help: https://t.co/bQYNLTg8ED ^SJ",3,0.505,MEDIUM,1937795,I’m just immensely disappointed with @115821 after this whole thing. Clearly @115851 could really give a damn about the consumer.,"@438785 I'm sorry it arrived in this condition! At your convenience, visit this link so we can help: https://t.co/bQYNLTg8ED ^SJ","CUSTOMER: I’m just immensely disappointed with @115821 after this whole thing. Clearly @115851 could really give a damn about the consumer.
CUSTOMER: @115821 @115851 Big fan of coming home to a guaranteed day late, water damaged package. The whole mailer is just flimsy like it absorbed a puddle. https://t.co/LRbvG1OhkZ
AGENT: @438785 I'm sorry it arrived in this condition! At your convenience, visit this link so we can help: https://t.co/bQYNLTg8ED ^SJ",3,0.505,MEDIUM,1588763,"God damn it, but @115833 is getting worse and worse and worse as time goes on. Maybe it's time to dump all @115821 services and move on.","@488575 Is there a specific issue with your Echo we can help with? Also, you can always leave feedback through the Alexa app. ^AM","CUSTOMER: God damn it, but @115833 is getting worse and worse and worse as time goes on. Maybe it's time to dump all @115821 services and move on.
AGENT: @488575 Is there a specific issue with your Echo we can help with? Also, you can always leave feedback through the Alexa app. ^AM
CUSTOMER: @AmazonHelp The piece of shit can't understand basic requests. Called tech support, they useless. Seriously considering trashing it @ buying Google home
CUSTOMER: @AmazonHelp Me: Alexa, shuffle songs by Edie Brickell and Steve Martin.
Alexa: Shuffling songs by Steve Gad and Eddie Brickell.
CUSTOMER: @AmazonHelp Repeat thirty times a half an inch from the microphone.
CUSTOMER: @AmazonHelp Me: Alexa, turn off my kitchen lights.
Akexa: I found several devices matching that name. Which one did you want?
Me: My. Kitchen. Lights.
CUSTOMER: @AmazonHelp Kitchen lights go off.

This one happens every single goddamn day. Every single day.
CUSTOMER: @AmazonHelp Me: Alexa, set an alarm for 7AM.

Alarm never goes off

Me, next morning, 7:30: Alexa, what time is my alarm. 

Alexa: No alarm has been set
CUSTOMER: @AmazonHelp That one made me late for work. Thanks a fuck-ton for that one, Amazon.
CUSTOMER: @AmazonHelp And let's not even get started on what this pile of garbage *thinks* it hears when I add things to my shopping list.
AGENT: @488575 Sorry for the poor experience. Please allow us another chance to look further into this issue: https://t.co/hApLpMlfHN ^AB",11,0.745,MEDIUM,2603117,@115850 this is disappointing.,"@264323 Apologies, please fill this form: https://t.co/beaaDm0muc and we'll get back to you soon. Please don't provide your order details, as we consider it to be personal information. Our Twitter page is public. ^SI","CUSTOMER: @115850 this is disappointing. 
I returned an item some two weeks ago and all you are saying is you received some baby pants instead of the correct item.
Is it my fault that you sent such unworthy people to collect our return items?
Disappointed.My last purchase from Amazon https://t.co/MuNeIoHirK
AGENT: @264323 Apologies, please fill this form: https://t.co/beaaDm0muc and we'll get back to you soon. Please don't provide your order details, as we consider it to be personal information. Our Twitter page is public. ^SI",2,0.64,MEDIUM,0.24,0.135,0.026187777519226074,False,True,True,False,True,False,False,False,True,3.0
21,379772,YES,payment,cancelled,1450097,2460750,1450097,2547050,0.7110173106193542,0.7672609090805054,0.7110173106193542,0.7892637848854065,0.64,0.745,0.64,0.52,1.0,0.5,1.0,0.0,0.0,0.0,0.0,0.5,MEDIUM,MEDIUM,MEDIUM,MEDIUM,@115850 I had ordered a Moto G5 plus and made a payment but it got cancelled without specifying any reason. Look into this asap.,@206096 Canceled orders are followed by an email with the reason. Kindly check your registered email address for the same. ^SA,"CUSTOMER: @115850 I had ordered a Moto G5 plus and made a payment but it got cancelled without specifying any reason. Look into this asap.
AGENT: @206096 Canceled orders are followed by an email with the reason. Kindly check your registered email address for the same. ^SA
CUSTOMER: @AmazonHelp The reason is not valid because at the time of ordering there were no terms as such.
AGENT: @206096 I'm sorry you feel this way, I'll be sure to forward this as a feedback internally. ^AG",4,0.79,HIGH,2547050,@115850 it’s really worrying that amazon staffs are providing false promises regarding refund of cash..true business only will prevail. Pls act on it top mgmt. #moto G5’s plus order. Order is- 171-8713460-8413163..,@723874 We would like to help you. Please share your details with us here: https://t.co/GIJyeYqKE0. We'll get in touch shortly. Please don't provide your order details as we consider it personal information. Our twitter page is visible to public.^CB,"CUSTOMER: @115850 it’s really worrying that amazon staffs are providing false promises regarding refund of cash..true business only will prevail. Pls act on it top mgmt. #moto G5’s plus order. Order is- 171-8713460-8413163..
AGENT: @723874 We would like to help you. Please share your details with us here: https://t.co/GIJyeYqKE0. We'll get in touch shortly. Please don't provide your order details as we consider it personal information. Our twitter page is visible to public.^CB",2,0.52,MEDIUM,1450097,"@115850 order# 4__credit_card__ Got new moto g5s+ without charger &amp; headfone, spoke to cs team they r offering 500/- Terrible service!","@456490 Please don't provide your order details, as we consider it to be personal information. Our Twitter page is public.​ 2/2 ^NK","CUSTOMER: @115850 order# 4__credit_card__ Got new moto g5s+ without charger &amp; headfone, spoke to cs team they r offering 500/- Terrible service!
AGENT: @456490 I'm sorry to hear that, Prabhat. Please fill this form: https://t.co/beaaDm0muc and we’ll contact you at the earliest 1/2 ^NK
AGENT: @456490 Please don't provide your order details, as we consider it to be personal information. Our Twitter page is public.​ 2/2 ^NK",3,0.64,MEDIUM,2460750,@115850 So I had ordered a Moto G5s and I got a Moto G5 plus. Please do something about it. Thank you https://t.co/n2A4CMzr4U,"@704600 Apologies for the mix-up. We never intended to let this happen. Did you report it to our support team? If not, please do it from here: https://t.co/rS49hgaADF so that we can assist you accordingly. ^SC","CUSTOMER: @115850 So I had ordered a Moto G5s and I got a Moto G5 plus. Please do something about it. Thank you https://t.co/n2A4CMzr4U
AGENT: @704600 Apologies for the mix-up. We never intended to let this happen. Did you report it to our support team? If not, please do it from here: https://t.co/rS49hgaADF so that we can assist you accordingly. ^SC",2,0.745,MEDIUM,1450097,"@115850 order# 4__credit_card__ Got new moto g5s+ without charger &amp; headfone, spoke to cs team they r offering 500/- Terrible service!","@456490 Please don't provide your order details, as we consider it to be personal information. Our Twitter page is public.​ 2/2 ^NK","CUSTOMER: @115850 order# 4__credit_card__ Got new moto g5s+ without charger &amp; headfone, spoke to cs team they r offering 500/- Terrible service!
AGENT: @456490 I'm sorry to hear that, Prabhat. Please fill this form: https://t.co/beaaDm0muc and we’ll contact you at the earliest 1/2 ^NK
AGENT: @456490 Please don't provide your order details, as we consider it to be personal information. Our Twitter page is public.​ 2/2 ^NK",3,0.64,MEDIUM,0.22499999999999998,0.12,0.022002875804901123,True,True,True,False,True,False,False,False,True,3.0
140,1483559,YES,return,unknown,348957,2402371,348957,348957,0.8675363063812256,0.8259835839271545,0.8675363063812256,0.8675363063812256,0.52,0.745,0.52,0.52,0.5,0.0,0.5,0.5,0.0,0.0,0.0,0.0,MEDIUM,MEDIUM,MEDIUM,MEDIUM,"@AmazonHelp Hi, team, tried the same but still now no response.","@464514 Tell us more about your issue, select 'More order issues' &gt; choose from chat/phone/email options and we'll be glad to assist.2/2^KA","CUSTOMER: @AmazonHelp Hi, team, tried the same but still now no response.
AGENT: @464514 Sorry for the trouble, Debabatra. After logging in to your account through the link provided earlier, under 1/2 ^KA
AGENT: @464514 Tell us more about your issue, select 'More order issues' &gt; choose from chat/phone/email options and we'll be glad to assist.2/2^KA
CUSTOMER: @AmazonHelp team sent the details through DM
AGENT: @464514 We've responded to your query via DM, request you to check the same. ^SH
CUSTOMER: @115850 There was a 10% cashback on amazon pay, still to receive the same on my ORDER # 404-4401178-3280313
AGENT: @464514 Let us check this out for you. Please reach us via https://t.co/r8OjOjMdND and we'll look into this. (1/2) ^VM
AGENT: @464514 Please don’t provide your order details, we consider them as personal information. Our Twitter page is visible to public. (2/2) ^VM
CUSTOMER: @AmazonHelp there is no option for cashback only tracking, return, seller and delivery feedback
AGENT: @464514 You can select any alternate option and connect to our support team. We'll take it from  there &amp; assist you further. ^EM",10,0.315,LOW,348957,@AmazonHelp @115850 15% Cashback not received on Order No.406-5005773-5795543. Instead got less refund on return of this order. https://t.co/fufYpjIO49,@199062 Please don’t provide your details as we consider them to be personal information. Our Twitter page is public. 3/3 ^SH,"CUSTOMER: @AmazonHelp @115850 15% Cashback not received on Order No.406-5005773-5795543. Instead got less refund on return of this order. https://t.co/fufYpjIO49
AGENT: @199062 I'm sorry about this. I'd like to look into the issue and set things right. Kindly provide your details 1/3 ^SH
AGENT: @199062 here: https://t.co/BcGWIuqvrb and I'll get back to you on this. 2/3 ^SH
AGENT: @199062 Please don’t provide your details as we consider them to be personal information. Our Twitter page is public. 3/3 ^SH
CUSTOMER: @AmazonHelp Ok, please DM me the needful
CUSTOMER: @AmazonHelp Sent the details. Please check and revert ASAP",6,0.52,MEDIUM,348957,@AmazonHelp @115850 15% Cashback not received on Order No.406-5005773-5795543. Instead got less refund on return of this order. https://t.co/fufYpjIO49,@199062 Please don’t provide your details as we consider them to be personal information. Our Twitter page is public. 3/3 ^SH,"CUSTOMER: @AmazonHelp @115850 15% Cashback not received on Order No.406-5005773-5795543. Instead got less refund on return of this order. https://t.co/fufYpjIO49
AGENT: @199062 I'm sorry about this. I'd like to look into the issue and set things right. Kindly provide your details 1/3 ^SH
AGENT: @199062 here: https://t.co/BcGWIuqvrb and I'll get back to you on this. 2/3 ^SH
AGENT: @199062 Please don’t provide your details as we consider them to be personal information. Our Twitter page is public. 3/3 ^SH
CUSTOMER: @AmazonHelp Ok, please DM me the needful
CUSTOMER: @AmazonHelp Sent the details. Please check and revert ASAP",6,0.52,MEDIUM,2402371,@AmazonHelp @115850 Would like to know about the cashback status of my order ? DM'ed you the order ID.,"@691157 I understand your concern. We’d like to help you, please fill this form: https://t.co/beaaDm0muc and we’ll contact you soon.","CUSTOMER: @AmazonHelp @115850 Would like to know about the cashback status of my order ? DM'ed you the order ID.
AGENT: @691157 I understand your concern. We’d like to help you, please fill this form: https://t.co/beaaDm0muc and we’ll contact you soon. 
Please don't provide your order details, we consider it to be personal information. Our page is visible to the public.^PJ",2,0.745,MEDIUM,348957,@AmazonHelp @115850 15% Cashback not received on Order No.406-5005773-5795543. Instead got less refund on return of this order. https://t.co/fufYpjIO49,@199062 Please don’t provide your details as we consider them to be personal information. Our Twitter page is public. 3/3 ^SH,"CUSTOMER: @AmazonHelp @115850 15% Cashback not received on Order No.406-5005773-5795543. Instead got less refund on return of this order. https://t.co/fufYpjIO49
AGENT: @199062 I'm sorry about this. I'd like to look into the issue and set things right. Kindly provide your details 1/3 ^SH
AGENT: @199062 here: https://t.co/BcGWIuqvrb and I'll get back to you on this. 2/3 ^SH
AGENT: @199062 Please don’t provide your details as we consider them to be personal information. Our Twitter page is public. 3/3 ^SH
CUSTOMER: @AmazonHelp Ok, please DM me the needful
CUSTOMER: @AmazonHelp Sent the details. Please check and revert ASAP",6,0.52,MEDIUM,0.22499999999999998,0.0,0.041552722454071045,False,True,True,False,True,False,False,False,True,3.0
16,575311,NO,unknown,not_received,2596387,2308339,878783,878783,0.7372447848320007,0.7360398769378662,0.7669117450714111,0.7669117450714111,0.91,0.925,0.715,0.715,0.0,0.0,0.0,0.0,0.5,0.0,0.0,0.0,HIGH,HIGH,MEDIUM,MEDIUM,@115821 @115850 @1840 @115851 @2517 @120320 @118341 @132458 @7291 @25348 This is the amazon services they will make a daily new excause and daily they raise a new complain...how can i trust on them tell me anyone........please close amazon in India https://t.co/U3hxViLIFS,@231112 Kindly reply to the email sent to you from our executive escalations team and they will get back to you with an update. Appreciate your understanding.^HR,"CUSTOMER: @115821 @115850 @1840 @115851 @2517 @120320 @118341 @132458 @7291 @25348 This is the amazon services they will make a daily new excause and daily they raise a new complain...how can i trust on them tell me anyone........please close amazon in India https://t.co/U3hxViLIFS
AGENT: @231112 I understand your concern aslam, we've sent the correspondence to your registered email ID. Kindly check it here: https://t.co/8DAc10S7ww ^SP
CUSTOMER: @115821 @115850 @1840 @115851 @2517 @120320 @118341 @132458 @7291 @25348 you can see the above photo i informed them on 1dec itself but they don't register a complain on 1st dec they make a complain on 3rd dec what is this.. This is the service of amazon.in how irresponsible they are and also they telling lie...
CUSTOMER: @115821 @115850 @1840 @115851 @2517 @120320 @118341 @132458 @7291 @25348 Amazon make me very upset and irritate me and waste my time so i want to inform you please don't buy anything from amazon you will also have to face this type of situation in future please backward amazon
AGENT: @231112 We'd certainly want to help you. As mentioned earlier please reply to the correspondence received so we could assist you further. ^BS
CUSTOMER: @AmazonHelp i want a call back i reply on mail but you didn't call me what is it mean i already provided  you screen short
AGENT: @231112 Since you've already responded to our correspondence, you'd receive an update anytime soon. Appreciate your patience and understanding. ^EM
CUSTOMER: @AmazonHelp I not received any call till now
AGENT: @231112 Kindly reply to the email sent to you from our executive escalations team and they will get back to you with an update. Appreciate your understanding.^HR
CUSTOMER: @AmazonHelp No they will not call me
AGENT: @231112 Please reply to the correspondence from our specialist team with more insight on this so that they can reach out to you accordingly. ^VN
CUSTOMER: @AmazonHelp When they will contact me please mention the time so that I can trust on you
CUSTOMER: @AmazonHelp Pls give me perfect time
AGENT: @231112 Please reply to the correspondence with your preferred time and we'll connect with you soon. ^VH
CUSTOMER: @AmazonHelp i told them contact me within 5 min but you contact me NO so why are you asking my preferred time
AGENT: @231112 I'm sorry we weren't able to contact you at your preferred timings. Kindly reply to the correspondence with your preferred timings and we'll contact you soon.  ^GD
CUSTOMER: @AmazonHelp contact me on 6:30 PM IST
AGENT: @231112 Twitter being a social media platform, we wouldn't have the access to your account. Please respond to the email correspondence for further assistance. Appreciate your understanding. ^NK
CUSTOMER: @AmazonHelp you can access all the things you bloody cheaters
AGENT: @231112 Being a social platform, we won't be able to gain access to your account and check this for you. Please respond to the email correspondence for further assistance. ^VH",20,0.835,HIGH,878783,@AmazonHelp @15471 @120697 @115821 @2517 @4030 @118702 @14281 @75897 @120697 amazon has cheated n harassed me tactfully for Rs 35000 i ve all proofs,@328635 You must've received an E-mail correspondence from us to your registered E-mail address. Kindly check (1/2) ^MO,"CUSTOMER: @AmazonHelp @15471 @120697 @115821 @2517 @4030 @118702 @14281 @75897 @120697 amazon has cheated n harassed me tactfully for Rs 35000 i ve all proofs
CUSTOMER: @AmazonHelp Wrong commitments by ur compny. App isnt allowing me to return a product. Refund 4 earlier item delayed by 65 days.Is dis customer service
AGENT: @328635 I’d like to help you, please fill this form: https://t.co/beaaDm0muc and I’ll contact you soon. ^SM
CUSTOMER: @AmazonHelp This company is a cheat. @146956 @144775 @120320 @118702 @115821 is biggest cheater. No customer service support. Wrong commitments fraud
CUSTOMER: @AmazonHelp @146956 amazon has been cheating its customers. My money blocked for 60 days.
AGENT: @328635 I'm sorry to see you upset, elaborate your concern &amp; we'll help you accordingly. ^MJ
CUSTOMER: @AmazonHelp I had ordered an article for which i got a defective product. Then i was harassed by your company for 2 months. Wrong commitments
CUSTOMER: @AmazonHelp ndtv @15471 @120697 @115821 has cheated me for an amount of rs 35000. All T&amp;C ve been voilated by d co. Customer care blocked
AGENT: @328635 Apologies for the disappointing experience you've had. Kindly share your details through the link provided 1/2 ^KH
AGENT: @328635 earlier. We'll investigate with it. 2/2 ^KH
CUSTOMER: @AmazonHelp Everything has been provided well in time. Dont find out ways to delay n fool me.
AGENT: @328635 You must've received an E-mail correspondence from us to your registered E-mail address. Kindly check (1/2) ^MO
AGENT: @328635 and reply to the same for further assistance. (2/2) ^MO",13,0.715,MEDIUM,878783,@AmazonHelp @15471 @120697 @115821 @2517 @4030 @118702 @14281 @75897 @120697 amazon has cheated n harassed me tactfully for Rs 35000 i ve all proofs,@328635 You must've received an E-mail correspondence from us to your registered E-mail address. Kindly check (1/2) ^MO,"CUSTOMER: @AmazonHelp @15471 @120697 @115821 @2517 @4030 @118702 @14281 @75897 @120697 amazon has cheated n harassed me tactfully for Rs 35000 i ve all proofs
CUSTOMER: @AmazonHelp Wrong commitments by ur compny. App isnt allowing me to return a product. Refund 4 earlier item delayed by 65 days.Is dis customer service
AGENT: @328635 I’d like to help you, please fill this form: https://t.co/beaaDm0muc and I’ll contact you soon. ^SM
CUSTOMER: @AmazonHelp This company is a cheat. @146956 @144775 @120320 @118702 @115821 is biggest cheater. No customer service support. Wrong commitments fraud
CUSTOMER: @AmazonHelp @146956 amazon has been cheating its customers. My money blocked for 60 days.
AGENT: @328635 I'm sorry to see you upset, elaborate your concern &amp; we'll help you accordingly. ^MJ
CUSTOMER: @AmazonHelp I had ordered an article for which i got a defective product. Then i was harassed by your company for 2 months. Wrong commitments
CUSTOMER: @AmazonHelp ndtv @15471 @120697 @115821 has cheated me for an amount of rs 35000. All T&amp;C ve been voilated by d co. Customer care blocked
AGENT: @328635 Apologies for the disappointing experience you've had. Kindly share your details through the link provided 1/2 ^KH
AGENT: @328635 earlier. We'll investigate with it. 2/2 ^KH
CUSTOMER: @AmazonHelp Everything has been provided well in time. Dont find out ways to delay n fool me.
AGENT: @328635 You must've received an E-mail correspondence from us to your registered E-mail address. Kindly check (1/2) ^MO
AGENT: @328635 and reply to the same for further assistance. (2/2) ^MO",13,0.715,MEDIUM,2308339,@AmazonHelp Day 7: Still only false hope shown from @115850 guys over tweets. Its been 7 days after my complaint but still no one has even call me. Replying with same tweets to wait and automated email replys. #CustomerExperience #customerservice #amazonindia #cheating_customers,@669577 I've checked and see that we haven't received your details. Please share your details using the link provided earlier and we'll help you with this. ^AS,"CUSTOMER: @AmazonHelp Day 7: Still only false hope shown from @115850 guys over tweets. Its been 7 days after my complaint but still no one has even call me. Replying with same tweets to wait and automated email replys. #CustomerExperience #customerservice #amazonindia #cheating_customers
AGENT: @669577 I'm sorry it is taking longer than expected. Our relevant team is actively working on the issue, we'll get back to you as soon as we receive an update from them. ^SH
CUSTOMER: Hi @115850 
I have nt received my order 171-4857421-5058729 &amp; 171-9807738-0205921 bt still it is showing delivered. Trying 2 reach agent’s number 9911503432 bt it is out of reach or switched off. https://t.co/mOqo6rd7cU
AGENT: @669577 Also, please don't provide your order details, we consider it to be personal information. Our page is visible to the public. ^SM (2/2)
AGENT: @669577 That's unusual. I'd like to take a closer look into this. Please reach out to us from here: https://t.co/rS49hgaADF so that we can assist you accordingly. ^SM (1/2)
CUSTOMER: @AmazonHelp Please give me a solution to this as deliver date shown is 8th and today is 13
AGENT: @669577 We would surely look into this. Could you please confirm if you have shared the details via link provided earlier? If yes, then you will receive an email correspondence from us shortly. Appreciate your patience.^HS
CUSTOMER: @AmazonHelp #chatwithamazonagent https://t.co/5sQlXYNZS9
AGENT: @669577 I'm sorry for the trouble you've faced with your recent orders. We'd like to have a closer look into this, kindly drop in your details here:https://t.co/beaaDm0muc &amp; we'll have this checked. ^EM
CUSTOMER: @AmazonHelp I have yet not receive any update from your end neither have received my order. Please let me know weather you are going to resolve my problem ? #AmazonIndia #amazonfraud #amazoncheat #cheatingcustomers #CustomerExperience #CustomerService #ecommerce
AGENT: @669577 We have sent a correspondence to your registered email ID. Please check and do the needful. ^AH
CUSTOMER: @AmazonHelp Is this your solution. Your mail states again to wait, when will my waiting process get over. I still dont see any further steps taken from your end. My problem is just sent from one table to other.#amazonindia #ecommerce #nosolution #onlytalks https://t.co/S6ESF1Bsms
AGENT: @669577 I can understand it would be worrisome. And I'm sorry about the stretch. However, I request you to please give us some time as our team is working on this and will get back to you soon with an update. ^SF
CUSTOMER: @AmazonHelp No one contacted me for further steps. Is this the way you keep your customers in dark. Just by replying to my tweet will not solve my problem. #ecommerce #cheating #CustomerService #customer #Amazon #AmazonIndia
AGENT: @669577 I've checked and see that we haven't received your details. Please share your details using the link provided earlier and we'll help you with this. ^AS
CUSTOMER: @AmazonHelp Please check it again
AGENT: @669577 I have checked our records and I see that we have received your details now. Our team is working on it and we'll get back to you at the earliest. ^RI",17,0.925,HIGH,2596387,@115850 Amazon India sucks... pathetic service for a prime member.. overdue delivery from nov 12 and poor response from customer care.. #amazonsucks..,@735148 We haven't received your details yet. Kindly share your details on the link provided earlier so we can look into the issue. ^SH,"CUSTOMER: @115850 Amazon India sucks... pathetic service for a prime member.. overdue delivery from nov 12 and poor response from customer care.. #amazonsucks..
AGENT: @735148 Sorry for the delay. Please drop in your details here: - https://t.co/beaaDm0muc and we'll get in touch with you at the earliest. ^SC
CUSTOMER: @AmazonHelp I want u to cal me right away.. ur representative seethapathy used unparliamentary words.. I want an apology and an escalation cal..
CUSTOMER: @AmazonHelp I want a call right away
AGENT: @735148 We do not have access to your account details over Twitter. Please drop in your details via the link shared earlier. We'll sort this out. ^SB
CUSTOMER: @AmazonHelp Alrdy done
CUSTOMER: @AmazonHelp Alrdy done
AGENT: @735148 We haven't received your details yet. Kindly share your details on the link provided earlier so we can look into the issue. ^SH
CUSTOMER: @AmazonHelp Done twice
AGENT: @735148 We've received your details and we'll get back to you soon. ^PS
CUSTOMER: @AmazonHelp ETA pls",11,0.91,HIGH,0.21000000000000008,0.19500000000000006,0.030871868133544922,False,True,True,False,False,False,False,True,True,3.0
42,2187356,NO,refund,refund,440991,1562866,440991,440991,0.873054027557373,0.8477929830551147,0.873054027557373,0.873054027557373,0.91,1.0,0.91,0.91,1.0,1.0,1.0,1.0,1.0,0.0,1.0,1.0,HIGH,HIGH,HIGH,HIGH,@115821  @AmazonHelp #RT432247465IN I know that Amazon is not a fraud company pls refund as early as possible . No more discussions pls,@640547 I understand that you are having a refund issue. Have you reported this to our support here: https://t.co/vlvfJr4nN9? ^AH,"CUSTOMER: @115821  @AmazonHelp #RT432247465IN I know that Amazon is not a fraud company pls refund as early as possible . No more discussions pls
AGENT: @640547 I understand that you are having a refund issue. Have you reported this to our support here: https://t.co/vlvfJr4nN9? ^AH",2,0.52,MEDIUM,440991,"@AmazonHelp @115850 @115821 yr ccare executive named Rohit, assured me of refund in 24hrs, it's been more than 48hrs, nothing has been done. #Fraud","@219630 Thank you for keeping us posted. We've received the details, our team will work on it &amp; respond at the earliest(1/2)^SF","CUSTOMER: @AmazonHelp @115850 @115821 yr ccare executive named Rohit, assured me of refund in 24hrs, it's been more than 48hrs, nothing has been done. #Fraud
AGENT: @219630 Sorry for the trouble with refund, Balmiki. I'd like to take a closer look. 1/2 ^HD
AGENT: @219630 Please share your details here: https://t.co/GIJyeYqKE0 and I'll get in touch with you. 2/2 ^HD
CUSTOMER: @AmazonHelp How many times shall I fill up the information? Done it twice, and e-mail the details as well. Sick
AGENT: @219630 We've checked and could not find your details. Do share your details and our team will reach out to you soon. ^RD
CUSTOMER: @AmazonHelp This is an harrassment. I have filled the form again. Id- __email__ . 
@115850 @115821 @164163
AGENT: @219630 Please don't provide your order details, we consider it to be personal information. Our page is visible to the public.(2/2)^SF
AGENT: @219630 Thank you for keeping us posted. We've received the details, our team will work on it &amp; respond at the earliest(1/2)^SF
CUSTOMER: @AmazonHelp Let me tell you, nothing has been done since 3days. Again I have email you the transaction screen shot @115850 . #feelingCheated.
CUSTOMER: @AmazonHelp Shocked why my card details shared with @115821 that I shared it on @115850.  Breach of trust n security.
AGENT: @219630 We've sent a correspondence to your registered email ID here: https://t.co/NTkrxpsbHJ. Kindly check and do the needful. ^PS
CUSTOMER: @AmazonHelp I was told that your representative will call me and resolve the issues, nothing has happened as of now. #irresponsible
AGENT: @219630 Truly sorry, Balmiki. Please fill this form: https://t.co/beaaDm0muc and I’ll contact you at the earliest. ^NK
CUSTOMER: @AmazonHelp I have filled out the form.
AGENT: @219630 Thanks for sharing your details, we'll work on it and get back to you at the earliest. ^HN
CUSTOMER: @115850 @115821 never opted for prime membership to renew after the trial was over. How did u charge for the same @164163 #cheating
AGENT: @219630 Sorry about that. Please reach out to our support here: here: https://t.co/vlvfJr4nN9 and we’ll be glad to help you. ^NK
CUSTOMER: @AmazonHelp Am not able to find how to registered the complaint. Pls assist and refund the amount asap. This is absolutely fraud  By @115850
AGENT: @219630 Click on the link we had shared&gt;select the item&gt;select the issue code&gt; and initiate and you connect with our support team .^CB",19,0.91,HIGH,440991,"@AmazonHelp @115850 @115821 yr ccare executive named Rohit, assured me of refund in 24hrs, it's been more than 48hrs, nothing has been done. #Fraud","@219630 Thank you for keeping us posted. We've received the details, our team will work on it &amp; respond at the earliest(1/2)^SF","CUSTOMER: @AmazonHelp @115850 @115821 yr ccare executive named Rohit, assured me of refund in 24hrs, it's been more than 48hrs, nothing has been done. #Fraud
AGENT: @219630 Sorry for the trouble with refund, Balmiki. I'd like to take a closer look. 1/2 ^HD
AGENT: @219630 Please share your details here: https://t.co/GIJyeYqKE0 and I'll get in touch with you. 2/2 ^HD
CUSTOMER: @AmazonHelp How many times shall I fill up the information? Done it twice, and e-mail the details as well. Sick
AGENT: @219630 We've checked and could not find your details. Do share your details and our team will reach out to you soon. ^RD
CUSTOMER: @AmazonHelp This is an harrassment. I have filled the form again. Id- __email__ . 
@115850 @115821 @164163
AGENT: @219630 Please don't provide your order details, we consider it to be personal information. Our page is visible to the public.(2/2)^SF
AGENT: @219630 Thank you for keeping us posted. We've received the details, our team will work on it &amp; respond at the earliest(1/2)^SF
CUSTOMER: @AmazonHelp Let me tell you, nothing has been done since 3days. Again I have email you the transaction screen shot @115850 . #feelingCheated.
CUSTOMER: @AmazonHelp Shocked why my card details shared with @115821 that I shared it on @115850.  Breach of trust n security.
AGENT: @219630 We've sent a correspondence to your registered email ID here: https://t.co/NTkrxpsbHJ. Kindly check and do the needful. ^PS
CUSTOMER: @AmazonHelp I was told that your representative will call me and resolve the issues, nothing has happened as of now. #irresponsible
AGENT: @219630 Truly sorry, Balmiki. Please fill this form: https://t.co/beaaDm0muc and I’ll contact you at the earliest. ^NK
CUSTOMER: @AmazonHelp I have filled out the form.
AGENT: @219630 Thanks for sharing your details, we'll work on it and get back to you at the earliest. ^HN
CUSTOMER: @115850 @115821 never opted for prime membership to renew after the trial was over. How did u charge for the same @164163 #cheating
AGENT: @219630 Sorry about that. Please reach out to our support here: here: https://t.co/vlvfJr4nN9 and we’ll be glad to help you. ^NK
CUSTOMER: @AmazonHelp Am not able to find how to registered the complaint. Pls assist and refund the amount asap. This is absolutely fraud  By @115850
AGENT: @219630 Click on the link we had shared&gt;select the item&gt;select the issue code&gt; and initiate and you connect with our support team .^CB",19,0.91,HIGH,1562866,@AmazonHelp @115850 I have sent you several mails and calls that I have not received my refund.Its more than a month. https://t.co/ToT0N0pfLu,"@482675 The refund reference number is generated only when the refund has been processed successfully from Amazon. In this case, ^PB (1/2)","CUSTOMER: @AmazonHelp @115850 I have sent you several mails and calls that I have not received my refund.Its more than a month. https://t.co/ToT0N0pfLu
AGENT: @482675 I'd like to help. Please write to us here: https://t.co/GIJyeYqKE0 and I'll reach out to you. ^SA 1/2
AGENT: @482675 Please don’t provide your details as we consider them to be personal information. Our Twitter page is public. ^SA 2/2
CUSTOMER: @AmazonHelp Okay I have filled the form and sent you all details .Please look into this and refund my money back. https://t.co/Lf871hTOCV
AGENT: @482675 Thanks for the update, we'll get back to you with a resolution, appreciate your patience. ^MJ
CUSTOMER: @AmazonHelp They msgd me that I've been refunded.and they have given me again refund reference no.I've attached my account statement of sept &amp; Oct. https://t.co/BWsglayXrC
AGENT: @482675 Could you please confirm if you have received a correspondence from our end? ^AM
CUSTOMER: @AmazonHelp This was your reply.I can't see any resolution in https://t.co/QvergK7C9s guys aren't listening what I am saying. https://t.co/TKuf1Ze6MB
AGENT: @482675 I apologize for the delay in resolving this issue. Please reply to the email sent to you by our team and we'll help. 1/2 ^PJ
AGENT: @482675 Please don't provide your order details, we consider it to be personal information. Our page is visible to the public. 2/2 ^PJ
CUSTOMER: @AmazonHelp I have already replied to your team.I have no problem in sharing my information.Just give me my refund amount.
AGENT: @482675 kindly contact your bank for further info. Also, please don't provide your order details. Our page is visible to public. ^PB (2/2)
AGENT: @482675 The refund reference number is generated only when the refund has been processed successfully from Amazon. In this case, ^PB (1/2)
CUSTOMER: @AmazonHelp I have already asked them,they are saying they aren't able to track with reference number.
AGENT: @482675 I'm sorry about that. Kindly file a charge dispute with your bank using the refund reference number provided by us. ^GD
CUSTOMER: @AmazonHelp I have done that too.Please recheck I have already sent all details. https://t.co/FF4yR2cIjO
AGENT: @482675 We're working on your reply. We'll get back to you soon. ^SG",17,1.0,HIGH,440991,"@AmazonHelp @115850 @115821 yr ccare executive named Rohit, assured me of refund in 24hrs, it's been more than 48hrs, nothing has been done. #Fraud","@219630 Thank you for keeping us posted. We've received the details, our team will work on it &amp; respond at the earliest(1/2)^SF","CUSTOMER: @AmazonHelp @115850 @115821 yr ccare executive named Rohit, assured me of refund in 24hrs, it's been more than 48hrs, nothing has been done. #Fraud
AGENT: @219630 Sorry for the trouble with refund, Balmiki. I'd like to take a closer look. 1/2 ^HD
AGENT: @219630 Please share your details here: https://t.co/GIJyeYqKE0 and I'll get in touch with you. 2/2 ^HD
CUSTOMER: @AmazonHelp How many times shall I fill up the information? Done it twice, and e-mail the details as well. Sick
AGENT: @219630 We've checked and could not find your details. Do share your details and our team will reach out to you soon. ^RD
CUSTOMER: @AmazonHelp This is an harrassment. I have filled the form again. Id- __email__ . 
@115850 @115821 @164163
AGENT: @219630 Please don't provide your order details, we consider it to be personal information. Our page is visible to the public.(2/2)^SF
AGENT: @219630 Thank you for keeping us posted. We've received the details, our team will work on it &amp; respond at the earliest(1/2)^SF
CUSTOMER: @AmazonHelp Let me tell you, nothing has been done since 3days. Again I have email you the transaction screen shot @115850 . #feelingCheated.
CUSTOMER: @AmazonHelp Shocked why my card details shared with @115821 that I shared it on @115850.  Breach of trust n security.
AGENT: @219630 We've sent a correspondence to your registered email ID here: https://t.co/NTkrxpsbHJ. Kindly check and do the needful. ^PS
CUSTOMER: @AmazonHelp I was told that your representative will call me and resolve the issues, nothing has happened as of now. #irresponsible
AGENT: @219630 Truly sorry, Balmiki. Please fill this form: https://t.co/beaaDm0muc and I’ll contact you at the earliest. ^NK
CUSTOMER: @AmazonHelp I have filled out the form.
AGENT: @219630 Thanks for sharing your details, we'll work on it and get back to you at the earliest. ^HN
CUSTOMER: @115850 @115821 never opted for prime membership to renew after the trial was over. How did u charge for the same @164163 #cheating
AGENT: @219630 Sorry about that. Please reach out to our support here: here: https://t.co/vlvfJr4nN9 and we’ll be glad to help you. ^NK
CUSTOMER: @AmazonHelp Am not able to find how to registered the complaint. Pls assist and refund the amount asap. This is absolutely fraud  By @115850
AGENT: @219630 Click on the link we had shared&gt;select the item&gt;select the issue code&gt; and initiate and you connect with our support team .^CB",19,0.91,HIGH,0.08999999999999997,0.0,0.0252610445022583,False,True,True,False,False,False,False,True,True,3.0
127,1416039,YES,unknown,unknown,571783,782753,571783,571783,0.7847965359687805,0.7600046992301941,0.7847965359687805,0.7847965359687805,0.25,0.31,0.25,0.25,0.0,0.0,0.0,0.0,0.0,0.0,0.0,0.0,LOW,LOW,LOW,LOW,あにょ...Amazonさん...お支払い番号はまだでしょうか...,@449086 お待たせしております。https://t.co/st4oU5QbhPが発送する商品の場合、お支払い番号は商品が出荷準備に入りしだい発行されます。詳しくは、こちらのヘルプページをご参照ください。https://t.co/MCsyqdVdSq YM,"AGENT: @449086 お待たせしております。https://t.co/st4oU5QbhPが発送する商品の場合、お支払い番号は商品が出荷準備に入りしだい発行されます。詳しくは、こちらのヘルプページをご参照ください。https://t.co/MCsyqdVdSq YM
CUSTOMER: あにょ...Amazonさん...お支払い番号はまだでしょうか...",2,0.13,LOW,571783,Amazonさんお仕事お早い…。,@254335 無事お届けできて良かったです♪(*´∇｀*) またぜひご利用くださいねヾ(=^▽^=)ノ TN,"CUSTOMER: Amazonさんお仕事お早い…。
ヘッドセット届きました(*´ω｀*) https://t.co/hFHey1ShED
AGENT: @254335 無事お届けできて良かったです♪(*´∇｀*) またぜひご利用くださいねヾ(=^▽^=)ノ TN",2,0.25,LOW,571783,Amazonさんお仕事お早い…。,@254335 無事お届けできて良かったです♪(*´∇｀*) またぜひご利用くださいねヾ(=^▽^=)ノ TN,"CUSTOMER: Amazonさんお仕事お早い…。
ヘッドセット届きました(*´ω｀*) https://t.co/hFHey1ShED
AGENT: @254335 無事お届けできて良かったです♪(*´∇｀*) またぜひご利用くださいねヾ(=^▽^=)ノ TN",2,0.25,LOW,782753,amazon怖い！,@306847 https://t.co/st4oU5QbhPを騙る詐欺などもあるようですので、送信元を念のためご確認いただけますでしょうか。https://t.co/st4oU5QbhPからのご案内かどうかの識別方法について→https://t.co/Kn985KorNW SK,"CUSTOMER: amazon怖い！
たまたまメールチェックしたらamazonから商品配送済みの案内が。
えっ？何も頼んでませんけど？
昨日の15時に注文した事になってるけど、昨日一度もamazon開いて無いし。
返品て、どうするんだろうと確認のつもりで見てたら、返品受付メール来た！
えぇー⁉︎
AGENT: @306847 https://t.co/st4oU5QbhPを騙る詐欺などもあるようですので、送信元を念のためご確認いただけますでしょうか。https://t.co/st4oU5QbhPからのご案内かどうかの識別方法について→https://t.co/Kn985KorNW SK
AGENT: @306847 https://t.co/st4oU5QbhPからのご案内で間違いがなく、注文履歴に表示もある場合や、その他ご不明な点がございましたらご遠慮なくカスタマーサービスまでお問い合わせください（24時間対応）→https://t.co/J6YEizo6qC SK",3,0.31,LOW,571783,Amazonさんお仕事お早い…。,@254335 無事お届けできて良かったです♪(*´∇｀*) またぜひご利用くださいねヾ(=^▽^=)ノ TN,"CUSTOMER: Amazonさんお仕事お早い…。
ヘッドセット届きました(*´ω｀*) https://t.co/hFHey1ShED
AGENT: @254335 無事お届けできて良かったです♪(*´∇｀*) またぜひご利用くださいねヾ(=^▽^=)ノ TN",2,0.25,LOW,0.06,0.0,0.024791836738586426,False,True,True,False,False,False,True,False,True,3.0
189,513546,YES,unknown,unknown,449928,2019972,449928,449928,0.8304417133331299,0.8129839301109314,0.8304417133331299,0.8304417133331299,0.31,0.355,0.31,0.31,0.0,0.0,0.0,0.0,0.0,0.0,0.0,0.0,LOW,LOW,LOW,LOW,"@AmazonHelp como dije ayer, muy buen trato y con soluciones, gracias de nuevo y felicidades por el servicio de atención al cliente que ha sido muy agradable. Un saludo.","@221202 ¡Hola, Raquel! ¡Tu felicidad es nuestra felicidad!, siempre trabajaremos por ser los mejores para nuestros clientes. ¡Esperamos que tengas un muy lindo fin de semana! ^DS https://t.co/RgKtN63jgz","CUSTOMER: @AmazonHelp como dije ayer, muy buen trato y con soluciones, gracias de nuevo y felicidades por el servicio de atención al cliente que ha sido muy agradable. Un saludo.
AGENT: @221202 ¡Hola, Raquel! ¡Tu felicidad es nuestra felicidad!, siempre trabajaremos por ser los mejores para nuestros clientes. ¡Esperamos que tengas un muy lindo fin de semana! ^DS https://t.co/RgKtN63jgz",2,0.31,LOW,449928,"De la misma forma que digo una cosa digo otra, el servicio de atencion al cliente de @AmazonHelp maravilloso, buen trato y con soluciones. Gracias.","@221202 ¡Muchas gracias por tu comentario, nos esforzamos por brindar la mejor atención a nuestros clientes y comentarios como el tuyo nos motivan a mejorar día tras día! 😃^CB","CUSTOMER: De la misma forma que digo una cosa digo otra, el servicio de atencion al cliente de @AmazonHelp maravilloso, buen trato y con soluciones. Gracias.
AGENT: @221202 ¡Muchas gracias por tu comentario, nos esforzamos por brindar la mejor atención a nuestros clientes y comentarios como el tuyo nos motivan a mejorar día tras día! 😃^CB",2,0.31,LOW,449928,"De la misma forma que digo una cosa digo otra, el servicio de atencion al cliente de @AmazonHelp maravilloso, buen trato y con soluciones. Gracias.","@221202 ¡Muchas gracias por tu comentario, nos esforzamos por brindar la mejor atención a nuestros clientes y comentarios como el tuyo nos motivan a mejorar día tras día! 😃^CB","CUSTOMER: De la misma forma que digo una cosa digo otra, el servicio de atencion al cliente de @AmazonHelp maravilloso, buen trato y con soluciones. Gracias.
AGENT: @221202 ¡Muchas gracias por tu comentario, nos esforzamos por brindar la mejor atención a nuestros clientes y comentarios como el tuyo nos motivan a mejorar día tras día! 😃^CB",2,0.31,LOW,2019972,"@AmazonHelp Si he intentado contactar con ellos en tres ocasiones pero el servicio de atención al cliente es nefasto,sólo te atiende una locución @80","@597342 Rodrigo, contáctanos por este enlace para revisar lo que ha sucedido y ver como podemos ayudarte: https://t.co/OjvUxwnzPe  ^AV","CUSTOMER: @AmazonHelp Si he intentado contactar con ellos en tres ocasiones pero el servicio de atención al cliente es nefasto,sólo te atiende una locución @80
AGENT: @597342 Rodrigo, contáctanos por este enlace para revisar lo que ha sucedido y ver como podemos ayudarte: https://t.co/OjvUxwnzPe  ^AV
CUSTOMER: @116928 debería exigir a sus proveedores de paquetería que se ciñeran a los plazos de entrega.Mi envío previsto para hoy no llego @80
AGENT: @597342 Lamento el contratiempo, Rodrigo. ¿Has contactado con SEUR para obtener más detalles sobre la entrega? ^JQ",4,0.355,LOW,449928,"De la misma forma que digo una cosa digo otra, el servicio de atencion al cliente de @AmazonHelp maravilloso, buen trato y con soluciones. Gracias.","@221202 ¡Muchas gracias por tu comentario, nos esforzamos por brindar la mejor atención a nuestros clientes y comentarios como el tuyo nos motivan a mejorar día tras día! 😃^CB","CUSTOMER: De la misma forma que digo una cosa digo otra, el servicio de atencion al cliente de @AmazonHelp maravilloso, buen trato y con soluciones. Gracias.
AGENT: @221202 ¡Muchas gracias por tu comentario, nos esforzamos por brindar la mejor atención a nuestros clientes y comentarios como el tuyo nos motivan a mejorar día tras día! 😃^CB",2,0.31,LOW,0.044999999999999984,0.0,0.017457783222198486,False,True,True,False,False,False,True,False,True,3.0
82,863372,YES,payment,unknown,2433646,785503,2433646,785503,0.6471342444419861,0.7208106517791748,0.6471342444419861,0.7208106517791748,0.82,0.82,0.82,0.82,1.0,0.0,1.0,0.0,0.0,0.0,0.0,0.0,HIGH,HIGH,HIGH,HIGH,"@115850 disgusting , ordered 2 pair of shoes, got one, paid for two",@325015 I understand. Kindly fill in your details here:https://t.co/GIJyeYqKE0 and we'll have this checked. ^PB,"CUSTOMER: @115850 disgusting , ordered 2 pair of shoes, got one, paid for two
#dissapoiniting
AGENT: @325015 I'm sorry for the disappointment. Please contact us here: https://t.co/vlvfJr4nN9 so that we can assist you accordingly. ^PJ
CUSTOMER: @AmazonHelp I did it already, it's not about the solution, it's about the problem, why it is happening on regular basis , have a permanent solution.
AGENT: @325015 I understand. Kindly fill in your details here:https://t.co/GIJyeYqKE0 and we'll have this checked. ^PB",4,0.67,MEDIUM,785503,We have a problem again @115850 second time wrong color shoes have been delivered inspite of the earlier return and replacement request.,"@307424 For security reasons, we'll not be able to access your account over Twitter. Please share your details and we'll check it. ^HN","CUSTOMER: We have a problem again @115850 second time wrong color shoes have been delivered inspite of the earlier return and replacement request.
AGENT: @307424 Please reach out to us from the link here:  https://t.co/TxK11znixD (2/2)^HR
AGENT: @307424 Sorry for the trouble with the product. Let us look into it. (1/2)^HR
CUSTOMER: @AmazonHelp Well why do I've to fill this long form every time? Why can't you take the order ID on DM and sort it ?
AGENT: @307424 For security reasons, we'll not be able to access your account over Twitter. Please share your details and we'll check it. ^HN
CUSTOMER: @AmazonHelp You know what I'm done with you people. Don't bother #AmazonIndia
AGENT: @307424 unless you reach out to us using the above link we won't be able to offer any further insight into the issue.(1/2)^HR
AGENT: @307424 Appreciate your understanding.(2/2)^HR
CUSTOMER: @AmazonHelp No more understanding with you people there is a limit to nonsense I've faced in the last 30 days. I will use @17256 as I'm happy.",9,0.82,HIGH,2433646,Dear @115850 ordered 2 shoes from your site and made online payment. Later received a message saying the transaction was failed (1),@698376 Request you to wait till 3 to 5 days from the time the order is canceled. Keep us posted if you do not receive the refund. ^KS,"CUSTOMER: Dear @115850 ordered 2 shoes from your site and made online payment. Later received a message saying the transaction was failed (1)
AGENT: @698376 Once an order is canceled, it usually takes 3-5 business days for the refund to process. (1/2)
AGENT: @698376 Could you let us know if the timeline has passed. ^SG(2/2)
CUSTOMER: @AmazonHelp No the timeline has not passed. I ordered the item on 27/10/17
AGENT: @698376 Request you to wait till 3 to 5 days from the time the order is canceled. Keep us posted if you do not receive the refund. ^KS",5,0.82,HIGH,785503,We have a problem again @115850 second time wrong color shoes have been delivered inspite of the earlier return and replacement request.,"@307424 For security reasons, we'll not be able to access your account over Twitter. Please share your details and we'll check it. ^HN","CUSTOMER: We have a problem again @115850 second time wrong color shoes have been delivered inspite of the earlier return and replacement request.
AGENT: @307424 Please reach out to us from the link here:  https://t.co/TxK11znixD (2/2)^HR
AGENT: @307424 Sorry for the trouble with the product. Let us look into it. (1/2)^HR
CUSTOMER: @AmazonHelp Well why do I've to fill this long form every time? Why can't you take the order ID on DM and sort it ?
AGENT: @307424 For security reasons, we'll not be able to access your account over Twitter. Please share your details and we'll check it. ^HN
CUSTOMER: @AmazonHelp You know what I'm done with you people. Don't bother #AmazonIndia
AGENT: @307424 unless you reach out to us using the above link we won't be able to offer any further insight into the issue.(1/2)^HR
AGENT: @307424 Appreciate your understanding.(2/2)^HR
CUSTOMER: @AmazonHelp No more understanding with you people there is a limit to nonsense I've faced in the last 30 days. I will use @17256 as I'm happy.",9,0.82,HIGH,2433646,Dear @115850 ordered 2 shoes from your site and made online payment. Later received a message saying the transaction was failed (1),@698376 Request you to wait till 3 to 5 days from the time the order is canceled. Keep us posted if you do not receive the refund. ^KS,"CUSTOMER: Dear @115850 ordered 2 shoes from your site and made online payment. Later received a message saying the transaction was failed (1)
AGENT: @698376 Once an order is canceled, it usually takes 3-5 business days for the refund to process. (1/2)
AGENT: @698376 Could you let us know if the timeline has passed. ^SG(2/2)
CUSTOMER: @AmazonHelp No the timeline has not passed. I ordered the item on 27/10/17
AGENT: @698376 Request you to wait till 3 to 5 days from the time the order is canceled. Keep us posted if you do not receive the refund. ^KS",5,0.82,HIGH,0.0,0.0,0.0,True,False,True,False,False,True,False,False,True,3.0
130,1445390,NO,payment,unknown,379772,2762136,2269261,2762136,0.6209350824356079,0.8018367886543274,0.6594960689544678,0.8018367886543274,0.79,0.52,0.475,0.52,1.0,0.5,1.0,0.5,0.0,0.0,0.0,0.0,HIGH,MEDIUM,LOW,MEDIUM,lost the invoice of Moto G4+ purchased from amazon with imei number __credit_card__,"@455406 Please don't provide your order details, we consider it personal information. Our Twitter page is visible to public.^VN(2/2)","CUSTOMER: lost the invoice of Moto G4+ purchased from amazon with imei number __credit_card__
@8850 @23773 @951 @115821 @115850
AGENT: @455406 You can download and print invoice by following the instructions here: https://t.co/HqPl7cCgdo. ^VN (1/2)
AGENT: @455406 Please don't provide your order details, we consider it personal information. Our Twitter page is visible to public.^VN(2/2)
CUSTOMER: @8850 @23773 @951 @115821 @115850 @AmazonHelp but i don't remeber the email account through which i had ordered the Product !! I only have imei number !!
AGENT: @455406 We'll be following up on your concern via DM. Please check. ^HD",5,0.375,LOW,2762136,"@AmazonHelp hii i need your help,, i ordered a moto g plus 8 to 9 months ago.i am in service centre right now they are asking for the invoice..i just have the imei number..can u help??",@772751 Please print the invoice from here: https://t.co/roT6e6ylpX. ^AP,"CUSTOMER: @AmazonHelp hii i need your help,, i ordered a moto g plus 8 to 9 months ago.i am in service centre right now they are asking for the invoice..i just have the imei number..can u help??
AGENT: @772751 Please print the invoice from here: https://t.co/roT6e6ylpX. ^AP",2,0.52,MEDIUM,2269261,"@115821 my order number from amazon is ORDER # 402-8022915-2361169, moto authorized service number is No: SOIN__credit_card__...","@387617 I'm sorry about the situation. Kindly share your details here: https://t.co/GIJyeYqKE0 and I'll look into this. Also, please don’t provide your order details as we consider them to be personal info. Our page is visible to public. ^SG","CUSTOMER: @115821 my order number from amazon is ORDER # 402-8022915-2361169, moto authorized service number is No: SOIN__credit_card__...
AGENT: @387617 I'm sorry about the situation. Kindly share your details here: https://t.co/GIJyeYqKE0 and I'll look into this. Also, please don’t provide your order details as we consider them to be personal info. Our page is visible to public. ^SG",2,0.475,LOW,2762136,"@AmazonHelp hii i need your help,, i ordered a moto g plus 8 to 9 months ago.i am in service centre right now they are asking for the invoice..i just have the imei number..can u help??",@772751 Please print the invoice from here: https://t.co/roT6e6ylpX. ^AP,"CUSTOMER: @AmazonHelp hii i need your help,, i ordered a moto g plus 8 to 9 months ago.i am in service centre right now they are asking for the invoice..i just have the imei number..can u help??
AGENT: @772751 Please print the invoice from here: https://t.co/roT6e6ylpX. ^AP",2,0.52,MEDIUM,379772,@115850 I had ordered a Moto G5 plus and made a payment but it got cancelled without specifying any reason. Look into this asap.,@206096 Canceled orders are followed by an email with the reason. Kindly check your registered email address for the same. ^SA,"CUSTOMER: @115850 I had ordered a Moto G5 plus and made a payment but it got cancelled without specifying any reason. Look into this asap.
AGENT: @206096 Canceled orders are followed by an email with the reason. Kindly check your registered email address for the same. ^SA
CUSTOMER: @AmazonHelp The reason is not valid because at the time of ordering there were no terms as such.
AGENT: @206096 I'm sorry you feel this way, I'll be sure to forward this as a feedback internally. ^AG",4,0.79,HIGH,0.0,0.27,0.0,True,False,True,False,False,True,False,False,True,3.0
178,888340,NO,refund,cancelled,420224,1096648,1096648,1096648,0.7160837054252625,0.7564007043838501,0.7564007043838501,0.7564007043838501,0.835,0.865,0.865,0.865,1.0,1.0,1.0,1.0,1.0,0.5,0.5,0.5,HIGH,HIGH,HIGH,HIGH,@AmazonHelp When replying i'm getting the same revert again and again. I donno wht d hell of a service is dis. Same mails throughout.,"@330925 I've checked and can confirm that we haven't received your details. Once we receive your details through the link provided earlier, we'll have the issue checked for you. ^AR","CUSTOMER: @AmazonHelp When replying i'm getting the same revert again and again. I donno wht d hell of a service is dis. Same mails throughout.
AGENT: @330925 As said earlier the resolution provided over the email is the best we can offer. I'm sorry we'll not be able to provide any further insight on this. ^SH
CUSTOMER: @115821 Is this wht u call customer service? I've ordered something frm Amazon and without my consent you've cancelled the order and initiated refund. Who askd u to do so?
AGENT: @330925 Could you please help us with the image of the error you're encountering while you enter the contact details for a call request. ^SU
CUSTOMER: @AmazonHelp M from India and i'm unable to enter my contact details since India is not in the country list provided there
AGENT: @330925 Apologies for the miscommunication, please reach out to us via the link: https://t.co/rS49hgaADF and we'll assist you accordingly. ^SU
CUSTOMER: @AmazonHelp Gud resolution for customers. Resolution and sharing the feedback. Didn't expect such a response from you
AGENT: @330925 We are following up with your concern via DM. You'll receive a reply from us soon. ^MP
CUSTOMER: @AmazonHelp And your reply is not at all appreciated. Either provide a resolution or compensate it. I don't want any appologies from anyone of you. Each one is saying different things.
CUSTOMER: @AmazonHelp One said it ws bcos of shortage in product another one told it ws the seller part. Now wht shud we customers do if you have internal probs?
AGENT: @330925 We'd like to have this checked. Please fill in your details here: https://t.co/beaaDm0muc, we'll look into it and reach out to you. ^MO
CUSTOMER: @AmazonHelp Details given. Awaiting for your revert at the earliest.
AGENT: @330925 I've checked and can confirm that we haven't received your details. Once we receive your details through the link provided earlier, we'll have the issue checked for you. ^AR
CUSTOMER: @AmazonHelp Received a mail stating that it was a pricing issue. Now what should i do for that? That's not my concern. It was published in your merchandise and i did a spot CC transaction. I need the product and i don't want to hear your silly excuses.
AGENT: @330925 I get you being upset. Kindly reply to the mail sent to you by our team here: https://t.co/8DAc10S7ww. Appreciate your understanding ^MN
CUSTOMER: @AmazonHelp I'm not understanding and yes i'm hell upset. Didn't expect such a nasty service from you. If it was a pricing issue then its ur fault and i want that product. Atleast provide a resolution for me. Even twitter team is not helping me. Shameful
AGENT: @330925 Twitter being social media platform we wouldn't have access to your account. So, kindly reply to the correspondence sent by our team so that we can resolve the issue. ^MN
CUSTOMER: @AmazonHelp I've already replied and they are saying that they can only apologise. I mean wht the hell of a service is this? You made a mistake and without ckmpensating or giving the product wht vil i do with ur apology?
AGENT: @330925 I understand your concern. However, the resolution provided to you over the email is the best we could offer at this point of time. You may reply to the latest correspondence from our team with your insight for further assistance. ^GD
CUSTOMER: @AmazonHelp Resolution?? Was that a resolution? You call that a resolution? Apology is a resolution?? I don't think so.
CUSTOMER: @AmazonHelp I'm so much frustrated because of you. Now because of your lame response i'm going further ahead.
AGENT: @330925 I get that you're upset. However, as mentioned earlier we wouldn't be able to access your account on Twitter. Please reply to the email you received from us for further assistance. ^BV
CUSTOMER: @AmazonHelp Gr8! Go ahead, descending frm faith.",23,0.64,MEDIUM,1096648,@AmazonHelp @115850 @115821 So Amazon india has cheated me and now not providing me the refund. Bloody idiots @123288,@278558 Apologies for the trouble with the refund. Kindly reply to the correspondence sent by us and we'll get in touch soon. ^AK,"CUSTOMER: @AmazonHelp @115850 @115821 So Amazon india has cheated me and now not providing me the refund. Bloody idiots @123288
CUSTOMER: @AmazonHelp They don't care about the customers, their policy is just to cheat customers. Guys please don't shop from amazon
AGENT: @278558 Apologies for the unpleasant experience, Ashish. We'd like to help you out. Could you confirm if you've filled the 1/2^AP
AGENT: @278558 details using the secure link provided earlier? 2/2^AP
CUSTOMER: @AmazonHelp I have already filled it up, but u guys have no intention to help me out
AGENT: @278558 Thank you for confirming. If you have shared your details, our team will get back to you soon. ^AG
CUSTOMER: @AmazonHelp No help till yet from your side
AGENT: @278558 We're working on this. You shall hear back from us soon. ^HK
CUSTOMER: @AmazonHelp Till this moment u guys haven't contacted me..... Wtf
AGENT: @278558 I see that we've sent you a correspondence. Kindly check the same here: https://t.co/ubzNHWZvL2 ^SG
CUSTOMER: @AmazonHelp What resolution u r talking about
CUSTOMER: @AmazonHelp If u guys are right then talk to me on phone u coward.....
AGENT: @278558 Apologies for the trouble with the refund. Kindly reply to the correspondence sent by us and we'll get in touch soon. ^AK
CUSTOMER: @115850 you guys are just making fool to customers in the name of flash sale, pr9viding 3rd class product
AGENT: @278558 Apologies for any trouble. We'd like to know what exactly went wrong with the product. Could you please elaborate the issue? ^AB
CUSTOMER: @AmazonHelp So issue is, that i have placed an order for a smartphone and you guys have delivered a defective product and now not providing a solution
CUSTOMER: @AmazonHelp I have paid through amazon pay and now my payment also got stuck, who will be responsible for all this mess, and why should i suffer
AGENT: @278558 I'll look into it right away for you. (2/2) ^ST
CUSTOMER: @AmazonHelp This is my order detail https://t.co/PJzi0o7yi4
AGENT: @278558 Also, don’t provide your order details as its personal information. Our Twitter page is visible to public.(2/2)^RS
CUSTOMER: @AmazonHelp Ya i know that, but i want to make this issue public so that other customers will be careful before shopping from u guys
CUSTOMER: @AmazonHelp Provide me the solution of this....
CUSTOMER: @AmazonHelp So now these guys are not saying a word about my order @123288 . This is why @118702 is much better than u guys
CUSTOMER: @AmazonHelp They are not doing anything else besides making fool to customers.....
AGENT: @278558 I do get your concern. Kindly fill in your details here: https://t.co/GIJyeYqKE0 and I'll help you with it. ^MM",25,0.865,HIGH,1096648,@AmazonHelp @115850 @115821 So Amazon india has cheated me and now not providing me the refund. Bloody idiots @123288,@278558 Apologies for the trouble with the refund. Kindly reply to the correspondence sent by us and we'll get in touch soon. ^AK,"CUSTOMER: @AmazonHelp @115850 @115821 So Amazon india has cheated me and now not providing me the refund. Bloody idiots @123288
CUSTOMER: @AmazonHelp They don't care about the customers, their policy is just to cheat customers. Guys please don't shop from amazon
AGENT: @278558 Apologies for the unpleasant experience, Ashish. We'd like to help you out. Could you confirm if you've filled the 1/2^AP
AGENT: @278558 details using the secure link provided earlier? 2/2^AP
CUSTOMER: @AmazonHelp I have already filled it up, but u guys have no intention to help me out
AGENT: @278558 Thank you for confirming. If you have shared your details, our team will get back to you soon. ^AG
CUSTOMER: @AmazonHelp No help till yet from your side
AGENT: @278558 We're working on this. You shall hear back from us soon. ^HK
CUSTOMER: @AmazonHelp Till this moment u guys haven't contacted me..... Wtf
AGENT: @278558 I see that we've sent you a correspondence. Kindly check the same here: https://t.co/ubzNHWZvL2 ^SG
CUSTOMER: @AmazonHelp What resolution u r talking about
CUSTOMER: @AmazonHelp If u guys are right then talk to me on phone u coward.....
AGENT: @278558 Apologies for the trouble with the refund. Kindly reply to the correspondence sent by us and we'll get in touch soon. ^AK
CUSTOMER: @115850 you guys are just making fool to customers in the name of flash sale, pr9viding 3rd class product
AGENT: @278558 Apologies for any trouble. We'd like to know what exactly went wrong with the product. Could you please elaborate the issue? ^AB
CUSTOMER: @AmazonHelp So issue is, that i have placed an order for a smartphone and you guys have delivered a defective product and now not providing a solution
CUSTOMER: @AmazonHelp I have paid through amazon pay and now my payment also got stuck, who will be responsible for all this mess, and why should i suffer
AGENT: @278558 I'll look into it right away for you. (2/2) ^ST
CUSTOMER: @AmazonHelp This is my order detail https://t.co/PJzi0o7yi4
AGENT: @278558 Also, don’t provide your order details as its personal information. Our Twitter page is visible to public.(2/2)^RS
CUSTOMER: @AmazonHelp Ya i know that, but i want to make this issue public so that other customers will be careful before shopping from u guys
CUSTOMER: @AmazonHelp Provide me the solution of this....
CUSTOMER: @AmazonHelp So now these guys are not saying a word about my order @123288 . This is why @118702 is much better than u guys
CUSTOMER: @AmazonHelp They are not doing anything else besides making fool to customers.....
AGENT: @278558 I do get your concern. Kindly fill in your details here: https://t.co/GIJyeYqKE0 and I'll help you with it. ^MM",25,0.865,HIGH,1096648,@AmazonHelp @115850 @115821 So Amazon india has cheated me and now not providing me the refund. Bloody idiots @123288,@278558 Apologies for the trouble with the refund. Kindly reply to the correspondence sent by us and we'll get in touch soon. ^AK,"CUSTOMER: @AmazonHelp @115850 @115821 So Amazon india has cheated me and now not providing me the refund. Bloody idiots @123288
CUSTOMER: @AmazonHelp They don't care about the customers, their policy is just to cheat customers. Guys please don't shop from amazon
AGENT: @278558 Apologies for the unpleasant experience, Ashish. We'd like to help you out. Could you confirm if you've filled the 1/2^AP
AGENT: @278558 details using the secure link provided earlier? 2/2^AP
CUSTOMER: @AmazonHelp I have already filled it up, but u guys have no intention to help me out
AGENT: @278558 Thank you for confirming. If you have shared your details, our team will get back to you soon. ^AG
CUSTOMER: @AmazonHelp No help till yet from your side
AGENT: @278558 We're working on this. You shall hear back from us soon. ^HK
CUSTOMER: @AmazonHelp Till this moment u guys haven't contacted me..... Wtf
AGENT: @278558 I see that we've sent you a correspondence. Kindly check the same here: https://t.co/ubzNHWZvL2 ^SG
CUSTOMER: @AmazonHelp What resolution u r talking about
CUSTOMER: @AmazonHelp If u guys are right then talk to me on phone u coward.....
AGENT: @278558 Apologies for the trouble with the refund. Kindly reply to the correspondence sent by us and we'll get in touch soon. ^AK
CUSTOMER: @115850 you guys are just making fool to customers in the name of flash sale, pr9viding 3rd class product
AGENT: @278558 Apologies for any trouble. We'd like to know what exactly went wrong with the product. Could you please elaborate the issue? ^AB
CUSTOMER: @AmazonHelp So issue is, that i have placed an order for a smartphone and you guys have delivered a defective product and now not providing a solution
CUSTOMER: @AmazonHelp I have paid through amazon pay and now my payment also got stuck, who will be responsible for all this mess, and why should i suffer
AGENT: @278558 I'll look into it right away for you. (2/2) ^ST
CUSTOMER: @AmazonHelp This is my order detail https://t.co/PJzi0o7yi4
AGENT: @278558 Also, don’t provide your order details as its personal information. Our Twitter page is visible to public.(2/2)^RS
CUSTOMER: @AmazonHelp Ya i know that, but i want to make this issue public so that other customers will be careful before shopping from u guys
CUSTOMER: @AmazonHelp Provide me the solution of this....
CUSTOMER: @AmazonHelp So now these guys are not saying a word about my order @123288 . This is why @118702 is much better than u guys
CUSTOMER: @AmazonHelp They are not doing anything else besides making fool to customers.....
AGENT: @278558 I do get your concern. Kindly fill in your details here: https://t.co/GIJyeYqKE0 and I'll help you with it. ^MM",25,0.865,HIGH,420224,@AmazonHelp It’s been a month &amp; I haven’t received my order. It shows the status as dispatched. How do I cancel this &amp; get money back? India,@215175 Kindly get in touch with us here: https://t.co/oXKGSe5z77 and we’ll be glad to help you. ^AG,"CUSTOMER: @AmazonHelp It’s been a month &amp; I haven’t received my order. It shows the status as dispatched. How do I cancel this &amp; get money back? India
AGENT: @215175 Kindly get in touch with us here: https://t.co/oXKGSe5z77 and we’ll be glad to help you. ^AG",2,0.835,HIGH,0.0,-0.030000000000000027,0.0,False,False,True,False,False,False,False,True,True,3.0
192,311046,YES,technical,unknown,2710885,944162,2753596,944162,0.7985955476760864,0.8542512655258179,0.8213537931442261,0.8542512655258179,0.88,0.79,0.445,0.79,1.0,0.0,1.0,0.0,0.0,0.0,0.0,0.0,HIGH,HIGH,LOW,HIGH,@AmazonHelp Thanks guys my problem is solved,@190284 I get your disappointment. Our social media team will get in touch with you soon regarding the issue. Request you to wait.^NK,"CUSTOMER: @AmazonHelp Thanks guys my problem is solved
CUSTOMER: @115850 i don't know why you put restrictions on adding of money in Amazon pay. Help me to out this my id is __email__
AGENT: @190284 Please don't provide your account details, we consider it to be personal information. Our page is visible to the public. ^KA
AGENT: @190284 We can't gain access to your account via Twitter. Please connect with us here: https://t.co/00q4Sqj9zL for assistance. ^KA
CUSTOMER: @AmazonHelp Five days gone but problem is still there
AGENT: @190284 Sorry for the trouble. Please share your details here: https://t.co/GIJyeYqKE0 and I'll get back to you at the earliest. ^HN
CUSTOMER: @AmazonHelp Already done but still the problem is not resolved by Amazon. Worst experience of Amazon
CUSTOMER: @AmazonHelp @115850 worst service by you
AGENT: @190284 If you have shared your details, we'll reach out to you at the earliest. Keep a tab here:  https://t.co/DTSNmGldJf. ^CB
CUSTOMER: @AmazonHelp Already talked to your customer care but no solution provided
AGENT: @190284 I get your disappointment. Our social media team will get in touch with you soon regarding the issue. Request you to wait.^NK",11,0.595,MEDIUM,944162,@115850 @AmazonHelp struggling to add money in Amazon pay..help,@343871 We've responded to your query here: https://t.co/1RltgHcGhq. Kindly check. ^PS,"CUSTOMER: @115850 @AmazonHelp struggling to add money in Amazon pay..help
AGENT: @343871 Sorry to know you're facing issues with Amazon pay balance. Please reach us from here: https://t.co/rS49hgaADF we'll assist. ^SV
CUSTOMER: @AmazonHelp To call you hv blocked my no. N mail you don't reply. I urge you please cancel my order it was my mistake I choose @115850
AGENT: @343871 We've responded to your query here: https://t.co/1RltgHcGhq. Kindly check. ^PS",4,0.79,HIGH,2753596,"@115850 @115821 @AmazonHelp Dear Amazon, I am chasing you from more than a month on customers care, email &amp; Twitter to resolve my Amazon Pay issue as I am unable to add money into it. Screenshot attached","@171638 Apologies for the stretch, Pawan. As we don't have access to your Amazon account info via Twitter, please respond to the email you've received from us for further issues. ^MK","CUSTOMER: @115850 @115821 @AmazonHelp Dear Amazon, I am chasing you from more than a month on customers care, email &amp; Twitter to resolve my Amazon Pay issue as I am unable to add money into it. Screenshot attached
Now this is loud and clear that there is nothing professional in Amazon. https://t.co/BLXNTCi71O
AGENT: @171638 Apologies for the stretch, Pawan. As we don't have access to your Amazon account info via Twitter, please respond to the email you've received from us for further issues. ^MK",2,0.445,LOW,944162,@115850 @AmazonHelp struggling to add money in Amazon pay..help,@343871 We've responded to your query here: https://t.co/1RltgHcGhq. Kindly check. ^PS,"CUSTOMER: @115850 @AmazonHelp struggling to add money in Amazon pay..help
AGENT: @343871 Sorry to know you're facing issues with Amazon pay balance. Please reach us from here: https://t.co/rS49hgaADF we'll assist. ^SV
CUSTOMER: @AmazonHelp To call you hv blocked my no. N mail you don't reply. I urge you please cancel my order it was my mistake I choose @115850
AGENT: @343871 We've responded to your query here: https://t.co/1RltgHcGhq. Kindly check. ^PS",4,0.79,HIGH,2710885,"@115850 not able to add money in Amazon pay, since yesterday evening. What’s the issue?",@761160 We've checked and the link is working fine. Request you to contact our support team on the link provided earlier. They will assist you further. ^JS,"CUSTOMER: @115850 not able to add money in Amazon pay, since yesterday evening. What’s the issue?
AGENT: @761160 Sorry to know you're facing issues with Amazon pay. Please reach us from here: https://t.co/rS49hgsbvd we'll check your details and help you further. ^SV
CUSTOMER: @AmazonHelp looks like there's problem . ... right now https://t.co/YSik7QfY2I
AGENT: @761160 The link seems to be working fine here. Kindly check the link back again in some time and reach us for further assistance. ^VM
CUSTOMER: @AmazonHelp anyway ... but you can check why amazon pay was not able to take in money. that's main issue, for me. my num: 9494062903.
AGENT: @761160 We've checked and the link is working fine. Request you to contact our support team on the link provided earlier. They will assist you further. ^JS
CUSTOMER: @AmazonHelp as i said, my main issue is with amazon pay
AGENT: @761160 I understand your concern. Please share your details here: https://t.co/beaaDm0muc and we'll contact you soon. ^JS
CUSTOMER: @AmazonHelp thanks, done",9,0.88,HIGH,0.0,0.08999999999999997,0.0,True,False,True,False,False,True,False,False,True,3.0
194,970632,NO,technical,unknown,570140,183070,274784,183070,0.7894045114517212,0.8281064033508301,0.7770936489105225,0.8281064033508301,0.79,0.715,0.445,0.715,0.5,0.0,1.0,0.0,0.0,0.0,0.0,0.0,HIGH,MEDIUM,LOW,MEDIUM,@115830 is there a way to purchase a book for someone else's kindle as present for them?,"@350314 Hi, we would not have that information at this time. ^CR","CUSTOMER: @115830 is there a way to purchase a book for someone else's kindle as present for them?
AGENT: @350314 Currently, gifting e-books on https://t.co/ykTUEmdsQA isn't available. I'm sorry for the inconvenience. ^CO
CUSTOMER: @AmazonHelp No problem. Do you think this Is something that is likely to happen moving forward? Thanks
AGENT: @350314 Hi, we would not have that information at this time. ^CR",4,0.7,MEDIUM,183070,@115821 @117634 Is there  a way to gift someone a book on their #Kindle? Options while buying are only to send to my own devices!Help!,"@159056 Please contact us here: https://t.co/TK4yevTaND, our team will check and help you with available options. ^NR","CUSTOMER: @115821 @117634 Is there  a way to gift someone a book on their #Kindle? Options while buying are only to send to my own devices!Help!
AGENT: @159056 Please contact us here: https://t.co/TK4yevTaND, our team will check and help you with available options. ^NR",2,0.715,MEDIUM,274784,Hey @115821 I can't seem to buy new releases thru you. The Amazon app tells me to use the store on Kindle and Kindle says these books are not available for sale. What's up? https://t.co/2TpR5IBGMu,@181646 Please call our support team here: https://t.co/vlvfJr4nN9 &amp; we'll be glad to help you with your concern. ^SF,"CUSTOMER: Hey @115821 I can't seem to buy new releases thru you. The Amazon app tells me to use the store on Kindle and Kindle says these books are not available for sale. What's up? https://t.co/2TpR5IBGMu
AGENT: @181646 Please call our support team here: https://t.co/vlvfJr4nN9 &amp; we'll be glad to help you with your concern. ^SF",2,0.445,LOW,183070,@115821 @117634 Is there  a way to gift someone a book on their #Kindle? Options while buying are only to send to my own devices!Help!,"@159056 Please contact us here: https://t.co/TK4yevTaND, our team will check and help you with available options. ^NR","CUSTOMER: @115821 @117634 Is there  a way to gift someone a book on their #Kindle? Options while buying are only to send to my own devices!Help!
AGENT: @159056 Please contact us here: https://t.co/TK4yevTaND, our team will check and help you with available options. ^NR",2,0.715,MEDIUM,570140,@117634 How do I buy a Kindle Book from my Amazon account as a gift to send to someone elses Kindle? I have an Australian Amazon account if that makes a difference.,"@253828 What a great gift! We would love to help. For the best assistance, please contact us here: https://t.co/kb87cmLMIh ^LM","CUSTOMER: @117634 How do I buy a Kindle Book from my Amazon account as a gift to send to someone elses Kindle? I have an Australian Amazon account if that makes a difference.
AGENT: @253828 What a great gift! We would love to help. For the best assistance, please contact us here: https://t.co/kb87cmLMIh ^LM",2,0.79,HIGH,0.0,0.07500000000000007,0.0,True,False,True,False,False,True,False,False,True,3.0
25,2927074,NO,delivery,unknown,2752427,2752427,2159319,1667256,0.6841403841972351,0.6841403841972351,0.6854358911514282,0.7052791118621826,0.79,0.79,0.43,0.265,1.0,1.0,1.0,0.5,0.0,0.0,0.0,0.0,HIGH,HIGH,LOW,LOW,@AmazonHelp Once again a package arrived with merchandise we didn't order. What is going on?!!! 😡,"@215289 I'm so sorry for the frustration! We'd like to take a closer look at the issue. If you haven't already, please reach out to us directly via phone/chat here: https://t.co/Y5jpI9gRhE ^TN","CUSTOMER: @AmazonHelp Once again a package arrived with merchandise we didn't order. What is going on?!!! 😡
AGENT: @215289 I'm so sorry for the frustration! We'd like to take a closer look at the issue. If you haven't already, please reach out to us directly via phone/chat here: https://t.co/Y5jpI9gRhE ^TN
CUSTOMER: @AmazonHelp Please DM me a phone number. Thank you.
AGENT: @215289 You're welcome to DM us! However, you can click on the link that ^TN provided for different ways to contact us, including a phone number. We look forward to hearing from you. ^EB
CUSTOMER: @AmazonHelp They told my roommate to keep the two items in the box, even though she didn't order them nor can she use them. Your company policy leaves much to be desired. Unbelievable! 😏
AGENT: @215289 Thanks for the update. Please let us know if this happens again.  ^SE",6,0.79,HIGH,1667256,@AmazonHelp I ordered something from you last weekend and it still has not arrived. Can you help?,"@507821 Hey, I am sorry to hear this. What is the current order status &amp; when was it due to be delivered?  https://t.co/aaDyEz1VgE ^TD","CUSTOMER: @AmazonHelp I ordered something from you last weekend and it still has not arrived. Can you help?
AGENT: @507821 Hey, I am sorry to hear this. What is the current order status &amp; when was it due to be delivered?  https://t.co/aaDyEz1VgE ^TD",2,0.265,LOW,2159319,@AmazonHelp You say it was “delivered” but no package! WTF!?,"@282337 I'm so sorry to hear this. To learn more about missing a package, please click on this link: https://t.co/Az3NbNjOM5. ^LH","CUSTOMER: @AmazonHelp You say it was “delivered” but no package! WTF!?
AGENT: @282337 I'm so sorry to hear this. To learn more about missing a package, please click on this link: https://t.co/Az3NbNjOM5. ^LH",2,0.43,LOW,2752427,"@AmazonHelp hey, was due a package yesterday and it still hasn’t arrived, any idea what’s going on? Order # 204-2646107-6021943","@770539 We'd like to look into this, please contact us here: https://t.co/JzP7hlA23B ^CO","CUSTOMER: @AmazonHelp hey, was due a package yesterday and it still hasn’t arrived, any idea what’s going on? Order # 204-2646107-6021943
AGENT: @770539 Sorry for the wait. We don't have access to account info on Twitter. What does tracking say here: https://t.co/aaDyEz1VgE? ^MH
CUSTOMER: @AmazonHelp ‘Arriving today out for delivery’, though it’s been ‘out for delivery’ since 11am yesterday
AGENT: @770539 We'd like to look into this, please contact us here: https://t.co/JzP7hlA23B ^CO",4,0.79,HIGH,2752427,"@AmazonHelp hey, was due a package yesterday and it still hasn’t arrived, any idea what’s going on? Order # 204-2646107-6021943","@770539 We'd like to look into this, please contact us here: https://t.co/JzP7hlA23B ^CO","CUSTOMER: @AmazonHelp hey, was due a package yesterday and it still hasn’t arrived, any idea what’s going on? Order # 204-2646107-6021943
AGENT: @770539 Sorry for the wait. We don't have access to account info on Twitter. What does tracking say here: https://t.co/aaDyEz1VgE? ^MH
CUSTOMER: @AmazonHelp ‘Arriving today out for delivery’, though it’s been ‘out for delivery’ since 11am yesterday
AGENT: @770539 We'd like to look into this, please contact us here: https://t.co/JzP7hlA23B ^CO",4,0.79,HIGH,0.525,0.525,0.02113872766494751,True,True,False,False,False,False,False,True,False,2.0
134,197806,NO,refund,refund,1159354,1159354,2521796,2521796,0.8932897448539734,0.8932897448539734,0.9190616607666016,0.9190616607666016,0.85,0.85,0.33,0.33,1.0,1.0,1.0,1.0,1.0,1.0,1.0,1.0,HIGH,HIGH,LOW,LOW,@AmazonHelp no i cannot wait refund me,@162515 I understand your concern regarding the refund. Kindly wait for the requested time frame mentioned earlier. ^AP,"AGENT: @162515 We're following up on your concern via DM. ^YP
CUSTOMER: @AmazonHelp no i cannot wait refund me
AGENT: @162515 I understand your concern regarding the refund. Kindly wait for the requested time frame mentioned earlier. ^AP",3,0.27,LOW,2521796,@AmazonHelp I want a REFUND,@708435 I'm sorry for the trouble. We don't have access to accounts via Twitter. Please call us: https://t.co/JzP7hlA23B so we can help sort this out. ^CO,"CUSTOMER: @AmazonHelp I want a REFUND
CUSTOMER: @AmazonHelp I still have not received a REFUND!!!! ??? It’s been 4 weeks now
AGENT: @708435 I'm sorry for the trouble. We don't have access to accounts via Twitter. Please call us: https://t.co/JzP7hlA23B so we can help sort this out. ^CO
CUSTOMER: @115821 @115830 @AmazonHelp Order number: 205-8970008-6516341 
WHERE IS MY REFUND???? 
I have been calling u and emailing you for weeks. Why have you not refunded me!? Explain.... #amazonshit
AGENT: @708435 Hello, thanks for reaching out! I have responded to your DM.

For security reasons, we recommend removing your Tweet with your order number on it.  ^AR",5,0.33,LOW,2521796,@AmazonHelp I want a REFUND,@708435 I'm sorry for the trouble. We don't have access to accounts via Twitter. Please call us: https://t.co/JzP7hlA23B so we can help sort this out. ^CO,"CUSTOMER: @AmazonHelp I want a REFUND
CUSTOMER: @AmazonHelp I still have not received a REFUND!!!! ??? It’s been 4 weeks now
AGENT: @708435 I'm sorry for the trouble. We don't have access to accounts via Twitter. Please call us: https://t.co/JzP7hlA23B so we can help sort this out. ^CO
CUSTOMER: @115821 @115830 @AmazonHelp Order number: 205-8970008-6516341 
WHERE IS MY REFUND???? 
I have been calling u and emailing you for weeks. Why have you not refunded me!? Explain.... #amazonshit
AGENT: @708435 Hello, thanks for reaching out! I have responded to your DM.

For security reasons, we recommend removing your Tweet with your order number on it.  ^AR",5,0.33,LOW,1159354,@AmazonHelp Still haven't received my refund.,@210388 I'm sorry for the wait! When did you initially receive the confirmation that your refund has been processed? ^WM,"CUSTOMER: @AmazonHelp Still haven't received my refund.
AGENT: @210388 I'm sorry for the wait! When did you initially receive the confirmation that your refund has been processed? ^WM
CUSTOMER: @AmazonHelp  https://t.co/zOuXOvj8PE
AGENT: @210388 Hmm... we'd like to look into this with you in real time. Please give us a ring or chat in here: https://t.co/JzP7hlA23B ^BL
CUSTOMER: @AmazonHelp Hi, I got confirmation that my refund has been received but I haven't received the money back?
AGENT: @210388 Refunds typically take 5-7 days for banks to process. More info on refunds can be found here: https://t.co/eR8hhbLSka ^JF
CUSTOMER: @AmazonHelp Okay, thank you.",7,0.85,HIGH,1159354,@AmazonHelp Still haven't received my refund.,@210388 I'm sorry for the wait! When did you initially receive the confirmation that your refund has been processed? ^WM,"CUSTOMER: @AmazonHelp Still haven't received my refund.
AGENT: @210388 I'm sorry for the wait! When did you initially receive the confirmation that your refund has been processed? ^WM
CUSTOMER: @AmazonHelp  https://t.co/zOuXOvj8PE
AGENT: @210388 Hmm... we'd like to look into this with you in real time. Please give us a ring or chat in here: https://t.co/JzP7hlA23B ^BL
CUSTOMER: @AmazonHelp Hi, I got confirmation that my refund has been received but I haven't received the money back?
AGENT: @210388 Refunds typically take 5-7 days for banks to process. More info on refunds can be found here: https://t.co/eR8hhbLSka ^JF
CUSTOMER: @AmazonHelp Okay, thank you.",7,0.85,HIGH,0.52,0.52,0.025771915912628174,False,True,False,False,False,False,False,True,False,2.0
11,21873,YES,technical,unknown,2827199,2827199,520673,990722,0.7552602291107178,0.7552602291107178,0.7622281908988953,0.7655608654022217,0.835,0.835,0.7,0.34,1.0,1.0,1.0,0.0,0.0,0.0,0.0,0.0,HIGH,HIGH,MEDIUM,LOW,"@AmazonHelp Thank you for doing the right thing and solving the problem, though i believe we could have done it on Day1 of issue, but thank you eith way","@120769 Please don't provide your order details, as we consider it to be personal information. Our Twitter page is public.​  ^RW","CUSTOMER: @AmazonHelp Thank you for doing the right thing and solving the problem, though i believe we could have done it on Day1 of issue, but thank you eith way
AGENT: @120769 Thanks for keeping us posted. I'll be sure to forward your comments to our team internally. ^GK
CUSTOMER: @AmazonHelp I was supposed to receive a call back,  is this how you want to be a world class company, pls sort my issue out 9051282828
AGENT: @120769 We will reply you over DM. ^RW
AGENT: @120769 Please don't provide your order details, as we consider it to be personal information. Our Twitter page is public.​  ^RW",5,0.645,MEDIUM,990722,Pls organise a call back immediately @115850 @AmazonHelp,@354683 We'll not be able to access your account details over Twitter. Please tell us more about the issue so we can assist accordingly. ^MP,"CUSTOMER: Pls organise a call back immediately @115850 @AmazonHelp
AGENT: @354683 We'll not be able to access your account details over Twitter. Please tell us more about the issue so we can assist accordingly. ^MP",2,0.34,LOW,520673,@AmazonHelp Jud in your Customer Service Call Center team is fantastic.  He was both polite and helpful in solving my issue.  Thank you,"@240195 I'm glad Jud was able to help! If you haven't already, please make sure to fill out the survey sent after each contact. It's seen by their direct manager. 😊 ^JM","CUSTOMER: @AmazonHelp Jud in your Customer Service Call Center team is fantastic.  He was both polite and helpful in solving my issue.  Thank you
AGENT: @240195 I'm glad Jud was able to help! If you haven't already, please make sure to fill out the survey sent after each contact. It's seen by their direct manager. 😊 ^JM",2,0.7,MEDIUM,2827199,@AmazonHelp @115850 if you want I will continue with u call me on 9467658408 and solve my problem as ur customer care failed for the same,@787146 We've responded to your query here: https://t.co/6atGE6v0KY Kindly check.,"CUSTOMER: @AmazonHelp @115850 if you want I will continue with u call me on 9467658408 and solve my problem as ur customer care failed for the same
AGENT: @787146 We've responded to your query here: https://t.co/6atGE6v0KY Kindly check.
Please don't provide your contact details, we consider it to be personal information. Our page is visible to the public. ^SY",2,0.835,HIGH,2827199,@AmazonHelp @115850 if you want I will continue with u call me on 9467658408 and solve my problem as ur customer care failed for the same,@787146 We've responded to your query here: https://t.co/6atGE6v0KY Kindly check.,"CUSTOMER: @AmazonHelp @115850 if you want I will continue with u call me on 9467658408 and solve my problem as ur customer care failed for the same
AGENT: @787146 We've responded to your query here: https://t.co/6atGE6v0KY Kindly check.
Please don't provide your contact details, we consider it to be personal information. Our page is visible to the public. ^SY",2,0.835,HIGH,0.49499999999999994,0.49499999999999994,0.010300636291503906,True,True,False,False,False,False,True,False,False,2.0
198,2747173,NO,delivery,unknown,123398,123398,1706394,1706394,0.8130238056182861,0.8130238056182861,0.8544559478759766,0.8544559478759766,0.91,0.91,0.43,0.43,1.0,1.0,1.0,1.0,0.0,0.0,0.0,0.0,HIGH,HIGH,LOW,LOW,My @115821 order said it had guaranteed delivery on Nov. 22nd but has not even been shipped... what’s up with that?,"@769255 Sorry for the delay, Kaitlin! Have we sent you an e-mail with an updated delivery date? You can check that here: https://t.co/2IHxMGT60b If not, please reach out to us here so that we can investigate the delay: https://t.co/hApLpMlfHN ^EA","CUSTOMER: My @115821 order said it had guaranteed delivery on Nov. 22nd but has not even been shipped... what’s up with that?
AGENT: @769255 Sorry for the delay, Kaitlin! Have we sent you an e-mail with an updated delivery date? You can check that here: https://t.co/2IHxMGT60b If not, please reach out to us here so that we can investigate the delay: https://t.co/hApLpMlfHN ^EA",2,0.91,HIGH,1706394,"@115821 two day shipping with a guaranteed delivery of Oct 23rd? I ordered today, the 17th. What gives? https://t.co/M5KilgTOsr","@517153 Hey, Laura! Some items need additional processing time. Here's more info on shipping/processing times: https://t.co/XmDaK16wcz ^CN","CUSTOMER: @115821 two day shipping with a guaranteed delivery of Oct 23rd? I ordered today, the 17th. What gives? https://t.co/M5KilgTOsr
AGENT: @517153 Hey, Laura! Some items need additional processing time. Here's more info on shipping/processing times: https://t.co/XmDaK16wcz ^CN",2,0.43,LOW,1706394,"@115821 two day shipping with a guaranteed delivery of Oct 23rd? I ordered today, the 17th. What gives? https://t.co/M5KilgTOsr","@517153 Hey, Laura! Some items need additional processing time. Here's more info on shipping/processing times: https://t.co/XmDaK16wcz ^CN","CUSTOMER: @115821 two day shipping with a guaranteed delivery of Oct 23rd? I ordered today, the 17th. What gives? https://t.co/M5KilgTOsr
AGENT: @517153 Hey, Laura! Some items need additional processing time. Here's more info on shipping/processing times: https://t.co/XmDaK16wcz ^CN",2,0.43,LOW,123398,"@115850 you where's my ""guaranteed delivery for today"" package. I just checked and it's sitting in the warehouse. I ordered it on Monday night. By my count today is 2 days. THIS.... Does not look like it's getting delivered does it? https://t.co/biz5Q9SdZS",@143570 I understand how frustrating it is waiting for a package! Keep us updated on its arrival. ^DG,"CUSTOMER: @115850 you where's my ""guaranteed delivery for today"" package. I just checked and it's sitting in the warehouse. I ordered it on Monday night. By my count today is 2 days. THIS.... Does not look like it's getting delivered does it? https://t.co/biz5Q9SdZS
AGENT: @143570 I'm sorry for the inconvenience. Please report this to our support team here: https://t.co/TdDksLo6Mf and we'll look into this. ^MK
CUSTOMER: @AmazonHelp I tried getting you to call me on 2 different phones. Neither rang. It appears I am not the only one unhappy with @6967 courier. Quick search for #amazon &amp; that's the first 2 tweets. If this is how my free trial of Prime is, you can bet I'm not going to pay for it.
CUSTOMER: @AmazonHelp @6967 And not only that, when I track my order on your website.... Apparently I didn't make any. Even though I have emails and credit card receipts proving otherwise. https://t.co/9AzQ8RTAbt
AGENT: @143570 I am sorry to know about that. I'd like to take a closer look into this. Please share your details here: https://t.co/GIJyeYqKE0 and I'll get in touch with you. ^MK
CUSTOMER: @AmazonHelp Ok sounds good thanks. Done.
AGENT: @143570 You're welcome. Do keep us posted for any further assistance. ^MK
AGENT: @143570 I'm so sorry for the trouble tracking and receiving your order. Just to confirm, was your order placed on https://t.co/nUUp5MLhYl, Amazon.ca, or another Amazon website? ^JN
CUSTOMER: @AmazonHelp Amazon android app
CUSTOMER: @AmazonHelp Here's a screenshot within the app https://t.co/syNI5BHKkv
CUSTOMER: @AmazonHelp I just noticed ""by 8PM"" do I guess I should at least wait for then to start complaining... 😂... but if it isn't here at 8:01, I'm going to be ringing your doorbell again... https://t.co/dyZs5AE1Xt
AGENT: @143570 I understand how frustrating it is waiting for a package! Keep us updated on its arrival. ^DG
CUSTOMER: @AmazonHelp https://t.co/aeWdGSVw5B
CUSTOMER: @AmazonHelp I was just notified 2/3 packages have arrived at my home. Fingers crossed the last one comes today. 🙂
AGENT: @143570 Are there any updates on the other parcel's tracking information: https://t.co/PyACxvY8Qo? ^ST
CUSTOMER: @AmazonHelp All my orders came in but it looks like I'm returning this duvet cover. Looks like a burn hole in it. https://t.co/kOFDaUUWcH
AGENT: @143570 I'm sorry it arrived damaged! You can request a return label and find the available refund or replacement options here: https://t.co/vUVoLBVuve ^SB
CUSTOMER: @AmazonHelp Thanks!
AGENT: @143570 You're very welcome! Feel free to reach out to us with any future issues or concerns. ^GG",19,0.91,HIGH,123398,"@115850 you where's my ""guaranteed delivery for today"" package. I just checked and it's sitting in the warehouse. I ordered it on Monday night. By my count today is 2 days. THIS.... Does not look like it's getting delivered does it? https://t.co/biz5Q9SdZS",@143570 I understand how frustrating it is waiting for a package! Keep us updated on its arrival. ^DG,"CUSTOMER: @115850 you where's my ""guaranteed delivery for today"" package. I just checked and it's sitting in the warehouse. I ordered it on Monday night. By my count today is 2 days. THIS.... Does not look like it's getting delivered does it? https://t.co/biz5Q9SdZS
AGENT: @143570 I'm sorry for the inconvenience. Please report this to our support team here: https://t.co/TdDksLo6Mf and we'll look into this. ^MK
CUSTOMER: @AmazonHelp I tried getting you to call me on 2 different phones. Neither rang. It appears I am not the only one unhappy with @6967 courier. Quick search for #amazon &amp; that's the first 2 tweets. If this is how my free trial of Prime is, you can bet I'm not going to pay for it.
CUSTOMER: @AmazonHelp @6967 And not only that, when I track my order on your website.... Apparently I didn't make any. Even though I have emails and credit card receipts proving otherwise. https://t.co/9AzQ8RTAbt
AGENT: @143570 I am sorry to know about that. I'd like to take a closer look into this. Please share your details here: https://t.co/GIJyeYqKE0 and I'll get in touch with you. ^MK
CUSTOMER: @AmazonHelp Ok sounds good thanks. Done.
AGENT: @143570 You're welcome. Do keep us posted for any further assistance. ^MK
AGENT: @143570 I'm so sorry for the trouble tracking and receiving your order. Just to confirm, was your order placed on https://t.co/nUUp5MLhYl, Amazon.ca, or another Amazon website? ^JN
CUSTOMER: @AmazonHelp Amazon android app
CUSTOMER: @AmazonHelp Here's a screenshot within the app https://t.co/syNI5BHKkv
CUSTOMER: @AmazonHelp I just noticed ""by 8PM"" do I guess I should at least wait for then to start complaining... 😂... but if it isn't here at 8:01, I'm going to be ringing your doorbell again... https://t.co/dyZs5AE1Xt
AGENT: @143570 I understand how frustrating it is waiting for a package! Keep us updated on its arrival. ^DG
CUSTOMER: @AmazonHelp https://t.co/aeWdGSVw5B
CUSTOMER: @AmazonHelp I was just notified 2/3 packages have arrived at my home. Fingers crossed the last one comes today. 🙂
AGENT: @143570 Are there any updates on the other parcel's tracking information: https://t.co/PyACxvY8Qo? ^ST
CUSTOMER: @AmazonHelp All my orders came in but it looks like I'm returning this duvet cover. Looks like a burn hole in it. https://t.co/kOFDaUUWcH
AGENT: @143570 I'm sorry it arrived damaged! You can request a return label and find the available refund or replacement options here: https://t.co/vUVoLBVuve ^SB
CUSTOMER: @AmazonHelp Thanks!
AGENT: @143570 You're very welcome! Feel free to reach out to us with any future issues or concerns. ^GG",19,0.91,HIGH,0.48000000000000004,0.48000000000000004,0.04143214225769043,False,True,False,False,False,False,False,True,False,2.0
121,394424,NO,account,late,844128,844128,1349087,1349087,0.7514064908027649,0.7514064908027649,0.7824298143386841,0.7824298143386841,0.88,0.88,0.43,0.43,1.0,1.0,1.0,1.0,0.0,0.0,0.0,0.0,HIGH,HIGH,LOW,LOW,@115850 Hi Amazon my account has been closed without reason please help . There is no proper response from __email__,"@182608 Kindly reply to the email sent from the specialist team, as they'll be able to help you with the account related issues.^AK","CUSTOMER: @115850 Hi Amazon my account has been closed without reason please help . There is no proper response from __email__
AGENT: @182608 All account closure issues are handled by the account specialist team and a closed account is tagged with an email, (1/3)
AGENT: @182608 You may find the correspondence sent from us on this into your mailbox. (3/3)^YP
AGENT: @182608 kindly revert to the email correspondence you've received and our team shall get back. (2/3)
CUSTOMER: @AmazonHelp I have already reverted. and they are no ears  to me they are simply saying it is a permanent ban. Can you please call me and fix it asap
CUSTOMER: @AmazonHelp Thanks for replying . But let me tell you even after multiple correspondence . The team is not able to reinstate my account so i have (1/2)
CUSTOMER: @AmazonHelp to switch to twitter (2/2)
CUSTOMER: @AmazonHelp please check DM fast
AGENT: @182608 I get the concern, Reetesh. We'll respond to your DM, kindly take a look. ^MS
CUSTOMER: @AmazonHelp I have responded to the details asked for . if not satisfied please give me a call asap
AGENT: @182608 As you've shared your details, we'll work on it and get back to you at the earliest. ^HN
CUSTOMER: @AmazonHelp I have received the invite for echo dot. Also i need to purchase mobile. The echo dot invite is expires in 2 days. so plz make it fast.
AGENT: @182608 We understand your concern, Reetesh. Once we receive your details, we'll look into your concern and assist. ^SV
CUSTOMER: @AmazonHelp Hi I am not able to access my account at amazon.in , https://t.co/Q8yVbtPH5e or at https://t.co/qyiHj3EJuj please help
AGENT: @182608 Sorry to know that you're unable to access your account. As per the screenshot posted earlier, the resolution provided (1/2)^SQ
AGENT: @182608 to you by the account specialist team is the best we're able to offer at this moment. Appreciate your understanding. (2/2)^SQ
CUSTOMER: @AmazonHelp No resolution provided. Still facing issue
CUSTOMER: @AmazonHelp But why my open order got cancelled i was told to order items. I was uable to use my pay balance. Please restore my account
AGENT: @182608 Hello, so sorry to hear this. Could you kindly elaborate the issue, so that we can assist you with this.
CUSTOMER: @AmazonHelp I am unable to login
AGENT: @182608 That's odd! We would like to help, kindly elaborate your issue for us. ^CB
CUSTOMER: @AmazonHelp I am unable to login at any amazon website. My amazon pay stuck
CUSTOMER: @AmazonHelp Hi can you reply to dm.
AGENT: @182608 We've responded to your query via DM. Please check. ^HD
CUSTOMER: @AmazonHelp Please check again i find your reply unsatisfactory
AGENT: @182608 As informed earlier, please revert to the email you've received from us and we'll check this for you. ^HN
CUSTOMER: @AmazonHelp Please check the dm for latest updates
AGENT: @182608 We'll check and revert to you via DM. ^HN
CUSTOMER: @AmazonHelp Please stop giving copy paste response
AGENT: @182608 Kindly reply to the email sent from the specialist team, as they'll be able to help you with the account related issues.^AK
CUSTOMER: @AmazonHelp Sent and received a reply please check dm
AGENT: @182608 We've responded to you via DM. Please check. ^ST",32,0.675,MEDIUM,1349087,"@AmazonHelp my account has been locked, Wtf should I do now? Unable to call customer service. Help ASAP!",@126273 You might have received an email from the account specialist team. Please check and reply to the email. ^VG,"CUSTOMER: @AmazonHelp my account has been locked, Wtf should I do now? Unable to call customer service. Help ASAP!
AGENT: @126273 You might have received an email from the account specialist team. Please check and reply to the email. ^VG
CUSTOMER: @AmazonHelp They fucking didnt replied since 3 days. Can you check wtf is going on and how it can be recovered?
AGENT: @126273 Apologies for this ordeal with your account, Chirag. If you've replied, our team will reach out to you soon. ^HD",4,0.43,LOW,1349087,"@AmazonHelp my account has been locked, Wtf should I do now? Unable to call customer service. Help ASAP!",@126273 You might have received an email from the account specialist team. Please check and reply to the email. ^VG,"CUSTOMER: @AmazonHelp my account has been locked, Wtf should I do now? Unable to call customer service. Help ASAP!
AGENT: @126273 You might have received an email from the account specialist team. Please check and reply to the email. ^VG
CUSTOMER: @AmazonHelp They fucking didnt replied since 3 days. Can you check wtf is going on and how it can be recovered?
AGENT: @126273 Apologies for this ordeal with your account, Chirag. If you've replied, our team will reach out to you soon. ^HD",4,0.43,LOW,844128,@115821 @AmazonHelp Hey. Can someone help me with my account. Having issues and would really like to get some help so I can use my account.,"@320694 Thanks for letting us know, Meir! Have you received an email from an account specialist? Check spam &amp; junk folders as well! ^SA","CUSTOMER: @115821 @AmazonHelp Hey. Can someone help me with my account. Having issues and would really like to get some help so I can use my account.
AGENT: @320694 Thanks for reaching out. Without providing any personal information, how can we assist you with your account? ^FJ
CUSTOMER: @AmazonHelp I believe my account was locked and would like to speak to someone about it.
AGENT: @320694 Thanks for letting us know, Meir! Have you received an email from an account specialist? Check spam &amp; junk folders as well! ^SA
CUSTOMER: @AmazonHelp I received an email, but it seemed like it came from a generic unmonitored email address.
AGENT: @320694 We'd like to look into this further with you! When you have a chance, please reach out to us here: https://t.co/hApLpMlfHN ^VB
CUSTOMER: @AmazonHelp Hi. It is not letting me login to see where the link takes me.
AGENT: @320694 Sorry about that, Meir! Please use this link instead: https://t.co/jzvkhdlrK5 ^AB
CUSTOMER: @AmazonHelp The agent was not helpful. Any way you can get additional help? It seems my account was shutdown but for a reason beyond my control.
AGENT: @320694 I'm sorry to hear this! What information or resources did the agent you spoke with provide? ^MW
CUSTOMER: @AmazonHelp They said they were chatting with department that closed the account. But unable to reopen even with issue being something out of my control
CUSTOMER: @AmazonHelp Any way I can get you more specific details about the issue?
AGENT: @320694 Did the email you received from the Account Specialist request any information or provide instructions? ^CH
CUSTOMER: @AmazonHelp No. It came from what seemed like a generic email with just a mention of account being closed. Would really like to speak to someone...
CUSTOMER: @AmazonHelp ...there about this and explain my side.
AGENT: @320694 I'd like for my team to look into this. Please send us details here: https://t.co/VGWpAaTucg ^AB
CUSTOMER: @AmazonHelp Thank you. I have just submitted my response via the link.",17,0.88,HIGH,844128,@115821 @AmazonHelp Hey. Can someone help me with my account. Having issues and would really like to get some help so I can use my account.,"@320694 Thanks for letting us know, Meir! Have you received an email from an account specialist? Check spam &amp; junk folders as well! ^SA","CUSTOMER: @115821 @AmazonHelp Hey. Can someone help me with my account. Having issues and would really like to get some help so I can use my account.
AGENT: @320694 Thanks for reaching out. Without providing any personal information, how can we assist you with your account? ^FJ
CUSTOMER: @AmazonHelp I believe my account was locked and would like to speak to someone about it.
AGENT: @320694 Thanks for letting us know, Meir! Have you received an email from an account specialist? Check spam &amp; junk folders as well! ^SA
CUSTOMER: @AmazonHelp I received an email, but it seemed like it came from a generic unmonitored email address.
AGENT: @320694 We'd like to look into this further with you! When you have a chance, please reach out to us here: https://t.co/hApLpMlfHN ^VB
CUSTOMER: @AmazonHelp Hi. It is not letting me login to see where the link takes me.
AGENT: @320694 Sorry about that, Meir! Please use this link instead: https://t.co/jzvkhdlrK5 ^AB
CUSTOMER: @AmazonHelp The agent was not helpful. Any way you can get additional help? It seems my account was shutdown but for a reason beyond my control.
AGENT: @320694 I'm sorry to hear this! What information or resources did the agent you spoke with provide? ^MW
CUSTOMER: @AmazonHelp They said they were chatting with department that closed the account. But unable to reopen even with issue being something out of my control
CUSTOMER: @AmazonHelp Any way I can get you more specific details about the issue?
AGENT: @320694 Did the email you received from the Account Specialist request any information or provide instructions? ^CH
CUSTOMER: @AmazonHelp No. It came from what seemed like a generic email with just a mention of account being closed. Would really like to speak to someone...
CUSTOMER: @AmazonHelp ...there about this and explain my side.
AGENT: @320694 I'd like for my team to look into this. Please send us details here: https://t.co/VGWpAaTucg ^AB
CUSTOMER: @AmazonHelp Thank you. I have just submitted my response via the link.",17,0.88,HIGH,0.45,0.45,0.03102332353591919,False,True,False,False,False,False,False,True,False,2.0
13,2129938,NO,product,unknown,2774127,2774127,2862063,2862063,0.748247504234314,0.748247504234314,0.769071638584137,0.769071638584137,0.835,0.835,0.385,0.385,1.0,1.0,1.0,1.0,0.0,0.0,0.0,0.0,HIGH,HIGH,LOW,LOW,@AmazonHelp Hi.. Need help with one of the products that I had ordered. Appreciate your quick response!,"@626950 We'd like to have a closer look, kindly reach out to our support team here: https://t.co/vlvfJr4nN9 &amp; we'll help you out. ^EM","CUSTOMER: @AmazonHelp Hi.. Need help with one of the products that I had ordered. Appreciate your quick response!
AGENT: @626950 We'd be glad to help. Please do let us know how we can assist you today? ^EM
CUSTOMER: @AmazonHelp A product that I bought isn't working anymore and is within the warranty period.
AGENT: @626950 For further assistance please claim the warraty by contacting the manufacturer. (2/2)^BS
AGENT: @626950 If the product is within the return window period, We'd help you with a return/replacement. (1/2) ^BS
CUSTOMER: @AmazonHelp This is the product. No where mentioned how to make use of the warranty. https://t.co/OAz1tEFVWH
CUSTOMER: @AmazonHelp Order details https://t.co/8T4Gi6hStR
AGENT: @626950 We'd like to have a closer look, kindly reach out to our support team here: https://t.co/vlvfJr4nN9 &amp; we'll help you out. ^EM
AGENT: @626950 Please don't provide your order details, as we consider it to be personal information. Our Twitter page is public.​ ^EM
CUSTOMER: @AmazonHelp I know. Have not provided any detail. Thanks anyway!
AGENT: @626950 Sorry about the miscommunication, as mentioned earlier, please reach out to our support team via the above link. ^MS",11,0.745,MEDIUM,2862063,@AmazonHelp How do I deal with the warranty on an Amazon Basics item? The one I'm having a problem with you guys discontinued and don't make anymore. It's a large item.,"@279745 Great question, Dylan. We'd be happy to look into options with you in real-time here: https://t.co/hApLpMlfHN We'd love to assist in any way possible. ^SK","CUSTOMER: @AmazonHelp How do I deal with the warranty on an Amazon Basics item? The one I'm having a problem with you guys discontinued and don't make anymore. It's a large item.
AGENT: @279745 Great question, Dylan. We'd be happy to look into options with you in real-time here: https://t.co/hApLpMlfHN We'd love to assist in any way possible. ^SK
CUSTOMER: @AmazonHelp All I was told was that it can't be replaced, despite it being under warranty. They want me to send it back but I can't get another as it isn't made anymore. Basically, I can keep using a broken product or just spend more money on a replacement.
CUSTOMER: @AmazonHelp Update: They just told me they won't replace it, even though it is under warranty by many months. Do you have any available solutions? Unreal.",4,0.385,LOW,2862063,@AmazonHelp How do I deal with the warranty on an Amazon Basics item? The one I'm having a problem with you guys discontinued and don't make anymore. It's a large item.,"@279745 Great question, Dylan. We'd be happy to look into options with you in real-time here: https://t.co/hApLpMlfHN We'd love to assist in any way possible. ^SK","CUSTOMER: @AmazonHelp How do I deal with the warranty on an Amazon Basics item? The one I'm having a problem with you guys discontinued and don't make anymore. It's a large item.
AGENT: @279745 Great question, Dylan. We'd be happy to look into options with you in real-time here: https://t.co/hApLpMlfHN We'd love to assist in any way possible. ^SK
CUSTOMER: @AmazonHelp All I was told was that it can't be replaced, despite it being under warranty. They want me to send it back but I can't get another as it isn't made anymore. Basically, I can keep using a broken product or just spend more money on a replacement.
CUSTOMER: @AmazonHelp Update: They just told me they won't replace it, even though it is under warranty by many months. Do you have any available solutions? Unreal.",4,0.385,LOW,2774127,@115850 @AmazonHelp Unable to get information on how to claim warranty for one of the products. App is also not helpful,"@775308 I have checked and can confirm that we haven't received your details. Kindly submit your details using the link provided earlier. Also, please don't provide your account details, we consider it to be personal information. Our page is visible to the public.^GD","CUSTOMER: @115850 @AmazonHelp Unable to get information on how to claim warranty for one of the products. App is also not helpful
AGENT: @775308 I understand your concern, please contact us via https://t.co/vlvfJr4nN9 and our support team would assist you. ^MD
CUSTOMER: @AmazonHelp Tried calling. But it gets disconnected automatically every time saying they it couldn't identify the order is there any other way
AGENT: @775308 That's strange. Could you confirm If you are contacting from the account through which the order was placed? If it is a ""Yes"" and you are unable to connect to the support team through phone, please reach us via an email or chat for further assistance. ^NK
CUSTOMER: @AmazonHelp Yes, it was from the same account. I will now email my query. Request a prompt response
AGENT: @775308 Thank you for the heads up. Once we receive the email, we'll work on the issue and get back to you with an update. ^PJ
CUSTOMER: @AmazonHelp Done. Sent from __email__
AGENT: @775308 I have checked and can confirm that we haven't received your details. Kindly submit your details using the link provided earlier. Also, please don't provide your account details, we consider it to be personal information. Our page is visible to the public.^GD
CUSTOMER: @AmazonHelp I did that only. I recd a mail from ur side with link to contacting the seller. I have sent an email to the seller as well and am now awaiting their reply.
AGENT: @775308 In that case, request you to wait for an update from the seller so that we can assist you accordingly. Appreciate your understanding. ^GD",10,0.835,HIGH,2774127,@115850 @AmazonHelp Unable to get information on how to claim warranty for one of the products. App is also not helpful,"@775308 I have checked and can confirm that we haven't received your details. Kindly submit your details using the link provided earlier. Also, please don't provide your account details, we consider it to be personal information. Our page is visible to the public.^GD","CUSTOMER: @115850 @AmazonHelp Unable to get information on how to claim warranty for one of the products. App is also not helpful
AGENT: @775308 I understand your concern, please contact us via https://t.co/vlvfJr4nN9 and our support team would assist you. ^MD
CUSTOMER: @AmazonHelp Tried calling. But it gets disconnected automatically every time saying they it couldn't identify the order is there any other way
AGENT: @775308 That's strange. Could you confirm If you are contacting from the account through which the order was placed? If it is a ""Yes"" and you are unable to connect to the support team through phone, please reach us via an email or chat for further assistance. ^NK
CUSTOMER: @AmazonHelp Yes, it was from the same account. I will now email my query. Request a prompt response
AGENT: @775308 Thank you for the heads up. Once we receive the email, we'll work on the issue and get back to you with an update. ^PJ
CUSTOMER: @AmazonHelp Done. Sent from __email__
AGENT: @775308 I have checked and can confirm that we haven't received your details. Kindly submit your details using the link provided earlier. Also, please don't provide your account details, we consider it to be personal information. Our page is visible to the public.^GD
CUSTOMER: @AmazonHelp I did that only. I recd a mail from ur side with link to contacting the seller. I have sent an email to the seller as well and am now awaiting their reply.
AGENT: @775308 In that case, request you to wait for an update from the seller so that we can assist you accordingly. Appreciate your understanding. ^GD",10,0.835,HIGH,0.44999999999999996,0.44999999999999996,0.020824134349822998,False,True,False,False,False,False,False,True,False,2.0
122,2787693,NO,delivery,unknown,803029,803029,2652390,660394,0.6791621446609497,0.6791621446609497,0.7004873752593994,0.711822509765625,0.91,0.91,0.43,0.475,1.0,1.0,1.0,0.0,0.0,0.0,0.0,0.0,HIGH,HIGH,LOW,LOW,@AmazonHelp hey so my mum ordered my birthday present for today and the email says it's tried to be delivered twice but no one has even knocked on the door so we're quite angry,"@778235 Truly sorry for the wait, we're here to help! With Twitter, we have no access to any account or order information. What does the tracking currently display? Check here: https://t.co/aaDyEz1VgE and please let us know! ^JE","CUSTOMER: @AmazonHelp hey so my mum ordered my birthday present for today and the email says it's tried to be delivered twice but no one has even knocked on the door so we're quite angry
AGENT: @778235 Truly sorry for the wait, we're here to help! With Twitter, we have no access to any account or order information. What does the tracking currently display? Check here: https://t.co/aaDyEz1VgE and please let us know! ^JE
CUSTOMER: @AmazonHelp I'll send you guys a DM!
CUSTOMER: @AmazonHelp Sent the DM, it includes a picture with the order number and what's happening
AGENT: @778235 I've replied to your DM. Thanks! ^ST",5,0.435,LOW,660394,@AmazonHelp hi I’ve got a problem with an order I made. You seem to have sent the same item twice!,"@277303 Thank you for bringing this to our attention. When you have a moment, will you please click here:  https://t.co/hApLpMlfHN to contact our Customer Service team? ^TL","CUSTOMER: @AmazonHelp hi I’ve got a problem with an order I made. You seem to have sent the same item twice!
AGENT: @277303 Thank you for bringing this to our attention. When you have a moment, will you please click here:  https://t.co/hApLpMlfHN to contact our Customer Service team? ^TL
CUSTOMER: @AmazonHelp Okay, will do",3,0.475,LOW,2652390,@AmazonHelp What can I do about an order that was supposed to be delivered today but hasn't arrived?,@748036 I'm sorry your order hasn't arrived. Who is the carrier? You can check here for tracking and updates: https://t.co/Y5jpI9gRhE Please keep us posted of you need anything further. ^MO,"CUSTOMER: @AmazonHelp What can I do about an order that was supposed to be delivered today but hasn't arrived?
AGENT: @748036 I'm sorry your order hasn't arrived. Who is the carrier? You can check here for tracking and updates: https://t.co/Y5jpI9gRhE Please keep us posted of you need anything further. ^MO
CUSTOMER: @AmazonHelp The carrier is AMZL US. Will this arrive tomorrow? @AmazonHelp
AGENT: @748036 My apologies Jeff. I would expect the delivery to occur tomorrow. However, if you get in touch: https://t.co/hApLpMlfHN, we'll be happy to check the order specifics. ^DC",4,0.43,LOW,803029,"@AmazonHelp  u promised 2 deliver the order 2day &amp; U broke it twice, Pathetic service &amp;ur delivery team R Liars ref Tracking #","@311355 Please don't provide your order details, we consider it personal information. Our Twitter page is visible to public. (2/2)^SV","CUSTOMER: @AmazonHelp  u promised 2 deliver the order 2day &amp; U broke it twice, Pathetic service &amp;ur delivery team R Liars ref Tracking #
216238913320
AGENT: @311355 Apologies for the inconvenience with our logistics. We've responded to your concern here: https://t.co/4aE8VstWd3 (1/2) ^SV
AGENT: @311355 Please don't provide your order details, we consider it personal information. Our Twitter page is visible to public. (2/2)^SV",3,0.91,HIGH,803029,"@AmazonHelp  u promised 2 deliver the order 2day &amp; U broke it twice, Pathetic service &amp;ur delivery team R Liars ref Tracking #","@311355 Please don't provide your order details, we consider it personal information. Our Twitter page is visible to public. (2/2)^SV","CUSTOMER: @AmazonHelp  u promised 2 deliver the order 2day &amp; U broke it twice, Pathetic service &amp;ur delivery team R Liars ref Tracking #
216238913320
AGENT: @311355 Apologies for the inconvenience with our logistics. We've responded to your concern here: https://t.co/4aE8VstWd3 (1/2) ^SV
AGENT: @311355 Please don't provide your order details, we consider it personal information. Our Twitter page is visible to public. (2/2)^SV",3,0.91,HIGH,0.43500000000000005,0.43500000000000005,0.03266036510467529,True,True,False,False,False,False,False,True,False,2.0
154,1120423,YES,refund,refund,2211802,2211802,2211802,1221785,0.6571178436279297,0.6571178436279297,0.6571178436279297,0.6684519648551941,0.88,0.88,0.88,0.445,1.0,1.0,1.0,0.0,1.0,1.0,1.0,0.0,HIGH,HIGH,HIGH,LOW,@115821 why are you still carrying suppliers like NEWCHIC? From China..fraudulent company!!,"@384338 Just to confirm, are you also having an issue with an order from the new seller? ^BH","CUSTOMER: @115821 why are you still carrying suppliers like NEWCHIC? From China..fraudulent company!! 
They will not refund, send wrong colors.fraud
AGENT: @384338 Sorry for your previous experience with us! Have you had a chance to leave seller feedback: https://t.co/FkGWGmmsHj ^JZ
CUSTOMER: @AmazonHelp It was a third party from china! You guys settled it...thank you..but I see another one on doing the same thing-newchic.
AGENT: @384338 Just to confirm, are you also having an issue with an order from the new seller? ^BH",4,0.82,HIGH,1221785,"@115821 who do I contact with issues re: 2 separate orders?  both sellers are in China, and both have really screwed me over.",@406691 I'm sorry for the trouble on the orders. Please give us a call/chat so we can look into this together: https://t.co/hApLpMlfHN ^TG,"CUSTOMER: @115821 who do I contact with issues re: 2 separate orders?  both sellers are in China, and both have really screwed me over.
AGENT: @406691 I'm sorry for the trouble on the orders. Please give us a call/chat so we can look into this together: https://t.co/hApLpMlfHN ^TG",2,0.445,LOW,2211802,"@115850  ordered a product form your website in 21st. received it on 23, now its 3rd day nd the product has started leaving his color. Please refund my money. Nd for your kind information i won't have the packaging so accept it nd refund my money..","@443659 My apologies for the experience you've had with the item, Anand. Please reach out to us via: https://t.co/7E254QtTus and we will be happy to have this checked. ^KS","CUSTOMER: @115850  ordered a product form your website in 21st. received it on 23, now its 3rd day nd the product has started leaving his color. Please refund my money. Nd for your kind information i won't have the packaging so accept it nd refund my money..
AGENT: @443659 My apologies for the experience you've had with the item, Anand. Please reach out to us via: https://t.co/7E254QtTus and we will be happy to have this checked. ^KS",2,0.88,HIGH,2211802,"@115850  ordered a product form your website in 21st. received it on 23, now its 3rd day nd the product has started leaving his color. Please refund my money. Nd for your kind information i won't have the packaging so accept it nd refund my money..","@443659 My apologies for the experience you've had with the item, Anand. Please reach out to us via: https://t.co/7E254QtTus and we will be happy to have this checked. ^KS","CUSTOMER: @115850  ordered a product form your website in 21st. received it on 23, now its 3rd day nd the product has started leaving his color. Please refund my money. Nd for your kind information i won't have the packaging so accept it nd refund my money..
AGENT: @443659 My apologies for the experience you've had with the item, Anand. Please reach out to us via: https://t.co/7E254QtTus and we will be happy to have this checked. ^KS",2,0.88,HIGH,2211802,"@115850  ordered a product form your website in 21st. received it on 23, now its 3rd day nd the product has started leaving his color. Please refund my money. Nd for your kind information i won't have the packaging so accept it nd refund my money..","@443659 My apologies for the experience you've had with the item, Anand. Please reach out to us via: https://t.co/7E254QtTus and we will be happy to have this checked. ^KS","CUSTOMER: @115850  ordered a product form your website in 21st. received it on 23, now its 3rd day nd the product has started leaving his color. Please refund my money. Nd for your kind information i won't have the packaging so accept it nd refund my money..
AGENT: @443659 My apologies for the experience you've had with the item, Anand. Please reach out to us via: https://t.co/7E254QtTus and we will be happy to have this checked. ^KS",2,0.88,HIGH,0.435,0.435,0.011334121227264404,True,True,False,False,False,False,True,False,False,2.0
160,848196,YES,technical,unknown,1428941,1428941,1133536,930173,0.619499683380127,0.619499683380127,0.5324608683586121,0.6313462257385254,0.835,0.835,0.355,0.4,0.5,0.5,1.0,0.0,0.0,0.0,0.0,0.0,HIGH,HIGH,LOW,LOW,@117634 How do I export the notes I have been on the couple of books? I can't find any straight forward way at all. HELP.,@321574 Please reach to our support team here: https://t.co/tc3VJIYzxn and we'll check this. ^HN,"CUSTOMER: @117634 How do I export the notes I have been on the couple of books? I can't find any straight forward way at all. HELP.
AGENT: @321574 Please reach to our support team here: https://t.co/tc3VJIYzxn and we'll check this. ^HN
CUSTOMER: @AmazonHelp Sorted. Thanks!
AGENT: @321574 You're welcome, Rishi! Do keep us posted for further concerns. ^HD",4,0.745,MEDIUM,930173,"@AmazonHelp Recently moved from Kindle Voyage to Kindle Oasis. Wiped and sold the Voyage, and then realized that my notes weren’t brought over. I thought those were saved to the cloud somewhere. Am I out of luck? Any way to retrieve them from old/wiped device?","@165795 We'd be happy to do some live troubleshooting with you, if you'll please phone us here: https://t.co/hApLpMlfHN Please keep us posted! ^LB","CUSTOMER: @AmazonHelp Recently moved from Kindle Voyage to Kindle Oasis. Wiped and sold the Voyage, and then realized that my notes weren’t brought over. I thought those were saved to the cloud somewhere. Am I out of luck? Any way to retrieve them from old/wiped device?
AGENT: @165795 Thanks for contacting us today! We'd like to help if we can! To confirm, are you seeing your notes listed here: https://t.co/QdBnd2ssE6 but not on the device? ^CS
CUSTOMER: @AmazonHelp That is correct. I am seeing them on that site.  Both the ones on the Voyage, and the couple I’ve done on the Oasis, but on the Oasis, only seeing the ones made on that device.
AGENT: @165795 Here's a link to our Help page with info on bookmarks, highlights, and notes: https://t.co/TEL2raoZVm. Please let us know if this doesn't solve the issue for you. ^BV
CUSTOMER: @AmazonHelp That just seems to tell me how to create new ones, that page doesn’t all seem relevant to the conversation previous to when ^BV replied.  Whoever ^CS was seems to have figured it out.
AGENT: @165795 The link provided by ^BV gives info on how to view your notes and highlights. 

Underneath each section about adding items, we'll also include instructions for viewing. When you try the ""View"" instructions, are you able to view your notes and highlights? ^WT
CUSTOMER: @AmazonHelp To be clear, I want to view them on my KINDLE, not on the website.  How do I get them down to the Kindle again?
AGENT: @165795 We'd be happy to do some live troubleshooting with you, if you'll please phone us here: https://t.co/hApLpMlfHN Please keep us posted! ^LB
CUSTOMER: @AmazonHelp I don’t have time for phone call - there’s no way to get the old highlights/clippings (from previous Kindle) down from the website to my current kindle?  Doesn’t seem to be a way to get them down from website to my new Kindle.",9,0.4,LOW,1133536,@AmazonHelp how do I get the e-book of a actual book I bought onto my kindle app?,"@387092 We're here to help! If the book is available in Kindle format, you can find and download it here: https://t.co/9PduE1RuDM. ^AB","CUSTOMER: @AmazonHelp how do I get the e-book of a actual book I bought onto my kindle app?
AGENT: @387092 We're here to help! If the book is available in Kindle format, you can find and download it here: https://t.co/9PduE1RuDM. ^AB
CUSTOMER: @AmazonHelp I ordered a textbook, and there was a “enjoy the ebook while you wait” message. Now I need the ebook. Can I access it?",3,0.355,LOW,1428941,"@117634 Hi. I am having troubling syncing my notes from kindle paperwhite with my amazon account, please help.","@451906 Sorry to see that, have you tried using a different browser: https://t.co/Wza5QoNi5z? ^JJ","CUSTOMER: @117634 Hi. I am having troubling syncing my notes from kindle paperwhite with my amazon account, please help.
AGENT: @451906 Hey, are you getting an error message when trying to sync? ^TP
CUSTOMER: @AmazonHelp the screen goes black https://t.co/I3VB4CcDsi
CUSTOMER: @AmazonHelp i have enabled whispersync
AGENT: @451906 Sorry to see that, have you tried using a different browser: https://t.co/Wza5QoNi5z? ^JJ
CUSTOMER: @AmazonHelp yes tried, opera, internet explorer and neon. got this https://t.co/RC9maJUQ9X
AGENT: @451906 Sorry to see that, please contact us here: https://t.co/hApLpMlfHN so an agent can look into this with you. ^JJ",7,0.835,HIGH,1428941,"@117634 Hi. I am having troubling syncing my notes from kindle paperwhite with my amazon account, please help.","@451906 Sorry to see that, have you tried using a different browser: https://t.co/Wza5QoNi5z? ^JJ","CUSTOMER: @117634 Hi. I am having troubling syncing my notes from kindle paperwhite with my amazon account, please help.
AGENT: @451906 Hey, are you getting an error message when trying to sync? ^TP
CUSTOMER: @AmazonHelp the screen goes black https://t.co/I3VB4CcDsi
CUSTOMER: @AmazonHelp i have enabled whispersync
AGENT: @451906 Sorry to see that, have you tried using a different browser: https://t.co/Wza5QoNi5z? ^JJ
CUSTOMER: @AmazonHelp yes tried, opera, internet explorer and neon. got this https://t.co/RC9maJUQ9X
AGENT: @451906 Sorry to see that, please contact us here: https://t.co/hApLpMlfHN so an agent can look into this with you. ^JJ",7,0.835,HIGH,0.43499999999999994,0.43499999999999994,0.011846542358398438,True,True,False,False,False,False,True,False,False,2.0
85,38802,YES,unknown,unknown,619296,619296,2322227,2322227,0.7260317802429199,0.7260317802429199,0.7734133005142212,0.7734133005142212,0.82,0.82,0.4,0.4,0.0,0.0,0.0,0.0,0.0,0.0,0.0,0.0,HIGH,HIGH,LOW,LOW,"@115821 @117634 @2352 Hi, claimed 2 books, but they aren't showing up on my Kindle. The last 2 I claimed did. Please help!",@124467 Hi there! We'd love to help out in any way we can! Are you able to locate the books here: https://t.co/6QNgPiW20K? ^WJ,"CUSTOMER: @115821 @117634 @2352 Hi, claimed 2 books, but they aren't showing up on my Kindle. The last 2 I claimed did. Please help!
AGENT: @124467 Hi there! We'd love to help out in any way we can! Are you able to locate the books here: https://t.co/6QNgPiW20K? ^WJ
CUSTOMER: @AmazonHelp Thanks! Yep, I checked there, and the books I checked out through OverDrive are not listed there (even though the last two I did are).
AGENT: @124467 I'd recommend walking through these steps: https://t.co/6JszbxM6ST ^AF",4,0.745,MEDIUM,2322227,"Hi @AmazonHelp I need support. Purchased two books (kindle edition), payments successful, but status is pending. I don't see these books listed on 'Content and Devices' under any section. I want to get these books on my kindle. Please respond.",@207252 That's highly unusual. Have you reported this to our support team here: https://t.co/vlvfJr4nN9 for assistance? ^GD,"CUSTOMER: Hi @AmazonHelp I need support. Purchased two books (kindle edition), payments successful, but status is pending. I don't see these books listed on 'Content and Devices' under any section. I want to get these books on my kindle. Please respond.
AGENT: @207252 That's highly unusual. Have you reported this to our support team here: https://t.co/vlvfJr4nN9 for assistance? ^GD
CUSTOMER: @AmazonHelp I just checked and books got delivered. Unusual indeed. Even last time my order was in pending status for more than an hour.
AGENT: @207252 Sorry about that. I will be sure to forward your feedback internally for a review to provide better services. Appreciate your cooperation. ^BS",4,0.4,LOW,2322227,"Hi @AmazonHelp I need support. Purchased two books (kindle edition), payments successful, but status is pending. I don't see these books listed on 'Content and Devices' under any section. I want to get these books on my kindle. Please respond.",@207252 That's highly unusual. Have you reported this to our support team here: https://t.co/vlvfJr4nN9 for assistance? ^GD,"CUSTOMER: Hi @AmazonHelp I need support. Purchased two books (kindle edition), payments successful, but status is pending. I don't see these books listed on 'Content and Devices' under any section. I want to get these books on my kindle. Please respond.
AGENT: @207252 That's highly unusual. Have you reported this to our support team here: https://t.co/vlvfJr4nN9 for assistance? ^GD
CUSTOMER: @AmazonHelp I just checked and books got delivered. Unusual indeed. Even last time my order was in pending status for more than an hour.
AGENT: @207252 Sorry about that. I will be sure to forward your feedback internally for a review to provide better services. Appreciate your cooperation. ^BS",4,0.4,LOW,619296,@115830 i ordered something by mistake &amp; it says the books going to come onto my device or kindle? I've logged onto my account&amp; there's no,@266954 I'm sorry for the trouble while canceling your order. Have you tried the steps listed here: https://t.co/KGSAbUFgdB? ^RA,"CUSTOMER: @115830 i ordered something by mistake &amp; it says the books going to come onto my device or kindle? I've logged onto my account&amp; there's no
CUSTOMER: @115830 Cancel order section every time I log onto the app or phone
AGENT: @266954 I'm sorry for the trouble while canceling your order. Have you tried the steps listed here: https://t.co/KGSAbUFgdB? ^RA
CUSTOMER: @AmazonHelp Thank you so much have a great Wednesday night 🙏🏽
AGENT: @266954 Glad we were able to assist so swiftly, have a great evening too. ^BD",5,0.82,HIGH,619296,@115830 i ordered something by mistake &amp; it says the books going to come onto my device or kindle? I've logged onto my account&amp; there's no,@266954 I'm sorry for the trouble while canceling your order. Have you tried the steps listed here: https://t.co/KGSAbUFgdB? ^RA,"CUSTOMER: @115830 i ordered something by mistake &amp; it says the books going to come onto my device or kindle? I've logged onto my account&amp; there's no
CUSTOMER: @115830 Cancel order section every time I log onto the app or phone
AGENT: @266954 I'm sorry for the trouble while canceling your order. Have you tried the steps listed here: https://t.co/KGSAbUFgdB? ^RA
CUSTOMER: @AmazonHelp Thank you so much have a great Wednesday night 🙏🏽
AGENT: @266954 Glad we were able to assist so swiftly, have a great evening too. ^BD",5,0.82,HIGH,0.41999999999999993,0.41999999999999993,0.04738152027130127,False,True,False,False,False,False,True,False,False,2.0
81,745999,NO,payment,unknown,349107,349107,2581876,2581876,0.7876245975494385,0.7876245975494385,0.8042613863945007,0.8042613863945007,0.88,0.88,0.475,0.475,1.0,1.0,1.0,1.0,0.0,0.0,0.0,0.0,HIGH,HIGH,LOW,LOW,"@AmazonHelp We finally got a hold of a supervisor that understood. However, my American Express was still charged twice. Done w/ #amazon","@298339 When you spoke with us, were we able to explain to you, what the second charge was for?  ^AG","CUSTOMER: @AmazonHelp We finally got a hold of a supervisor that understood. However, my American Express was still charged twice. Done w/ #amazon
AGENT: @298339 When you spoke with us, were we able to explain to you, what the second charge was for?  ^AG
CUSTOMER: @AmazonHelp My payment went through twice. Thank God for#americanexpress for handling it.
CUSTOMER: #amazon has the worst customer service ever. Don't ever order from them. Not only messed up my order but won't fix it.
AGENT: @298339 I'm so sorry to hear this!We'd like to help in any way we can.Do you mind telling us a little more about what's going on?^NM",5,0.535,MEDIUM,2581876,"@AmazonHelp Because your customer service representative and system messed up my order, I now have two of the same orders being shipped to the same location and have been charged two times for the same order. This is so frustrating.","@467495 Oh no! I'm sorry this is happening. Have you tried to see if you can cancel one of the orders? If not, you can do so here: https://t.co/Y5jpI9gRhE ^AY","CUSTOMER: @AmazonHelp Because your customer service representative and system messed up my order, I now have two of the same orders being shipped to the same location and have been charged two times for the same order. This is so frustrating.
AGENT: @467495 Oh no! I'm sorry this is happening. Have you tried to see if you can cancel one of the orders? If not, you can do so here: https://t.co/Y5jpI9gRhE ^AY
CUSTOMER: @AmazonHelp It will not let me cancel the order. I have tried multiple times, and the order finally shipped.
AGENT: @467495 When the second order arrives, it can be returned for a refund using our online return center. https://t.co/X9FNM0Wl5l ^RM
CUSTOMER: @AmazonHelp I understand that, but the problem is that it was your system and customer service rep that messed up. I don't feel like I should have to wait until the return is processed to get my money back for your mistake.",5,0.475,LOW,2581876,"@AmazonHelp Because your customer service representative and system messed up my order, I now have two of the same orders being shipped to the same location and have been charged two times for the same order. This is so frustrating.","@467495 Oh no! I'm sorry this is happening. Have you tried to see if you can cancel one of the orders? If not, you can do so here: https://t.co/Y5jpI9gRhE ^AY","CUSTOMER: @AmazonHelp Because your customer service representative and system messed up my order, I now have two of the same orders being shipped to the same location and have been charged two times for the same order. This is so frustrating.
AGENT: @467495 Oh no! I'm sorry this is happening. Have you tried to see if you can cancel one of the orders? If not, you can do so here: https://t.co/Y5jpI9gRhE ^AY
CUSTOMER: @AmazonHelp It will not let me cancel the order. I have tried multiple times, and the order finally shipped.
AGENT: @467495 When the second order arrives, it can be returned for a refund using our online return center. https://t.co/X9FNM0Wl5l ^RM
CUSTOMER: @AmazonHelp I understand that, but the problem is that it was your system and customer service rep that messed up. I don't feel like I should have to wait until the return is processed to get my money back for your mistake.",5,0.475,LOW,349107,@AmazonHelp Can I get some help?  I was just charged a second time for an order I've already been charged for.  Order# 114-1869061-1133048,@199092 Is it possible that you saw an authorization: https://t.co/j7tFFYFP1l? We usually only charge when the order is dispatching. ^JJ,"CUSTOMER: @AmazonHelp Can I get some help?  I was just charged a second time for an order I've already been charged for.  Order# 114-1869061-1133048
CUSTOMER: @AmazonHelp The second payment you took out of my account overdrafted me.
CUSTOMER: @AmazonHelp I need to add here that I'm not able to speak on the phone.  Do you have an email address or live messaging feature for customer support?
AGENT: @199092 Can you contact us here: https://t.co/JzP7hlA23B? ^MC
CUSTOMER: @AmazonHelp I'm located in the US, not the UK.  Is there a different twitter for US customer service?  I grabbed the first handle twitter recommended.
AGENT: @199092 Is it possible that you saw an authorization: https://t.co/j7tFFYFP1l? We usually only charge when the order is dispatching. ^JJ
CUSTOMER: @AmazonHelp Would an authorization show up as a debit on my bank statement?  Because that's what I've got.  First one charged on the 5th when I placed--
CUSTOMER: @AmazonHelp --the order, second on the 7th when order status changed from ""preparing for shipment"" to ""shipping now"".
AGENT: @199092 Hi, sorry to hear that, contact us here:  https://t.co/JzP7hlA23B we can look into it for you. ^AS
CUSTOMER: @AmazonHelp That link directs me to the UK branch of Amazon, which doesn't have any records of my orders.
AGENT: @199092 sorry about that is this better:  https://t.co/hApLpMlfHN ^AS
CUSTOMER: @AmazonHelp That one worked just fine, thank you!",12,0.88,HIGH,349107,@AmazonHelp Can I get some help?  I was just charged a second time for an order I've already been charged for.  Order# 114-1869061-1133048,@199092 Is it possible that you saw an authorization: https://t.co/j7tFFYFP1l? We usually only charge when the order is dispatching. ^JJ,"CUSTOMER: @AmazonHelp Can I get some help?  I was just charged a second time for an order I've already been charged for.  Order# 114-1869061-1133048
CUSTOMER: @AmazonHelp The second payment you took out of my account overdrafted me.
CUSTOMER: @AmazonHelp I need to add here that I'm not able to speak on the phone.  Do you have an email address or live messaging feature for customer support?
AGENT: @199092 Can you contact us here: https://t.co/JzP7hlA23B? ^MC
CUSTOMER: @AmazonHelp I'm located in the US, not the UK.  Is there a different twitter for US customer service?  I grabbed the first handle twitter recommended.
AGENT: @199092 Is it possible that you saw an authorization: https://t.co/j7tFFYFP1l? We usually only charge when the order is dispatching. ^JJ
CUSTOMER: @AmazonHelp Would an authorization show up as a debit on my bank statement?  Because that's what I've got.  First one charged on the 5th when I placed--
CUSTOMER: @AmazonHelp --the order, second on the 7th when order status changed from ""preparing for shipment"" to ""shipping now"".
AGENT: @199092 Hi, sorry to hear that, contact us here:  https://t.co/JzP7hlA23B we can look into it for you. ^AS
CUSTOMER: @AmazonHelp That link directs me to the UK branch of Amazon, which doesn't have any records of my orders.
AGENT: @199092 sorry about that is this better:  https://t.co/hApLpMlfHN ^AS
CUSTOMER: @AmazonHelp That one worked just fine, thank you!",12,0.88,HIGH,0.405,0.405,0.016636788845062256,False,True,False,False,False,False,False,True,False,2.0
146,2379749,YES,refund,cancelled,96723,96723,183391,183391,0.7790903449058533,0.7790903449058533,0.8122406005859375,0.8122406005859375,0.88,0.88,0.475,0.475,1.0,1.0,1.0,1.0,0.5,0.5,0.0,0.0,HIGH,HIGH,LOW,LOW,"@AmazonHelp curious where my refund is. Item got lost last week, supposed to be delivered last Tuesday via Amazon. Got a refund started Thursday evening. Still nothing.",@334910 We'd like to take a closer look into this with you. Please reach us by chat or phone for direct assistance via our Contact Us page here: https://t.co/hApLpMlfHN  ^SE,"CUSTOMER: @AmazonHelp curious where my refund is. Item got lost last week, supposed to be delivered last Tuesday via Amazon. Got a refund started Thursday evening. Still nothing.
AGENT: @334910 I'm sorry about the wait, Michael! Refunds typically take 3-5 business days to process. Did you receive any e-mail updates about your refund here: https://t.co/W90WottGrJ? ^SH
CUSTOMER: @AmazonHelp Yeah received an email for three items to be refunded all processed on the same day. One refund has already been received (received over the weekend). Stuff still states delivery date of November 9 but provides option to start a refund or cancellation.
AGENT: @334910 We'd like to take a closer look into this with you. Please reach us by chat or phone for direct assistance via our Contact Us page here: https://t.co/hApLpMlfHN  ^SE",4,0.745,MEDIUM,183391,@AmazonHelp Refund not received for an order placed on 22nd September and cancelled.,@159125 Sorry for the trouble. Kindly report this to our support team here: https://t.co/vlvfJr4nN9 and we'll check this. ^HN,"CUSTOMER: @AmazonHelp Refund not received for an order placed on 22nd September and cancelled.
AGENT: @159125 Sorry for the trouble. Kindly report this to our support team here: https://t.co/vlvfJr4nN9 and we'll check this. ^HN",2,0.475,LOW,183391,@AmazonHelp Refund not received for an order placed on 22nd September and cancelled.,@159125 Sorry for the trouble. Kindly report this to our support team here: https://t.co/vlvfJr4nN9 and we'll check this. ^HN,"CUSTOMER: @AmazonHelp Refund not received for an order placed on 22nd September and cancelled.
AGENT: @159125 Sorry for the trouble. Kindly report this to our support team here: https://t.co/vlvfJr4nN9 and we'll check this. ^HN",2,0.475,LOW,96723,"@AmazonHelp  @115821 placed an order, paid for expedited shipping. Wasn't delivered by 9PM as promised. How do I request refund of paid shipping that didn't happen? Thanks.",@137107 My apologies that you didn't receive your order on time. Please visit us here for more information and further assistance: https://t.co/0wGxbfcqY8 ^RB,"CUSTOMER: @AmazonHelp  @115821 placed an order, paid for expedited shipping. Wasn't delivered by 9PM as promised. How do I request refund of paid shipping that didn't happen? Thanks.
AGENT: @137107 My apologies that you didn't receive your order on time. Please visit us here for more information and further assistance: https://t.co/0wGxbfcqY8 ^RB",2,0.88,HIGH,96723,"@AmazonHelp  @115821 placed an order, paid for expedited shipping. Wasn't delivered by 9PM as promised. How do I request refund of paid shipping that didn't happen? Thanks.",@137107 My apologies that you didn't receive your order on time. Please visit us here for more information and further assistance: https://t.co/0wGxbfcqY8 ^RB,"CUSTOMER: @AmazonHelp  @115821 placed an order, paid for expedited shipping. Wasn't delivered by 9PM as promised. How do I request refund of paid shipping that didn't happen? Thanks.
AGENT: @137107 My apologies that you didn't receive your order on time. Please visit us here for more information and further assistance: https://t.co/0wGxbfcqY8 ^RB",2,0.88,HIGH,0.405,0.405,0.03315025568008423,False,True,False,False,False,False,True,False,False,2.0
174,1753347,YES,account,unknown,1322516,1322516,2417842,2417842,0.7178233861923218,0.7178233861923218,0.7241142392158508,0.7241142392158508,0.88,0.88,0.475,0.475,0.0,0.0,0.0,0.0,0.0,0.0,0.0,0.0,HIGH,HIGH,LOW,LOW,Hey @115830 Driver dropped a parcel with my neighbour today. Told him there shd be 2 but he cdn’t find the other. What shd I do now?,@528144 I'm sorry you didn't receive your whole order. Give us a call and we'll get you taken care of.  https://t.co/JzP7hlA23B ^EM,"CUSTOMER: Hey @115830 Driver dropped a parcel with my neighbour today. Told him there shd be 2 but he cdn’t find the other. What shd I do now?
AGENT: @528144 I'm sorry you didn't receive your whole order. Give us a call and we'll get you taken care of.  https://t.co/JzP7hlA23B ^EM
CUSTOMER: @AmazonHelp Thank you
CUSTOMER: @AmazonHelp Book now showing as delivered on my account - no sign of it.",4,0.82,HIGH,2417842,"@AmazonHelp the delivery driver delivered my parcel to a number that doesn't exist on the street, no idea where my parcel currently is??",@694789 Oh no! We'd like to help. Please click here: https://t.co/JzP7hlA23B so we can look into this together. Thanks! ^NM,"CUSTOMER: @AmazonHelp the delivery driver delivered my parcel to a number that doesn't exist on the street, no idea where my parcel currently is??
AGENT: @694789 Oh no! We'd like to help. Please click here: https://t.co/JzP7hlA23B so we can look into this together. Thanks! ^NM",2,0.475,LOW,2417842,"@AmazonHelp the delivery driver delivered my parcel to a number that doesn't exist on the street, no idea where my parcel currently is??",@694789 Oh no! We'd like to help. Please click here: https://t.co/JzP7hlA23B so we can look into this together. Thanks! ^NM,"CUSTOMER: @AmazonHelp the delivery driver delivered my parcel to a number that doesn't exist on the street, no idea where my parcel currently is??
AGENT: @694789 Oh no! We'd like to help. Please click here: https://t.co/JzP7hlA23B so we can look into this together. Thanks! ^NM",2,0.475,LOW,1322516,@AmazonHelp driver left parcel on doorstep in full view for any1 2 pickup without ringing bell. Just as well I saw him pull up! Appalling!,@428653 No problem. ^BM,"CUSTOMER: @AmazonHelp driver left parcel on doorstep in full view for any1 2 pickup without ringing bell. Just as well I saw him pull up! Appalling!
AGENT: @428653 Sorry to hear about this. Please reach out to us directly here: https://t.co/JzP7hlA23B and we can look into this further. ^PK
CUSTOMER: @AmazonHelp Thank you for the quick response - will do!
AGENT: @428653 No problem. ^BM",4,0.88,HIGH,1322516,@AmazonHelp driver left parcel on doorstep in full view for any1 2 pickup without ringing bell. Just as well I saw him pull up! Appalling!,@428653 No problem. ^BM,"CUSTOMER: @AmazonHelp driver left parcel on doorstep in full view for any1 2 pickup without ringing bell. Just as well I saw him pull up! Appalling!
AGENT: @428653 Sorry to hear about this. Please reach out to us directly here: https://t.co/JzP7hlA23B and we can look into this further. ^PK
CUSTOMER: @AmazonHelp Thank you for the quick response - will do!
AGENT: @428653 No problem. ^BM",4,0.88,HIGH,0.405,0.405,0.006290853023529053,False,True,False,False,False,False,True,False,False,2.0
109,1370162,YES,delivery,unknown,2870645,2870645,1285477,1285477,0.7808620929718018,0.7808620929718018,0.7949927449226379,0.7949927449226379,0.88,0.88,0.49,0.49,1.0,1.0,1.0,1.0,0.0,0.0,0.0,0.0,HIGH,HIGH,LOW,LOW,@AmazonHelp I need help.,@438934 The main detail page lists another seller now. We'd like to help! Please contact us via phone/chat here: https://t.co/hApLpMlfHN ^AJ,"CUSTOMER: @AmazonHelp I need help.
CUSTOMER: @AmazonHelp I can DM you or you can DM me but I need some answers. Now.
AGENT: @438934 Thanks for reaching out to us today, Mitch! What can we help you with? Please don't include any personal account information! ^ML
CUSTOMER: @AmazonHelp I ordered an item Monday morning for 1-day shipping for a trip this weekend. It says it’s gonna be delivered today by 8PM and ...cont.
AGENT: @438934 Hey sure you can message us here! ^LS https://t.co/1XyLaGkcaN
CUSTOMER: @AmazonHelp ...and still hasn’t shipped. There’s an hour and half left and I’ve wasted my whole evening waiting when I should have left hours earlier
AGENT: @438934 I'm sorry for the wait you've been through! Could you provide us a link to the item so we may check the current availability? ^WM
CUSTOMER: @AmazonHelp https://t.co/05ImsA2I1L
AGENT: @438934 The main detail page lists another seller now. We'd like to help! Please contact us via phone/chat here: https://t.co/hApLpMlfHN ^AJ
CUSTOMER: @AmazonHelp Waited 20 minutes to be told the item is out of stock. What a joke. Time was completely wasted...",10,0.49,LOW,1285477,"@AmazonHelp I ordered an item on Tuesday with next day delivery, but it’s still not arrived, help??","@420688 Sometimes packages will scan early. The package can be delivered until 21:00, let us know if you haven't received it. ^DA","CUSTOMER: @AmazonHelp I ordered an item on Tuesday with next day delivery, but it’s still not arrived, help??
AGENT: @420688 What does the tracking information on the order show? You can view this information here: https://t.co/ijxJ9jCwr9 GR
CUSTOMER: @AmazonHelp It said yesterday that it was out for delivery
CUSTOMER: @AmazonHelp  https://t.co/F40LcNSVZv
AGENT: @420688 Sometimes packages will scan early. The package can be delivered until 21:00, let us know if you haven't received it. ^DA
CUSTOMER: @AmazonHelp Still not been delivered
AGENT: @420688 We'd like to take a closer look at this with you. Please reach us via phone/chat here: https://t.co/JzP7hlA23B ^KP",7,0.49,LOW,1285477,"@AmazonHelp I ordered an item on Tuesday with next day delivery, but it’s still not arrived, help??","@420688 Sometimes packages will scan early. The package can be delivered until 21:00, let us know if you haven't received it. ^DA","CUSTOMER: @AmazonHelp I ordered an item on Tuesday with next day delivery, but it’s still not arrived, help??
AGENT: @420688 What does the tracking information on the order show? You can view this information here: https://t.co/ijxJ9jCwr9 GR
CUSTOMER: @AmazonHelp It said yesterday that it was out for delivery
CUSTOMER: @AmazonHelp  https://t.co/F40LcNSVZv
AGENT: @420688 Sometimes packages will scan early. The package can be delivered until 21:00, let us know if you haven't received it. ^DA
CUSTOMER: @AmazonHelp Still not been delivered
AGENT: @420688 We'd like to take a closer look at this with you. Please reach us via phone/chat here: https://t.co/JzP7hlA23B ^KP",7,0.49,LOW,2870645,@AmazonHelp Ordered something for 2 day shipping was suppose to arrive today still yet to arrive and is almost 7:30pm what's with that,"@797116 Great question! Packages can be delivered up to 8pm! Have you received a delayed shipping notice? If not, we still expect your package to be delivered on time! Please reach out to us if you do not receive it by 8pm. ^AR","CUSTOMER: @AmazonHelp Ordered something for 2 day shipping was suppose to arrive today still yet to arrive and is almost 7:30pm what's with that
AGENT: @797116 Great question! Packages can be delivered up to 8pm! Have you received a delayed shipping notice? If not, we still expect your package to be delivered on time! Please reach out to us if you do not receive it by 8pm. ^AR
CUSTOMER: @AmazonHelp 8pm really like come on when something says it will be delivered today I expect it in the morning not at 8pm
CUSTOMER: @AmazonHelp why not put on your site between what times items may be delivered cause as a first time user I expect early rather then 8pm
CUSTOMER: @AmazonHelp @AmazonHelp Just got to my place thanks for the help would of been nice to know from the start it could of taken till 8pm to be delivered
AGENT: @797116 I understand your concern. Packages can be delivered as late as 8pm. Please keep us updated. ^JP
CUSTOMER: @AmazonHelp Was delivered around 7:40 thanks
AGENT: @797116 You're welcome! ^HM",8,0.88,HIGH,2870645,@AmazonHelp Ordered something for 2 day shipping was suppose to arrive today still yet to arrive and is almost 7:30pm what's with that,"@797116 Great question! Packages can be delivered up to 8pm! Have you received a delayed shipping notice? If not, we still expect your package to be delivered on time! Please reach out to us if you do not receive it by 8pm. ^AR","CUSTOMER: @AmazonHelp Ordered something for 2 day shipping was suppose to arrive today still yet to arrive and is almost 7:30pm what's with that
AGENT: @797116 Great question! Packages can be delivered up to 8pm! Have you received a delayed shipping notice? If not, we still expect your package to be delivered on time! Please reach out to us if you do not receive it by 8pm. ^AR
CUSTOMER: @AmazonHelp 8pm really like come on when something says it will be delivered today I expect it in the morning not at 8pm
CUSTOMER: @AmazonHelp why not put on your site between what times items may be delivered cause as a first time user I expect early rather then 8pm
CUSTOMER: @AmazonHelp @AmazonHelp Just got to my place thanks for the help would of been nice to know from the start it could of taken till 8pm to be delivered
AGENT: @797116 I understand your concern. Packages can be delivered as late as 8pm. Please keep us updated. ^JP
CUSTOMER: @AmazonHelp Was delivered around 7:40 thanks
AGENT: @797116 You're welcome! ^HM",8,0.88,HIGH,0.39,0.39,0.014130651950836182,False,True,False,False,False,False,True,False,False,2.0
75,2868358,YES,delivery,unknown,2725925,2725925,518826,518826,0.8354340195655823,0.8354340195655823,0.8657199740409851,0.8657199740409851,0.82,0.82,0.43,0.43,1.0,1.0,1.0,1.0,0.0,0.0,0.0,0.0,HIGH,HIGH,LOW,LOW,@115821 your delivery service AMZL US absolutely SUCKS. You tell us to ship packages to our office to prevent thefts but your own delivery service cannot deliver the package during business hours. Why even bother having Prime membership.,@796583 Oh no! I'm sorry we let you down! What does the most recent order status state? You can check here: https://t.co/Y5jpI9gRhE.,"CUSTOMER: @115821 your delivery service AMZL US absolutely SUCKS. You tell us to ship packages to our office to prevent thefts but your own delivery service cannot deliver the package during business hours. Why even bother having Prime membership.
AGENT: @796583 Oh no! I'm sorry we let you down! What does the most recent order status state? You can check here: https://t.co/Y5jpI9gRhE. 
Please keep us updated on your package delivery. We're here to help! ^LL",2,0.52,MEDIUM,518826,@115821 @AmazonHelp Your aawful AMZL US delivery drivers are a joke! Every other package is lost late or they get lost or their car breaks down! You get subsidized money from taxpayer dollars for every package shipment and you still use this shitty service?!? Prime member sucks!,@239700 I'm so sorry for the poor experience you've had with us! Are you experiencing any problems with a current order being delivered by AMZL? ^AR,"CUSTOMER: @115821 @AmazonHelp Your aawful AMZL US delivery drivers are a joke! Every other package is lost late or they get lost or their car breaks down! You get subsidized money from taxpayer dollars for every package shipment and you still use this shitty service?!? Prime member sucks!
AGENT: @239700 I'm so sorry for the poor experience you've had with us! Are you experiencing any problems with a current order being delivered by AMZL? ^AR",2,0.43,LOW,518826,@115821 @AmazonHelp Your aawful AMZL US delivery drivers are a joke! Every other package is lost late or they get lost or their car breaks down! You get subsidized money from taxpayer dollars for every package shipment and you still use this shitty service?!? Prime member sucks!,@239700 I'm so sorry for the poor experience you've had with us! Are you experiencing any problems with a current order being delivered by AMZL? ^AR,"CUSTOMER: @115821 @AmazonHelp Your aawful AMZL US delivery drivers are a joke! Every other package is lost late or they get lost or their car breaks down! You get subsidized money from taxpayer dollars for every package shipment and you still use this shitty service?!? Prime member sucks!
AGENT: @239700 I'm so sorry for the poor experience you've had with us! Are you experiencing any problems with a current order being delivered by AMZL? ^AR",2,0.43,LOW,2725925,".@115821 Anything that is shipped with ""AMZL US"" is either late or doesn't come. I've had to call for 5 orders now. Maybe you shouldn't roll out a service if you clearly can't handle it. Why am I paying for prime if I NEVER get it on time? #Amazon #Shipping #Prime #AmazonPrime",@273612 Sorry to hear about your delivery issues. Were you advised that this issue was being investigated? ^ES,"CUSTOMER: .@115821 Anything that is shipped with ""AMZL US"" is either late or doesn't come. I've had to call for 5 orders now. Maybe you shouldn't roll out a service if you clearly can't handle it. Why am I paying for prime if I NEVER get it on time? #Amazon #Shipping #Prime #AmazonPrime
AGENT: @273612 Sorry to hear about your delivery issues. Were you advised that this issue was being investigated? ^ES
CUSTOMER: @AmazonHelp No. I was just apologized to over and over again, which I appreciate, but I wasn't given any real feedback. There should be an option to not use your carrier service because it clearly shouldn't have been rolled out yet.
AGENT: @273612 Thank you for that information! I'd like a member of my team to look into all of these issues for you personally! Please let us know more here: https://t.co/g68vH8DD2o Thank you for your patience while we look into this for you! ^AD",4,0.82,HIGH,2725925,".@115821 Anything that is shipped with ""AMZL US"" is either late or doesn't come. I've had to call for 5 orders now. Maybe you shouldn't roll out a service if you clearly can't handle it. Why am I paying for prime if I NEVER get it on time? #Amazon #Shipping #Prime #AmazonPrime",@273612 Sorry to hear about your delivery issues. Were you advised that this issue was being investigated? ^ES,"CUSTOMER: .@115821 Anything that is shipped with ""AMZL US"" is either late or doesn't come. I've had to call for 5 orders now. Maybe you shouldn't roll out a service if you clearly can't handle it. Why am I paying for prime if I NEVER get it on time? #Amazon #Shipping #Prime #AmazonPrime
AGENT: @273612 Sorry to hear about your delivery issues. Were you advised that this issue was being investigated? ^ES
CUSTOMER: @AmazonHelp No. I was just apologized to over and over again, which I appreciate, but I wasn't given any real feedback. There should be an option to not use your carrier service because it clearly shouldn't have been rolled out yet.
AGENT: @273612 Thank you for that information! I'd like a member of my team to look into all of these issues for you personally! Please let us know more here: https://t.co/g68vH8DD2o Thank you for your patience while we look into this for you! ^AD",4,0.82,HIGH,0.38999999999999996,0.38999999999999996,0.030285954475402832,False,True,False,False,False,False,True,False,False,2.0
151,1608593,NO,unknown,unknown,1718114,1718114,222643,222643,0.8469544649124146,0.8469544649124146,0.8949934840202332,0.8949934840202332,0.835,0.835,0.46,0.46,0.0,0.0,0.0,0.0,0.0,0.0,0.0,0.0,HIGH,HIGH,LOW,LOW,@115850 pls respond to DM. :),@158377 We've escalated the details to our team internally. We'll reach out to you once we have an update. ^GK,"CUSTOMER: @115850 pls respond to DM. :)
AGENT: @158377 We've responded to your DM, kindly check and revert. ^OS
CUSTOMER: @AmazonHelp I haven’t received a reply. ???
AGENT: @158377 We've escalated the details to our team internally. We'll reach out to you once we have an update. ^GK
CUSTOMER: @AmazonHelp 😇❣️
CUSTOMER: @AmazonHelp Any update ? :)",6,0.63,MEDIUM,222643,"@AmazonHelp Written back 2 days ago, still no response!! @115851 @115850",@169191 Let me help you out here. Please drop your details here: https://t.co/02AO5dVbYY so that we can get in touch with you. ^VM,"CUSTOMER: @AmazonHelp Written back 2 days ago, still no response!! @115851 @115850
AGENT: @169191 Apologies, please find the email correspondence here: https://t.co/DTSNmGldJf and revert to us. We'll be glad to help you. ^SI
CUSTOMER: @AmazonHelp Issue is still not resolve fully. When I contacted the seller for refund, he asked me to contact you. Pls refund the full amount ASAP
AGENT: @169191 Let me help you out here. Please drop your details here: https://t.co/02AO5dVbYY so that we can get in touch with you. ^VM
CUSTOMER: @115850 @AmazonHelp hd placd 1 ordr, nw seller calng continously askng to cancel d ordr as he unabl 2 ship d sm,bt nt cnfrmng d refund amt
AGENT: @169191 necessary actions to make things right for you. (2/2) ^ST
CUSTOMER: @AmazonHelp Pls update me on this order. Seller is continously calling and harassing 2 cancel the order bt not confirming how much amount he will refund https://t.co/j7zYwW4acN
AGENT: @169191 I'm sorry you had to face such an ordeal. Please write back to us https://t.co/beaaDm0muc and we'll get back to you soon. (1/2) ^SI",8,0.46,LOW,222643,"@AmazonHelp Written back 2 days ago, still no response!! @115851 @115850",@169191 Let me help you out here. Please drop your details here: https://t.co/02AO5dVbYY so that we can get in touch with you. ^VM,"CUSTOMER: @AmazonHelp Written back 2 days ago, still no response!! @115851 @115850
AGENT: @169191 Apologies, please find the email correspondence here: https://t.co/DTSNmGldJf and revert to us. We'll be glad to help you. ^SI
CUSTOMER: @AmazonHelp Issue is still not resolve fully. When I contacted the seller for refund, he asked me to contact you. Pls refund the full amount ASAP
AGENT: @169191 Let me help you out here. Please drop your details here: https://t.co/02AO5dVbYY so that we can get in touch with you. ^VM
CUSTOMER: @115850 @AmazonHelp hd placd 1 ordr, nw seller calng continously askng to cancel d ordr as he unabl 2 ship d sm,bt nt cnfrmng d refund amt
AGENT: @169191 necessary actions to make things right for you. (2/2) ^ST
CUSTOMER: @AmazonHelp Pls update me on this order. Seller is continously calling and harassing 2 cancel the order bt not confirming how much amount he will refund https://t.co/j7zYwW4acN
AGENT: @169191 I'm sorry you had to face such an ordeal. Please write back to us https://t.co/beaaDm0muc and we'll get back to you soon. (1/2) ^SI",8,0.46,LOW,1718114,@AmazonHelp @115850 -- Its been more than a month now...yet to get an update from your side. Will keep following up till you provide an answer.,"@520225 As this is a social media platform, we can't view your account/order details. I request you to please reply to the email sent from our specialist team and we will assist further. Appreciate your understanding. ^HR","CUSTOMER: @AmazonHelp @115850 -- Its been more than a month now...yet to get an update from your side. Will keep following up till you provide an answer.
AGENT: @520225 I understand your concern, Chirag. Could you please confirm sharing your details through the secure link provided here: https://t.co/WjGaY6RfBc by ""GK""? ^AP
CUSTOMER: @AmazonHelp @AmazonHelp @115821 Thank you very much for resolving this matter. Really appreciate it. Regards.
AGENT: @520225 We're glad to know that your issue has been resolved. Do keep us posted for further queries. ^MN
CUSTOMER: @115850 Extremely poor services frm Amazon, nt expctd from Amazon. Really disappointed. Cncld order widout approval.
#Fraud #SayNoToAmazon
AGENT: @520225 Well that's strange. It doesn't happen that way usually. Did you report this to our team here: https://t.co/rS49hgaADF . ^RI
CUSTOMER: @AmazonHelp I have already shared details with you...you provided me same link last time too. Also details shared on phone and email too. Why repeating same process over and over again. @AmazonHelp @115821
AGENT: @520225 You must have received a correspondence to your registered email id. Request you to check and respond for further assistance. ^SB
CUSTOMER: @AmazonHelp Already seen that mail and responded to it but no proper justification provided as to why the order was cancelled. may you please check the trail mail.
AGENT: @520225 As this is a social media platform, we can't view your account/order details. I request you to please reply to the email sent from our specialist team and we will assist further. Appreciate your understanding. ^HR
CUSTOMER: @AmazonHelp Sent a mail( Nov 15, 2017 at 8:07 PM) again to __email__ with complete details. Let's see how much follow up @AmazonHelp @115821 does now. Regards.
AGENT: @520225 Thanks for replying. If you've shared the details, we'll look into it and get back to you soon. ^MO
CUSTOMER: @AmazonHelp Spoke to ur custmr srvc team on ph nd sent mny emails,dey cant prvd even Ref# or SR# or intrction id for that call, Spoke 2 guy named Mitesh
CUSTOMER: @AmazonHelp @115850 @AmazonHelp - WOW ur cstmr srvc guy cant evn share his full name.If only u cud listen to our cnvrstn u wl understand d whl problem
AGENT: @520225 Sorry for the experience. Kindly share your details here: https://t.co/beaaDm0muc and we'll have this checked. ^GK",15,0.835,HIGH,1718114,@AmazonHelp @115850 -- Its been more than a month now...yet to get an update from your side. Will keep following up till you provide an answer.,"@520225 As this is a social media platform, we can't view your account/order details. I request you to please reply to the email sent from our specialist team and we will assist further. Appreciate your understanding. ^HR","CUSTOMER: @AmazonHelp @115850 -- Its been more than a month now...yet to get an update from your side. Will keep following up till you provide an answer.
AGENT: @520225 I understand your concern, Chirag. Could you please confirm sharing your details through the secure link provided here: https://t.co/WjGaY6RfBc by ""GK""? ^AP
CUSTOMER: @AmazonHelp @AmazonHelp @115821 Thank you very much for resolving this matter. Really appreciate it. Regards.
AGENT: @520225 We're glad to know that your issue has been resolved. Do keep us posted for further queries. ^MN
CUSTOMER: @115850 Extremely poor services frm Amazon, nt expctd from Amazon. Really disappointed. Cncld order widout approval.
#Fraud #SayNoToAmazon
AGENT: @520225 Well that's strange. It doesn't happen that way usually. Did you report this to our team here: https://t.co/rS49hgaADF . ^RI
CUSTOMER: @AmazonHelp I have already shared details with you...you provided me same link last time too. Also details shared on phone and email too. Why repeating same process over and over again. @AmazonHelp @115821
AGENT: @520225 You must have received a correspondence to your registered email id. Request you to check and respond for further assistance. ^SB
CUSTOMER: @AmazonHelp Already seen that mail and responded to it but no proper justification provided as to why the order was cancelled. may you please check the trail mail.
AGENT: @520225 As this is a social media platform, we can't view your account/order details. I request you to please reply to the email sent from our specialist team and we will assist further. Appreciate your understanding. ^HR
CUSTOMER: @AmazonHelp Sent a mail( Nov 15, 2017 at 8:07 PM) again to __email__ with complete details. Let's see how much follow up @AmazonHelp @115821 does now. Regards.
AGENT: @520225 Thanks for replying. If you've shared the details, we'll look into it and get back to you soon. ^MO
CUSTOMER: @AmazonHelp Spoke to ur custmr srvc team on ph nd sent mny emails,dey cant prvd even Ref# or SR# or intrction id for that call, Spoke 2 guy named Mitesh
CUSTOMER: @AmazonHelp @115850 @AmazonHelp - WOW ur cstmr srvc guy cant evn share his full name.If only u cud listen to our cnvrstn u wl understand d whl problem
AGENT: @520225 Sorry for the experience. Kindly share your details here: https://t.co/beaaDm0muc and we'll have this checked. ^GK",15,0.835,HIGH,0.37499999999999994,0.37499999999999994,0.048039019107818604,False,True,False,False,False,False,False,True,False,2.0
76,1616321,NO,delivery,unknown,970984,970984,857700,857700,0.7293737530708313,0.7293737530708313,0.7725952863693237,0.7725952863693237,0.88,0.88,0.52,0.52,1.0,1.0,1.0,1.0,0.0,0.0,0.0,0.0,HIGH,HIGH,MEDIUM,MEDIUM,@115851 Your goal for 2018 should be fix your major shipping issues. We pay Prime so @115821 can take 2 wks for something to be...,"@297095 Hi, sorry to hear that, some orders may take longer to dispatch, has the delivery date stated in the order confirmation email passed? ^JJ","CUSTOMER: @115851 Your goal for 2018 should be fix your major shipping issues. We pay Prime so @115821 can take 2 wks for something to be...
CUSTOMER: @115851 @115821 ...shipped from your warehouse. 2 day shipping means nothing when it takes TWO WEEKS 2 even be shipped FROM UR WAREHOUSE
AGENT: @297095 Hi, sorry to hear that, some orders may take longer to dispatch, has the delivery date stated in the order confirmation email passed? ^JJ
CUSTOMER: @AmazonHelp  Ive already spoken to customer service hence my frustration.It’s happened before where if it hasnt shipped by now,it never will
CUSTOMER: @AmazonHelp ...name?” “By the way, what’s your address.”",5,0.43,LOW,857700,@115850 @AmazonHelp @115821 What’s this ? Why you have 2 day delivery for Prime ? You ppl expect me to wait till 24th ? This is Crazy https://t.co/0vq7HIFJux,@323693 Please don't provide your order details as we consider it personal information. Our twitter page is visible to public. (2/2)^SQ,"CUSTOMER: @115850 @AmazonHelp @115821 What’s this ? Why you have 2 day delivery for Prime ? You ppl expect me to wait till 24th ? This is Crazy https://t.co/0vq7HIFJux
AGENT: @323693 Sorry for the delay in delivery of your order. Kindly connect with us here: https://t.co/vlvfJr4nN9. We'll look into it. (1/2)^SQ
AGENT: @323693 Please don't provide your order details as we consider it personal information. Our twitter page is visible to public. (2/2)^SQ",3,0.52,MEDIUM,857700,@115850 @AmazonHelp @115821 What’s this ? Why you have 2 day delivery for Prime ? You ppl expect me to wait till 24th ? This is Crazy https://t.co/0vq7HIFJux,@323693 Please don't provide your order details as we consider it personal information. Our twitter page is visible to public. (2/2)^SQ,"CUSTOMER: @115850 @AmazonHelp @115821 What’s this ? Why you have 2 day delivery for Prime ? You ppl expect me to wait till 24th ? This is Crazy https://t.co/0vq7HIFJux
AGENT: @323693 Sorry for the delay in delivery of your order. Kindly connect with us here: https://t.co/vlvfJr4nN9. We'll look into it. (1/2)^SQ
AGENT: @323693 Please don't provide your order details as we consider it personal information. Our twitter page is visible to public. (2/2)^SQ",3,0.52,MEDIUM,970984,"Welp @115821 is again delivering with @3375 and my ""2 day"" Prime order has been ""Out For Delivery"" for 2 days.","@350395 Oh no! If you don't receive it today, please contact us via phone or chat here:  https://t.co/hApLpMlfHN to check your options. ^KL","CUSTOMER: Welp @115821 is again delivering with @3375 and my ""2 day"" Prime order has been ""Out For Delivery"" for 2 days.
AGENT: @350395 Hi, sorry to hear that. What is the estimated delivery date of your order? ^JJ
CUSTOMER: @AmazonHelp Was scheduled to arrive Friday (20th).  Delay isn't a big deal, just that OnTrac tends to just drop stuff on side of road, even in street...
CUSTOMER: @AmazonHelp ...and 2 items they delivered a few years back just went missing, never could get a money back/replacement, just gone.
CUSTOMER: @AmazonHelp so I like to know when they deliver so I can make sure the packages don't get stolen or driven over.
AGENT: @350395 Does this seem to be occurring often with this carrier ? ^CR
CUSTOMER: @AmazonHelp Was til I complain, both Amazon and called OnTrac local dispatch, got much better, most deliveries lately have been UPS and USPS troublefree
AGENT: @350395 Hi Bun, please keep us posted on the delivey status, as we want to be sure you receive your order without further issues. ^TS
CUSTOMER: @AmazonHelp Will do, thanks.
CUSTOMER: @AmazonHelp Hi!  @3375 says the package was FINALLY delivered at 5:23pm here yesterday, it wasn't here an hour later or now.
AGENT: @350395 Oh no! If you don't receive it today, please contact us via phone or chat here:  https://t.co/hApLpMlfHN to check your options. ^KL
CUSTOMER: @AmazonHelp Thanks, it arrived yesterday.",12,0.88,HIGH,970984,"Welp @115821 is again delivering with @3375 and my ""2 day"" Prime order has been ""Out For Delivery"" for 2 days.","@350395 Oh no! If you don't receive it today, please contact us via phone or chat here:  https://t.co/hApLpMlfHN to check your options. ^KL","CUSTOMER: Welp @115821 is again delivering with @3375 and my ""2 day"" Prime order has been ""Out For Delivery"" for 2 days.
AGENT: @350395 Hi, sorry to hear that. What is the estimated delivery date of your order? ^JJ
CUSTOMER: @AmazonHelp Was scheduled to arrive Friday (20th).  Delay isn't a big deal, just that OnTrac tends to just drop stuff on side of road, even in street...
CUSTOMER: @AmazonHelp ...and 2 items they delivered a few years back just went missing, never could get a money back/replacement, just gone.
CUSTOMER: @AmazonHelp so I like to know when they deliver so I can make sure the packages don't get stolen or driven over.
AGENT: @350395 Does this seem to be occurring often with this carrier ? ^CR
CUSTOMER: @AmazonHelp Was til I complain, both Amazon and called OnTrac local dispatch, got much better, most deliveries lately have been UPS and USPS troublefree
AGENT: @350395 Hi Bun, please keep us posted on the delivey status, as we want to be sure you receive your order without further issues. ^TS
CUSTOMER: @AmazonHelp Will do, thanks.
CUSTOMER: @AmazonHelp Hi!  @3375 says the package was FINALLY delivered at 5:23pm here yesterday, it wasn't here an hour later or now.
AGENT: @350395 Oh no! If you don't receive it today, please contact us via phone or chat here:  https://t.co/hApLpMlfHN to check your options. ^KL
CUSTOMER: @AmazonHelp Thanks, it arrived yesterday.",12,0.88,HIGH,0.36,0.36,0.04322153329849243,False,True,False,False,False,False,False,True,False,2.0
190,289006,YES,unknown,unknown,1193456,1193456,457750,457750,0.7249276638031006,0.7249276638031006,0.7300354242324829,0.7300354242324829,0.655,0.655,0.31,0.31,0.0,0.0,0.0,0.0,0.0,0.0,0.0,0.0,MEDIUM,MEDIUM,LOW,LOW,Yay I got my book at last! Thank you @AmazonHelp for helping me! :) That was fast! I should have written you sooner.,@184865 Whoo hoo! We're always happy to help! Glad you have received your book 📚! Let us know if you need anything in the future. ^AL,"CUSTOMER: Yay I got my book at last! Thank you @AmazonHelp for helping me! :) That was fast! I should have written you sooner.
AGENT: @184865 Whoo hoo! We're always happy to help! Glad you have received your book 📚! Let us know if you need anything in the future. ^AL",2,0.7,MEDIUM,457750,@AmazonHelp Can U please help me get this book in paperback asap https://t.co/PCLxmpw3o4 @223705,"@223704 I'm so sorry that we do not have the paperback version in our website, but there may be other websites where it is being sold. I hope this helps. ^CC","CUSTOMER: @AmazonHelp Can U please help me get this book in paperback asap https://t.co/PCLxmpw3o4 @223705
AGENT: @223704 I'm so sorry that we do not have the paperback version in our website, but there may be other websites where it is being sold. I hope this helps. ^CC",2,0.31,LOW,457750,@AmazonHelp Can U please help me get this book in paperback asap https://t.co/PCLxmpw3o4 @223705,"@223704 I'm so sorry that we do not have the paperback version in our website, but there may be other websites where it is being sold. I hope this helps. ^CC","CUSTOMER: @AmazonHelp Can U please help me get this book in paperback asap https://t.co/PCLxmpw3o4 @223705
AGENT: @223704 I'm so sorry that we do not have the paperback version in our website, but there may be other websites where it is being sold. I hope this helps. ^CC",2,0.31,LOW,1193456,@AmazonHelp Thank you. The book arrived at its destination this evening. Yay!,@400439 I'm sorry to see this delay! Please keep us updated on the delivery. We want to ensure it arrives. ^RR,"CUSTOMER: @AmazonHelp Thank you. The book arrived at its destination this evening. Yay!
AGENT: @400439 Great to hear, Cindy! Let us know if you ever have any concerns. We're here for you! ^SK
CUSTOMER: . @115821 missed the mark on this one. Still have my fingers crossed that it will arrive today. https://t.co/p2Zakt2CAJ
AGENT: @400439 I'm sorry to see this delay! Please keep us updated on the delivery. We want to ensure it arrives. ^RR",4,0.655,MEDIUM,1193456,@AmazonHelp Thank you. The book arrived at its destination this evening. Yay!,@400439 I'm sorry to see this delay! Please keep us updated on the delivery. We want to ensure it arrives. ^RR,"CUSTOMER: @AmazonHelp Thank you. The book arrived at its destination this evening. Yay!
AGENT: @400439 Great to hear, Cindy! Let us know if you ever have any concerns. We're here for you! ^SK
CUSTOMER: . @115821 missed the mark on this one. Still have my fingers crossed that it will arrive today. https://t.co/p2Zakt2CAJ
AGENT: @400439 I'm sorry to see this delay! Please keep us updated on the delivery. We want to ensure it arrives. ^RR",4,0.655,MEDIUM,0.34500000000000003,0.34500000000000003,0.005107760429382324,False,True,False,False,False,False,True,False,False,2.0
31,972287,NO,refund,damaged,317602,317602,317602,1225678,0.7755069136619568,0.7755069136619568,0.7755069136619568,0.7856014370918274,0.865,0.865,0.865,0.52,1.0,1.0,1.0,0.0,1.0,1.0,1.0,1.0,HIGH,HIGH,HIGH,MEDIUM,"@AmazonHelp Very bad feeling with amazon,alway send used and defective product and never accept to replace product and refund money","@40875 Hence, request you to wait till the estimated delivery date. I’m positive that the package would be delivered to you. 2/2 ^SB","AGENT: @40875 Hence, request you to wait till the estimated delivery date. I’m positive that the package would be delivered to you. 2/2 ^SB
CUSTOMER: @AmazonHelp Very bad feeling with amazon,alway send used and defective product and never accept to replace product and refund money
CUSTOMER: @AmazonHelp I got 2 defective product out of 3 or 4 in this month .""Uff amazon is very bad""
AGENT: @350636 We're responding to your query via DM. ^AP
AGENT: @350636 We're sorry to hear this. Please report this to our support team here: https://t.co/vlvfJr4nN9 and we'll help you soon. ^RS",5,0.375,LOW,1225678,@AmazonHelp making fool of customers by giving a defective product &amp; committing for a replacement after 4 days and eventually declining it.,@407553 Sorry about this experience. Please report this to our team here: https://t.co/TdDksLo6Mf and we'll look into this.  ^MK,"CUSTOMER: @AmazonHelp making fool of customers by giving a defective product &amp; committing for a replacement after 4 days and eventually declining it.
AGENT: @407553 Sorry about this experience. Please report this to our team here: https://t.co/TdDksLo6Mf and we'll look into this.  ^MK",2,0.52,MEDIUM,317602,@AmazonHelp Order - #407-9390765-3239506 Received defective product. Self Ship the product. Please Refund.,@191800 I'm sorry for that. Usually the refunds would be processed once the product reaches back to the seller. I request (1/2)^AU,"CUSTOMER: @AmazonHelp Order - #407-9390765-3239506 Received defective product. Self Ship the product. Please Refund.
AGENT: @191800 you to wait. Please don't provide your order details, as we consider it to be personal information. Our page is public. (2/2)^AU
AGENT: @191800 I'm sorry for that. Usually the refunds would be processed once the product reaches back to the seller. I request (1/2)^AU
CUSTOMER: @AmazonHelp They offered me replacement but i want refund.
AGENT: @191800 Sorry for the hassle. Please share your details here: https://t.co/GIJyeYqKE0 and I'll get back to you. ^HN
CUSTOMER: @AmazonHelp I have shared my details on link provided by u but no contacted me.
AGENT: @191800 We have sent our e-mail correspondence to your registered email ID, kindly check. ^MP",7,0.865,HIGH,317602,@AmazonHelp Order - #407-9390765-3239506 Received defective product. Self Ship the product. Please Refund.,@191800 I'm sorry for that. Usually the refunds would be processed once the product reaches back to the seller. I request (1/2)^AU,"CUSTOMER: @AmazonHelp Order - #407-9390765-3239506 Received defective product. Self Ship the product. Please Refund.
AGENT: @191800 you to wait. Please don't provide your order details, as we consider it to be personal information. Our page is public. (2/2)^AU
AGENT: @191800 I'm sorry for that. Usually the refunds would be processed once the product reaches back to the seller. I request (1/2)^AU
CUSTOMER: @AmazonHelp They offered me replacement but i want refund.
AGENT: @191800 Sorry for the hassle. Please share your details here: https://t.co/GIJyeYqKE0 and I'll get back to you. ^HN
CUSTOMER: @AmazonHelp I have shared my details on link provided by u but no contacted me.
AGENT: @191800 We have sent our e-mail correspondence to your registered email ID, kindly check. ^MP",7,0.865,HIGH,317602,@AmazonHelp Order - #407-9390765-3239506 Received defective product. Self Ship the product. Please Refund.,@191800 I'm sorry for that. Usually the refunds would be processed once the product reaches back to the seller. I request (1/2)^AU,"CUSTOMER: @AmazonHelp Order - #407-9390765-3239506 Received defective product. Self Ship the product. Please Refund.
AGENT: @191800 you to wait. Please don't provide your order details, as we consider it to be personal information. Our page is public. (2/2)^AU
AGENT: @191800 I'm sorry for that. Usually the refunds would be processed once the product reaches back to the seller. I request (1/2)^AU
CUSTOMER: @AmazonHelp They offered me replacement but i want refund.
AGENT: @191800 Sorry for the hassle. Please share your details here: https://t.co/GIJyeYqKE0 and I'll get back to you. ^HN
CUSTOMER: @AmazonHelp I have shared my details on link provided by u but no contacted me.
AGENT: @191800 We have sent our e-mail correspondence to your registered email ID, kindly check. ^MP",7,0.865,HIGH,0.345,0.345,0.010094523429870605,True,True,False,False,False,False,False,True,False,2.0
163,1113536,YES,refund,refund,765454,765454,2428191,2428191,0.8340810537338257,0.8340810537338257,0.8546146750450134,0.8546146750450134,0.82,0.82,0.475,0.475,1.0,1.0,1.0,1.0,1.0,1.0,1.0,1.0,HIGH,HIGH,LOW,LOW,@AmazonHelp i didnt recive my package can i get a refund the seller is not responding,@382810 Sorry to hear this. Have you tried contacting the seller through the order on your account. ^PK,"CUSTOMER: @AmazonHelp i didnt recive my package can i get a refund the seller is not responding
AGENT: @382810 Sorry to hear this. Have you tried contacting the seller through the order on your account. ^PK",2,0.43,LOW,2428191,@AmazonHelp hey the package is delivered to you successfully but yet no refund please help https://t.co/JZZE3eP6Mj,"@297523 I'm sorry you've not received your refund yet. Has this been reported to our support team yet? Please don't provide your details, we consider it personal information. Our Twitter page is visible to public. ^MK","CUSTOMER: @AmazonHelp hey the package is delivered to you successfully but yet no refund please help https://t.co/JZZE3eP6Mj
AGENT: @297523 I'm sorry you've not received your refund yet. Has this been reported to our support team yet? Please don't provide your details, we consider it personal information. Our Twitter page is visible to public. ^MK
CUSTOMER: @AmazonHelp Yes sir reported the same yesterday they told wait for 24hr it's over but no refund as you know India post delivered the parcel to you
AGENT: @297523 I understand your concern regarding the refund. We'd like to assist you with the refund. Kindly drop your details here: https://t.co/beaaDm0muc and we'll get in touch with you at the earliest. ^BV
CUSTOMER: @AmazonHelp Submitted https://t.co/TyxG5UHEYy
AGENT: @297523 Thank you for confirming. We'll look into it and reach out to you with further assistance. ^MO",6,0.475,LOW,2428191,@AmazonHelp hey the package is delivered to you successfully but yet no refund please help https://t.co/JZZE3eP6Mj,"@297523 I'm sorry you've not received your refund yet. Has this been reported to our support team yet? Please don't provide your details, we consider it personal information. Our Twitter page is visible to public. ^MK","CUSTOMER: @AmazonHelp hey the package is delivered to you successfully but yet no refund please help https://t.co/JZZE3eP6Mj
AGENT: @297523 I'm sorry you've not received your refund yet. Has this been reported to our support team yet? Please don't provide your details, we consider it personal information. Our Twitter page is visible to public. ^MK
CUSTOMER: @AmazonHelp Yes sir reported the same yesterday they told wait for 24hr it's over but no refund as you know India post delivered the parcel to you
AGENT: @297523 I understand your concern regarding the refund. We'd like to assist you with the refund. Kindly drop your details here: https://t.co/beaaDm0muc and we'll get in touch with you at the earliest. ^BV
CUSTOMER: @AmazonHelp Submitted https://t.co/TyxG5UHEYy
AGENT: @297523 Thank you for confirming. We'll look into it and reach out to you with further assistance. ^MO",6,0.475,LOW,765454,@AmazonHelp I sent a refund package the other day &amp; I wanted to know if you have already received it my order number is 113-8606229-6372234,"@302950 Since this is a public platform, we don't recommend sharing acct info! Have you checked  tracking on the carrier's website? ^KN","CUSTOMER: @AmazonHelp I sent a refund package the other day &amp; I wanted to know if you have already received it my order number is 113-8606229-6372234
AGENT: @302950 Since this is a public platform, we don't recommend sharing acct info! Have you checked  tracking on the carrier's website? ^KN
CUSTOMER: @AmazonHelp It said that I have started the refund process but it's been like that for a long time
AGENT: @302950 How long ago was your return made? The process can take up to two weeks to complete. ^BG",4,0.82,HIGH,765454,@AmazonHelp I sent a refund package the other day &amp; I wanted to know if you have already received it my order number is 113-8606229-6372234,"@302950 Since this is a public platform, we don't recommend sharing acct info! Have you checked  tracking on the carrier's website? ^KN","CUSTOMER: @AmazonHelp I sent a refund package the other day &amp; I wanted to know if you have already received it my order number is 113-8606229-6372234
AGENT: @302950 Since this is a public platform, we don't recommend sharing acct info! Have you checked  tracking on the carrier's website? ^KN
CUSTOMER: @AmazonHelp It said that I have started the refund process but it's been like that for a long time
AGENT: @302950 How long ago was your return made? The process can take up to two weeks to complete. ^BG",4,0.82,HIGH,0.345,0.345,0.020533621311187744,False,True,False,False,False,False,True,False,False,2.0
14,845680,YES,account,late,2230278,2230278,355622,355622,0.7662745118141174,0.7662745118141174,0.7818731665611267,0.7818731665611267,0.775,0.775,0.475,0.475,1.0,1.0,1.0,1.0,0.0,0.0,0.0,0.0,HIGH,HIGH,LOW,LOW,@AmazonHelp Will do! Account has been hijacked. Hope to hear from someone sooner rather than later.,@321014 I'm sorry for the miscommunication. Please keep us updated on the response from our Account Specialists. ^JP,"CUSTOMER: @AmazonHelp Will do! Account has been hijacked. Hope to hear from someone sooner rather than later.
CUSTOMER: @AmazonHelp I have been going back &amp; forth via email. Which is getting me no where. How do I talk to someone that can actually help?!?
AGENT: @321014 I'm sorry to hear this, Rebecca. Have our Specialists requested any additional information? ^BL
CUSTOMER: @AmazonHelp No. I just seem to be getting the same ‘stock’ email.
AGENT: @321014 Hmm... that is odd, Rebecca. What exactly does the email you receive say? Does it ask you to fax something to us? ^AD
CUSTOMER: @AmazonHelp  https://t.co/FZhMrc4tMh
CUSTOMER: @AmazonHelp Whenever I respond this is the email that keeps coming to me
AGENT: @321014 We're here to help! I've responded to your DM. ^JE
CUSTOMER: @115821 - I didn’t realize that you hired account ‘spiritualists’ to handle account issues. Interesting #Amazon #myaccountsbeenhaked https://t.co/Tex56PK36S
AGENT: @321014 I'm sorry for the miscommunication. Please keep us updated on the response from our Account Specialists. ^JP",10,0.33,LOW,355622,"@AmazonHelp are ridiculous, my accounts been hacked and theres nothing you can do because its not a valid email address anymore???",@200431 Try 1-866-216-1072 instead. Use an old order number (check your old e-mails) for us to track down your account. ^MJ,"CUSTOMER: @AmazonHelp are ridiculous, my accounts been hacked and theres nothing you can do because its not a valid email address anymore???
AGENT: @200431 Can you call us at the number provided through the link (888-282-2406)? ^MG
CUSTOMER: @AmazonHelp Well no because it says that numbers not recognised
AGENT: @200431 Try 1-866-216-1072 instead. Use an old order number (check your old e-mails) for us to track down your account. ^MJ
CUSTOMER: @AmazonHelp Yeah that’s not recognised either?
AGENT: @200431 What website were you using to place orders on? .com, .ca, .co.uk, etc? ^JZ
CUSTOMER: @AmazonHelp .co.uk
AGENT: @200431 Have you had the chance to reach out to our Account Specialists here: https://t.co/GnFqGQsfTy? ^MH",8,0.475,LOW,355622,"@AmazonHelp are ridiculous, my accounts been hacked and theres nothing you can do because its not a valid email address anymore???",@200431 Try 1-866-216-1072 instead. Use an old order number (check your old e-mails) for us to track down your account. ^MJ,"CUSTOMER: @AmazonHelp are ridiculous, my accounts been hacked and theres nothing you can do because its not a valid email address anymore???
AGENT: @200431 Can you call us at the number provided through the link (888-282-2406)? ^MG
CUSTOMER: @AmazonHelp Well no because it says that numbers not recognised
AGENT: @200431 Try 1-866-216-1072 instead. Use an old order number (check your old e-mails) for us to track down your account. ^MJ
CUSTOMER: @AmazonHelp Yeah that’s not recognised either?
AGENT: @200431 What website were you using to place orders on? .com, .ca, .co.uk, etc? ^JZ
CUSTOMER: @AmazonHelp .co.uk
AGENT: @200431 Have you had the chance to reach out to our Account Specialists here: https://t.co/GnFqGQsfTy? ^MH",8,0.475,LOW,2230278,"@AmazonHelp I desperately need help getting back into my account, I have called and spoken to someone who offered to get in touch and hasn't....",@327457 I'm sorry to hear about the account issues. Have you received an e-mail letting you know your account is locked or any e-mails from our account specialists requesting additional information? ^AN,"CUSTOMER: @AmazonHelp I desperately need help getting back into my account, I have called and spoken to someone who offered to get in touch and hasn't....
AGENT: @327457 I'm sorry to hear about the account issues. Have you received an e-mail letting you know your account is locked or any e-mails from our account specialists requesting additional information? ^AN
CUSTOMER: @AmazonHelp I have a notification on the website asking to send me a code, but I can no longer access that email account. Is there another way of access to allow me to update my email address?
AGENT: @327457 Is this the email address that's linked to your Amazon account? -CN
CUSTOMER: @AmazonHelp it is, yes.
AGENT: @327457 Try using this link to reach us: https://t.co/Fr8zT6GSfv for the best assistance with this issue. Keep us posted, we want to make sure this has been looked into for you! ^FR
CUSTOMER: @AmazonHelp Thank you, that link has taken me to the e-mail or telephone page, and I've e-mailed and called previously. So I've just e-mailed again...
AGENT: @327457 Please keep us updated on the outcome. We're always happy to help out in any way we can. ^WJ",8,0.775,HIGH,2230278,"@AmazonHelp I desperately need help getting back into my account, I have called and spoken to someone who offered to get in touch and hasn't....",@327457 I'm sorry to hear about the account issues. Have you received an e-mail letting you know your account is locked or any e-mails from our account specialists requesting additional information? ^AN,"CUSTOMER: @AmazonHelp I desperately need help getting back into my account, I have called and spoken to someone who offered to get in touch and hasn't....
AGENT: @327457 I'm sorry to hear about the account issues. Have you received an e-mail letting you know your account is locked or any e-mails from our account specialists requesting additional information? ^AN
CUSTOMER: @AmazonHelp I have a notification on the website asking to send me a code, but I can no longer access that email account. Is there another way of access to allow me to update my email address?
AGENT: @327457 Is this the email address that's linked to your Amazon account? -CN
CUSTOMER: @AmazonHelp it is, yes.
AGENT: @327457 Try using this link to reach us: https://t.co/Fr8zT6GSfv for the best assistance with this issue. Keep us posted, we want to make sure this has been looked into for you! ^FR
CUSTOMER: @AmazonHelp Thank you, that link has taken me to the e-mail or telephone page, and I've e-mailed and called previously. So I've just e-mailed again...
AGENT: @327457 Please keep us updated on the outcome. We're always happy to help out in any way we can. ^WJ",8,0.775,HIGH,0.30000000000000004,0.30000000000000004,0.015598654747009277,False,True,False,False,False,False,True,False,False,2.0
17,1120448,YES,technical,unknown,801677,801677,801677,1450072,0.7743191123008728,0.7743191123008728,0.7743191123008728,0.7881456613540649,0.655,0.655,0.655,0.355,1.0,1.0,1.0,0.0,0.0,0.0,0.0,0.0,MEDIUM,MEDIUM,MEDIUM,LOW,@AmazonHelp There is no such option in settings.,"@384342 That's odd, you should be able to see a ""sign-out' option on the bottom of the setting page. Let us know if it's not available. ^PS","AGENT: @384342 You may click on the three-line hamburger on the top left off the app and under settings you have an option to log out. ^KS
CUSTOMER: @AmazonHelp There is no such option in settings.
AGENT: @384342 That's odd, you should be able to see a ""sign-out' option on the bottom of the setting page. Let us know if it's not available. ^PS
CUSTOMER: @AmazonHelp I am sharing the screenshot of the app screen. https://t.co/wSSvrdXR6q
AGENT: @384342 Kindly select your account option &gt; login and security to sign out. Do keep us posted. ^AK
CUSTOMER: @AmazonHelp Tried but there is no sugn out option .
AGENT: @384342 You would find an option to ""Sign out"" only if you're logged in to the app. Looks like you've already logged out. To 1/3 ^GK
AGENT: @384342 confirm kindly check the drop down, if you find an option to ""Sign in"", that indicates you've already logged out from 2/3 ^GK
AGENT: @384342 the app. If the issue still persists, kindly uninstall and reinstall the app. 3/3 ^GK",9,0.295,LOW,1450072,@AmazonHelp where and how do i change this setting? https://t.co/kPwUuijSFi,@456483 Kindly reach out to our support team here: https://t.co/T6y6Xlutbs. They'll help you  accordingly. ^VN,"CUSTOMER: @AmazonHelp where and how do i change this setting? https://t.co/kPwUuijSFi
AGENT: @456483 Kindly reach out to our support team here: https://t.co/T6y6Xlutbs. They'll help you  accordingly. ^VN",2,0.355,LOW,801677,@AmazonHelp thanks. this doesn’t appear to be accessible within the app. which menu options should i choose pls?,"@311030 Hello! We'd love to help, Stuart! When you contacted the sellers before, what information did they provide you with?  ^AJ","CUSTOMER: @AmazonHelp thanks. this doesn’t appear to be accessible within the app. which menu options should i choose pls?
CUSTOMER: @AmazonHelp can’t see a response but twitter based browser is clunky &amp; awkward to use. if you could help me access that page in app, wld b mch apprec
CUSTOMER: @AmazonHelp or even better just speak to an actual human - is that possible?
AGENT: @311030 Sure, if you use https://t.co/JzP7hlA23B you can gt in touch via e-mail, phone, or live chat. ^BM
CUSTOMER: @AmazonHelp thanks 👍🏻
CUSTOMER: @115821 2 orders need refunds. seller dragging feet. how can i reach an actual human at amazon for help? app just points me to sellers....
AGENT: @311030 Hello! We'd love to help, Stuart! When you contacted the sellers before, what information did they provide you with?  ^AJ
CUSTOMER: @AmazonHelp Thanks :) I contacted one, they replied but then stopped. I've contacted the other but received no reply.
AGENT: @311030 Thanks for the info! Let's see if the sellers have responded here: https://t.co/ucPibewUzr. Let us know what you discover! ^CS",9,0.655,MEDIUM,801677,@AmazonHelp thanks. this doesn’t appear to be accessible within the app. which menu options should i choose pls?,"@311030 Hello! We'd love to help, Stuart! When you contacted the sellers before, what information did they provide you with?  ^AJ","CUSTOMER: @AmazonHelp thanks. this doesn’t appear to be accessible within the app. which menu options should i choose pls?
CUSTOMER: @AmazonHelp can’t see a response but twitter based browser is clunky &amp; awkward to use. if you could help me access that page in app, wld b mch apprec
CUSTOMER: @AmazonHelp or even better just speak to an actual human - is that possible?
AGENT: @311030 Sure, if you use https://t.co/JzP7hlA23B you can gt in touch via e-mail, phone, or live chat. ^BM
CUSTOMER: @AmazonHelp thanks 👍🏻
CUSTOMER: @115821 2 orders need refunds. seller dragging feet. how can i reach an actual human at amazon for help? app just points me to sellers....
AGENT: @311030 Hello! We'd love to help, Stuart! When you contacted the sellers before, what information did they provide you with?  ^AJ
CUSTOMER: @AmazonHelp Thanks :) I contacted one, they replied but then stopped. I've contacted the other but received no reply.
AGENT: @311030 Thanks for the info! Let's see if the sellers have responded here: https://t.co/ucPibewUzr. Let us know what you discover! ^CS",9,0.655,MEDIUM,801677,@AmazonHelp thanks. this doesn’t appear to be accessible within the app. which menu options should i choose pls?,"@311030 Hello! We'd love to help, Stuart! When you contacted the sellers before, what information did they provide you with?  ^AJ","CUSTOMER: @AmazonHelp thanks. this doesn’t appear to be accessible within the app. which menu options should i choose pls?
CUSTOMER: @AmazonHelp can’t see a response but twitter based browser is clunky &amp; awkward to use. if you could help me access that page in app, wld b mch apprec
CUSTOMER: @AmazonHelp or even better just speak to an actual human - is that possible?
AGENT: @311030 Sure, if you use https://t.co/JzP7hlA23B you can gt in touch via e-mail, phone, or live chat. ^BM
CUSTOMER: @AmazonHelp thanks 👍🏻
CUSTOMER: @115821 2 orders need refunds. seller dragging feet. how can i reach an actual human at amazon for help? app just points me to sellers....
AGENT: @311030 Hello! We'd love to help, Stuart! When you contacted the sellers before, what information did they provide you with?  ^AJ
CUSTOMER: @AmazonHelp Thanks :) I contacted one, they replied but then stopped. I've contacted the other but received no reply.
AGENT: @311030 Thanks for the info! Let's see if the sellers have responded here: https://t.co/ucPibewUzr. Let us know what you discover! ^CS",9,0.655,MEDIUM,0.30000000000000004,0.30000000000000004,0.013826549053192139,True,True,False,False,False,False,True,False,False,2.0
100,1742679,NO,account,unknown,1384134,1384134,2273508,2273508,0.837253987789154,0.837253987789154,0.88407963514328,0.88407963514328,0.79,0.79,0.49,0.49,1.0,1.0,1.0,1.0,0.0,0.0,0.0,0.0,HIGH,HIGH,LOW,LOW,@AmazonHelp when will my account will be unlocked...🙄🙄🙄😥😥😥......I need my account to be unlocked please help,"@162488 Sorry to know that your account is locked, Devesh. Please respond to the email sent to you by our Account specialist team. ^MP","CUSTOMER: @AmazonHelp when will my account will be unlocked...🙄🙄🙄😥😥😥......I need my account to be unlocked please help
AGENT: @162488 Sorry to know that your account is locked, Devesh. Please respond to the email sent to you by our Account specialist team. ^MP
CUSTOMER: @AmazonHelp No email linked to account 😭😭😭
AGENT: @162488 My apologies, Devesh. Please reach out to us via: https://t.co/z71JuXxmYn and we will have this checked further. ^KS",4,0.7,MEDIUM,2273508,@AmazonHelp unlock my account by tomorrow PLEASE,"@661309 I'm sorry for the account trouble! For your own security, please do not post personal information to Twitter as it is a public platform. Would you please confirm if you have received an e-mail from our account specialists? Keep us posted! We want to help! ^SD","CUSTOMER: @AmazonHelp unlock my account by tomorrow PLEASE
email: __email__
AGENT: @661309 I'm sorry for the account trouble! For your own security, please do not post personal information to Twitter as it is a public platform. Would you please confirm if you have received an e-mail from our account specialists? Keep us posted! We want to help! ^SD
CUSTOMER: @AmazonHelp It has been 3 days from since I got the message and replied to it so please open my account tomorrow itself!
AGENT: @661309 Did the e-mail from our Account Specialists request you send any information to us by fax? If not, and you still haven't received a reply from them, please reach out to us here: https://t.co/boGKclS4am ^MB
CUSTOMER: @AmazonHelp Yeah I called them they told my account is unlocked BUT ITS NOT!!!
CUSTOMER: @AmazonHelp Unlock it now(if you can) or tomorrow
CUSTOMER: @AmazonHelp I was buying an Xbox one to support amazon with my credit card but THEY LOCKED MY ACCOUNT!
AGENT: @661309 Can you reset your password and does that help? If not, please select the phone option with the same link to let us know: https://t.co/jzvkhdlrK5 ^MG
CUSTOMER: @AmazonHelp What phone option your amazon so can YOU pls activate my account
CUSTOMER: @AmazonHelp Cuz every time I send my credit card info they tell me to send my statement again and again
AGENT: @661309 Hi there! I'm so sorry about that. Please use this link instead: https://t.co/hApLpMlfHN to contact us and select phone. ^LH
CUSTOMER: @AmazonHelp Hey amazon I tried resetting my password but it did not work so please help me!
AGENT: @661309 Have you had a chance to reach out to us here? https://t.co/jzvkhdlrK5 ^DJ
CUSTOMER: @AmazonHelp Um I don't need the email option I need to chat with an account specialist so he can fix it
AGENT: @661309 Our Account Specialists do not have a phone or chat option. Have you followed the instructions provided by our Account Specialists via e-mail? ^JS
CUSTOMER: @AmazonHelp Yes but for some reason every time I send my statement info they read it but do not unblock my account please help!
AGENT: @661309 Have you received e-mail confirmation from the Account Specialist team that they have received the information they requested? Are they waiting on further information from you? Please let us know. ^AX",17,0.49,LOW,2273508,@AmazonHelp unlock my account by tomorrow PLEASE,"@661309 I'm sorry for the account trouble! For your own security, please do not post personal information to Twitter as it is a public platform. Would you please confirm if you have received an e-mail from our account specialists? Keep us posted! We want to help! ^SD","CUSTOMER: @AmazonHelp unlock my account by tomorrow PLEASE
email: __email__
AGENT: @661309 I'm sorry for the account trouble! For your own security, please do not post personal information to Twitter as it is a public platform. Would you please confirm if you have received an e-mail from our account specialists? Keep us posted! We want to help! ^SD
CUSTOMER: @AmazonHelp It has been 3 days from since I got the message and replied to it so please open my account tomorrow itself!
AGENT: @661309 Did the e-mail from our Account Specialists request you send any information to us by fax? If not, and you still haven't received a reply from them, please reach out to us here: https://t.co/boGKclS4am ^MB
CUSTOMER: @AmazonHelp Yeah I called them they told my account is unlocked BUT ITS NOT!!!
CUSTOMER: @AmazonHelp Unlock it now(if you can) or tomorrow
CUSTOMER: @AmazonHelp I was buying an Xbox one to support amazon with my credit card but THEY LOCKED MY ACCOUNT!
AGENT: @661309 Can you reset your password and does that help? If not, please select the phone option with the same link to let us know: https://t.co/jzvkhdlrK5 ^MG
CUSTOMER: @AmazonHelp What phone option your amazon so can YOU pls activate my account
CUSTOMER: @AmazonHelp Cuz every time I send my credit card info they tell me to send my statement again and again
AGENT: @661309 Hi there! I'm so sorry about that. Please use this link instead: https://t.co/hApLpMlfHN to contact us and select phone. ^LH
CUSTOMER: @AmazonHelp Hey amazon I tried resetting my password but it did not work so please help me!
AGENT: @661309 Have you had a chance to reach out to us here? https://t.co/jzvkhdlrK5 ^DJ
CUSTOMER: @AmazonHelp Um I don't need the email option I need to chat with an account specialist so he can fix it
AGENT: @661309 Our Account Specialists do not have a phone or chat option. Have you followed the instructions provided by our Account Specialists via e-mail? ^JS
CUSTOMER: @AmazonHelp Yes but for some reason every time I send my statement info they read it but do not unblock my account please help!
AGENT: @661309 Have you received e-mail confirmation from the Account Specialist team that they have received the information they requested? Are they waiting on further information from you? Please let us know. ^AX",17,0.49,LOW,1384134,@AmazonHelp My account has been locked for security purposes. i haven't got an email to unlock it yet. I'm waiting more than 2 months,"@442113 Sorry you are having trouble. When you click on the link, choose the option that says cannot sign into account. You will then see the option to call or email. ^LM","CUSTOMER: @AmazonHelp My account has been locked for security purposes. i haven't got an email to unlock it yet. I'm waiting more than 2 months
AGENT: @442113 I'm sorry for the delay in resolving this. What marketplace was your account on?
 https://t.co/nUUp5MLhYl, Amazon.Br? ^AH
CUSTOMER: @AmazonHelp USA but i live in Ecuador
AGENT: @442113 Hey, sorry to hear that. Please contact us here:  https://t.co/jzvkhdlrK5 ^AT
CUSTOMER: @AmazonHelp Got the email and it tells me to go to the account and follow instructions, but i cant access to the account. Need help!
AGENT: @442113 Sorry you are having trouble. When you click on the link, choose the option that says cannot sign into account. You will then see the option to call or email. ^LM",6,0.79,HIGH,1384134,@AmazonHelp My account has been locked for security purposes. i haven't got an email to unlock it yet. I'm waiting more than 2 months,"@442113 Sorry you are having trouble. When you click on the link, choose the option that says cannot sign into account. You will then see the option to call or email. ^LM","CUSTOMER: @AmazonHelp My account has been locked for security purposes. i haven't got an email to unlock it yet. I'm waiting more than 2 months
AGENT: @442113 I'm sorry for the delay in resolving this. What marketplace was your account on?
 https://t.co/nUUp5MLhYl, Amazon.Br? ^AH
CUSTOMER: @AmazonHelp USA but i live in Ecuador
AGENT: @442113 Hey, sorry to hear that. Please contact us here:  https://t.co/jzvkhdlrK5 ^AT
CUSTOMER: @AmazonHelp Got the email and it tells me to go to the account and follow instructions, but i cant access to the account. Need help!
AGENT: @442113 Sorry you are having trouble. When you click on the link, choose the option that says cannot sign into account. You will then see the option to call or email. ^LM",6,0.79,HIGH,0.30000000000000004,0.30000000000000004,0.04682564735412598,False,True,False,False,False,False,False,True,False,2.0
101,1458044,NO,delivery,unknown,177315,177315,1591537,323392,0.6262229681015015,0.6262229681015015,0.6356642246246338,0.652184009552002,0.79,0.79,0.52,0.52,1.0,1.0,1.0,0.5,0.0,0.0,0.0,0.0,HIGH,HIGH,MEDIUM,MEDIUM,@115821 when is it ever acceptable to leave a pkg here? https://t.co/0VQoEncOLE,@458408 I'm sorry your package was left there! Can you confirm who the carrier was for this delivery? https://t.co/Y5jpI9gRhE ^EZ,"CUSTOMER: @115821 when is it ever acceptable to leave a pkg here? https://t.co/0VQoEncOLE
AGENT: @458408 I'm sorry your package was left there! Can you confirm who the carrier was for this delivery? https://t.co/Y5jpI9gRhE ^EZ
CUSTOMER: @AmazonHelp I have no idea who delivered it. This is where it was when I came home. Would it be on the label?
AGENT: @458408 I replied to your Direct Message. ^SJ",4,0.3,LOW,323392,@AmazonHelp: @3375. One order tossed onto lawn. Friday pkg left overnight at gate near street. No notification until today.,@193010 Sorry to hear about this. Have you contacted us or the carrier directly? ^PK,"CUSTOMER: @AmazonHelp: @3375. One order tossed onto lawn. Friday pkg left overnight at gate near street. No notification until today. 
BAD
AGENT: @193010 Sorry to hear about this. Have you contacted us or the carrier directly? ^PK
CUSTOMER: @AmazonHelp Couldn't find the amazon page. Not going to waste time with carrier. have seen too many complaints about them elsewhere.
AGENT: @193010 Oh no! I'm sorry for the troubles w/your order Chuck! Can you tell me which site you order from, https://t.co/dDKiTL5MLy? ^FR
CUSTOMER: @AmazonHelp https://t.co/QVWcfJ6YzP / USA / shipped to Oregon.  Ontrac is the issue.  Lousy service.
AGENT: @193010 We'd like to submit your feedback to our delivery team for review. Please send us an e-mail here: https://t.co/hApLpMlfHN ^KP",6,0.52,MEDIUM,1591537,Hey @AmazonHelp @115821 ordered 2 pkgs this week &amp; I'm 0-2 on timely arrival. Insult to injury is today's missed pkg showing as delivered.,@489261 Was the carrier AMZL? Did the orders miss the estimated delivery date we gave at checkout and via email? We'd like to help. ^RM,"CUSTOMER: Hey @AmazonHelp @115821 ordered 2 pkgs this week &amp; I'm 0-2 on timely arrival. Insult to injury is today's missed pkg showing as delivered.
AGENT: @489261 I'm sorry to hear you didn't receive your order! Here's a link to our Help page for this situation: https://t.co/pxzdNT3obZ ^BV
CUSTOMER: @AmazonHelp I've already been in touch with three CSRs over the course of the week. I never had an issue when USPS and UPS delivered instead of Amazon.
CUSTOMER: @AmazonHelp @115821 what's the point of having prime if the guaranteed 2-day delivery actually means 3 or more.
AGENT: @489261 Was the carrier AMZL? Did the orders miss the estimated delivery date we gave at checkout and via email? We'd like to help. ^RM
CUSTOMER: @AmazonHelp Yes and yes.
AGENT: @489261 Two-Day Shipping is the transit time of the order once it has shipped. You can learn more here: https://t.co/XpPY6U11wW ^RM
AGENT: @489261 Thanks for confirming! When you can, please drop your details here: https://t.co/lvMgwQ8Iaw. We'll be in touch shortly! ^BL",8,0.52,MEDIUM,177315,"This is the second time I’ve ordered something from @AmazonHelp that was shipped with @118706 that said it’s been delivered, but ain’t where it said it was left.",@157750 Oh my! We don't have access to your account via Twitter. Please reach out to us here so we can look into this together: https://t.co/hApLpMlfHN ^MO,"CUSTOMER: This is the second time I’ve ordered something from @AmazonHelp that was shipped with @118706 that said it’s been delivered, but ain’t where it said it was left.
AGENT: @157750 I am sorry to hear about the repeat issue. Were you able to locate the package or is it still missing at this time? ^CH
CUSTOMER: @AmazonHelp My package is still missing.
AGENT: @157750 Oh my! We don't have access to your account via Twitter. Please reach out to us here so we can look into this together: https://t.co/hApLpMlfHN ^MO",4,0.79,HIGH,177315,"This is the second time I’ve ordered something from @AmazonHelp that was shipped with @118706 that said it’s been delivered, but ain’t where it said it was left.",@157750 Oh my! We don't have access to your account via Twitter. Please reach out to us here so we can look into this together: https://t.co/hApLpMlfHN ^MO,"CUSTOMER: This is the second time I’ve ordered something from @AmazonHelp that was shipped with @118706 that said it’s been delivered, but ain’t where it said it was left.
AGENT: @157750 I am sorry to hear about the repeat issue. Were you able to locate the package or is it still missing at this time? ^CH
CUSTOMER: @AmazonHelp My package is still missing.
AGENT: @157750 Oh my! We don't have access to your account via Twitter. Please reach out to us here so we can look into this together: https://t.co/hApLpMlfHN ^MO",4,0.79,HIGH,0.27,0.27,0.02596104145050049,True,True,False,False,False,False,False,True,False,2.0
164,2184781,NO,account,unknown,844128,844128,2314264,2314264,0.7959476709365845,0.7959476709365845,0.7974972128868103,0.7974972128868103,0.88,0.88,0.73,0.73,1.0,1.0,1.0,1.0,0.0,0.0,0.0,0.0,HIGH,HIGH,MEDIUM,MEDIUM,@AmazonHelp hi! I need some help here... I need to talk with you guys about my account. Please send me a DM.,"@154471 Hello, Kathleen. We'd love to help if we can. If you would prefer to DM us, you can. Just click below. ^AL https://t.co/1XyLaGkcaN","CUSTOMER: @AmazonHelp hi! I need some help here... I need to talk with you guys about my account. Please send me a DM.
AGENT: @154471 Hello, Kathleen. We'd love to help if we can. If you would prefer to DM us, you can. Just click below. ^AL https://t.co/1XyLaGkcaN",2,0.255,LOW,2314264,@AmazonHelp I’ve sent an email this evening. If you DM me I’ll give you my account details,"@671074 I'm sorry for the poor customer service experience you had today! Without revealing account information, would you let us know how we can help? ^SE","CUSTOMER: @AmazonHelp I’ve sent an email this evening. If you DM me I’ll give you my account details
CUSTOMER: @115830 shocking customer service on web chat today regarding missing item. Ended in assistant abruptly ending chat. Anyone want to help? I have the photos of chat. Thanks
AGENT: @671074 I'm sorry for the poor customer service experience you had today! Without revealing account information, would you let us know how we can help? ^SE",3,0.73,MEDIUM,2314264,@AmazonHelp I’ve sent an email this evening. If you DM me I’ll give you my account details,"@671074 I'm sorry for the poor customer service experience you had today! Without revealing account information, would you let us know how we can help? ^SE","CUSTOMER: @AmazonHelp I’ve sent an email this evening. If you DM me I’ll give you my account details
CUSTOMER: @115830 shocking customer service on web chat today regarding missing item. Ended in assistant abruptly ending chat. Anyone want to help? I have the photos of chat. Thanks
AGENT: @671074 I'm sorry for the poor customer service experience you had today! Without revealing account information, would you let us know how we can help? ^SE",3,0.73,MEDIUM,844128,@115821 @AmazonHelp Hey. Can someone help me with my account. Having issues and would really like to get some help so I can use my account.,"@320694 Thanks for letting us know, Meir! Have you received an email from an account specialist? Check spam &amp; junk folders as well! ^SA","CUSTOMER: @115821 @AmazonHelp Hey. Can someone help me with my account. Having issues and would really like to get some help so I can use my account.
AGENT: @320694 Thanks for reaching out. Without providing any personal information, how can we assist you with your account? ^FJ
CUSTOMER: @AmazonHelp I believe my account was locked and would like to speak to someone about it.
AGENT: @320694 Thanks for letting us know, Meir! Have you received an email from an account specialist? Check spam &amp; junk folders as well! ^SA
CUSTOMER: @AmazonHelp I received an email, but it seemed like it came from a generic unmonitored email address.
AGENT: @320694 We'd like to look into this further with you! When you have a chance, please reach out to us here: https://t.co/hApLpMlfHN ^VB
CUSTOMER: @AmazonHelp Hi. It is not letting me login to see where the link takes me.
AGENT: @320694 Sorry about that, Meir! Please use this link instead: https://t.co/jzvkhdlrK5 ^AB
CUSTOMER: @AmazonHelp The agent was not helpful. Any way you can get additional help? It seems my account was shutdown but for a reason beyond my control.
AGENT: @320694 I'm sorry to hear this! What information or resources did the agent you spoke with provide? ^MW
CUSTOMER: @AmazonHelp They said they were chatting with department that closed the account. But unable to reopen even with issue being something out of my control
CUSTOMER: @AmazonHelp Any way I can get you more specific details about the issue?
AGENT: @320694 Did the email you received from the Account Specialist request any information or provide instructions? ^CH
CUSTOMER: @AmazonHelp No. It came from what seemed like a generic email with just a mention of account being closed. Would really like to speak to someone...
CUSTOMER: @AmazonHelp ...there about this and explain my side.
AGENT: @320694 I'd like for my team to look into this. Please send us details here: https://t.co/VGWpAaTucg ^AB
CUSTOMER: @AmazonHelp Thank you. I have just submitted my response via the link.",17,0.88,HIGH,844128,@115821 @AmazonHelp Hey. Can someone help me with my account. Having issues and would really like to get some help so I can use my account.,"@320694 Thanks for letting us know, Meir! Have you received an email from an account specialist? Check spam &amp; junk folders as well! ^SA","CUSTOMER: @115821 @AmazonHelp Hey. Can someone help me with my account. Having issues and would really like to get some help so I can use my account.
AGENT: @320694 Thanks for reaching out. Without providing any personal information, how can we assist you with your account? ^FJ
CUSTOMER: @AmazonHelp I believe my account was locked and would like to speak to someone about it.
AGENT: @320694 Thanks for letting us know, Meir! Have you received an email from an account specialist? Check spam &amp; junk folders as well! ^SA
CUSTOMER: @AmazonHelp I received an email, but it seemed like it came from a generic unmonitored email address.
AGENT: @320694 We'd like to look into this further with you! When you have a chance, please reach out to us here: https://t.co/hApLpMlfHN ^VB
CUSTOMER: @AmazonHelp Hi. It is not letting me login to see where the link takes me.
AGENT: @320694 Sorry about that, Meir! Please use this link instead: https://t.co/jzvkhdlrK5 ^AB
CUSTOMER: @AmazonHelp The agent was not helpful. Any way you can get additional help? It seems my account was shutdown but for a reason beyond my control.
AGENT: @320694 I'm sorry to hear this! What information or resources did the agent you spoke with provide? ^MW
CUSTOMER: @AmazonHelp They said they were chatting with department that closed the account. But unable to reopen even with issue being something out of my control
CUSTOMER: @AmazonHelp Any way I can get you more specific details about the issue?
AGENT: @320694 Did the email you received from the Account Specialist request any information or provide instructions? ^CH
CUSTOMER: @AmazonHelp No. It came from what seemed like a generic email with just a mention of account being closed. Would really like to speak to someone...
CUSTOMER: @AmazonHelp ...there about this and explain my side.
AGENT: @320694 I'd like for my team to look into this. Please send us details here: https://t.co/VGWpAaTucg ^AB
CUSTOMER: @AmazonHelp Thank you. I have just submitted my response via the link.",17,0.88,HIGH,0.15000000000000002,0.15000000000000002,0.00154954195022583,False,True,False,False,False,False,False,True,False,2.0
114,1034249,NO,refund,wrong_item,2613230,2613230,2233041,2233041,0.7930644750595093,0.7930644750595093,0.8013859391212463,0.8013859391212463,0.835,0.835,0.7,0.7,1.0,1.0,1.0,1.0,0.0,0.0,0.0,0.0,HIGH,HIGH,MEDIUM,MEDIUM,"@AmazonHelp I had accidentally ordered a wrong item, only getting to know after delivery and payment. No option for refunds!? WHY?",@364675 Kindly contact us from the link given and we'll help you in getting this issue resolved. Appreciate your understanding. ^ZH,"CUSTOMER: @AmazonHelp I had accidentally ordered a wrong item, only getting to know after delivery and payment. No option for refunds!? WHY?
AGENT: @364675 Please report this to our team here: https://t.co/vlvfJr4nN9 and we'll get this sorted soon. ^RS
CUSTOMER: @AmazonHelp You give refunds? Yes or no.
AGENT: @364675 Kindly contact us from the link given and we'll help you in getting this issue resolved. Appreciate your understanding. ^ZH
CUSTOMER: @AmazonHelp No, you don't appreciate my understanding. I asked yes or no!? Can't you just reply
AGENT: @364675 We've responded to your DM. Please check. ^HK
CUSTOMER: @AmazonHelp Not a particularly fitting reply. If I wanted to communicate thru emails, why would I have tweeted it? Shitty CS.
AGENT: @364675 This being a public portal we would be unable to view your account/order details. However, for us to assist you better,(1/2) ^VM
AGENT: @364675 please reach us via the link provided earlier and we'll reach out to you soon. (2/2) ^VM",9,0.835,HIGH,2233041,@AmazonHelp can you check i've actually refunded an item because i haven't got a confirmation email?,"@208236 Can you look in your Digital Content: https://t.co/tbn7TTVrCP and locate the refund here? Keep us posted on this, Charis!^FR","CUSTOMER: @AmazonHelp can you check i've actually refunded an item because i haven't got a confirmation email?
AGENT: @208236 I'm sorry, we can not view order or account info via Twitter. You can check the status here: https://t.co/aaDyEz1VgE ^JP
CUSTOMER: @AmazonHelp No but it’s a kindle order, I accidentally bought a £30 book with with one click for a kindle I don’t own.
AGENT: @208236 Can you look in your Digital Content: https://t.co/tbn7TTVrCP and locate the refund here? Keep us posted on this, Charis!^FR",4,0.7,MEDIUM,2233041,@AmazonHelp can you check i've actually refunded an item because i haven't got a confirmation email?,"@208236 Can you look in your Digital Content: https://t.co/tbn7TTVrCP and locate the refund here? Keep us posted on this, Charis!^FR","CUSTOMER: @AmazonHelp can you check i've actually refunded an item because i haven't got a confirmation email?
AGENT: @208236 I'm sorry, we can not view order or account info via Twitter. You can check the status here: https://t.co/aaDyEz1VgE ^JP
CUSTOMER: @AmazonHelp No but it’s a kindle order, I accidentally bought a £30 book with with one click for a kindle I don’t own.
AGENT: @208236 Can you look in your Digital Content: https://t.co/tbn7TTVrCP and locate the refund here? Keep us posted on this, Charis!^FR",4,0.7,MEDIUM,2613230,"@AmazonHelp At this point, I've requested a refund only to get a message asking me to return an item I've never received. 😡.",@738779 We've notified our Locker team of the trouble you've had at the Gumbo location. We'd also like to take a second look at your order to correct the return status. Please contact us once more here: https://t.co/hApLpMlfHN ^NM,"CUSTOMER: @AmazonHelp At this point, I've requested a refund only to get a message asking me to return an item I've never received. 😡.
AGENT: @738779 Hi, I'm sorry to hear this. What options did you choose when arranging the return on your account? ^KK
CUSTOMER: @AmazonHelp I never received it. The customer service person issued a refund on her end.
AGENT: @738779 We've notified our Locker team of the trouble you've had at the Gumbo location. We'd also like to take a second look at your order to correct the return status. Please contact us once more here: https://t.co/hApLpMlfHN ^NM",4,0.835,HIGH,2613230,"@AmazonHelp At this point, I've requested a refund only to get a message asking me to return an item I've never received. 😡.",@738779 We've notified our Locker team of the trouble you've had at the Gumbo location. We'd also like to take a second look at your order to correct the return status. Please contact us once more here: https://t.co/hApLpMlfHN ^NM,"CUSTOMER: @AmazonHelp At this point, I've requested a refund only to get a message asking me to return an item I've never received. 😡.
AGENT: @738779 Hi, I'm sorry to hear this. What options did you choose when arranging the return on your account? ^KK
CUSTOMER: @AmazonHelp I never received it. The customer service person issued a refund on her end.
AGENT: @738779 We've notified our Locker team of the trouble you've had at the Gumbo location. We'd also like to take a second look at your order to correct the return status. Please contact us once more here: https://t.co/hApLpMlfHN ^NM",4,0.835,HIGH,0.135,0.135,0.00832146406173706,False,True,False,False,False,False,False,True,False,2.0
159,279987,YES,unknown,unknown,2447371,2447371,716078,716078,0.8065774440765381,0.8065774440765381,0.8211896419525146,0.8211896419525146,0.25,0.25,0.13,0.13,0.0,0.0,0.0,0.0,0.0,0.0,0.0,0.0,LOW,LOW,LOW,LOW,ミニスーファミ返送中って…Amazon_(:3 」∠)_,@182733 このたびは、ご迷惑をおかけし申し訳ございません。,"CUSTOMER: ミニスーファミ返送中って…Amazon_(:3 」∠)_
AGENT: @182733 このたびは、ご迷惑をおかけし申し訳ございません。
本件についてご注文いただいたお客様に後日https://t.co/st4oU5QbhPよりご連絡を行わせていただきますため、そのご連絡をお待ちいただきますようお願いいたします。ET",2,0.175,LOW,716078,Amazonで頼んだミニスーファミがトラブルで返送だとさ🤗ﾁﾈ!,@291351 このたびは、ご迷惑をおかけし申し訳ございません。,"CUSTOMER: Amazonで頼んだミニスーファミがトラブルで返送だとさ🤗ﾁﾈ!
特に急いでないから、後日商品発送と詫びギフト券くれるなら許すよ🤗
AGENT: @291351 このたびは、ご迷惑をおかけし申し訳ございません。
本件についてご注文いただいたお客様に後日https://t.co/st4oU5QbhPよりご連絡を行わせていただきますため、そのご連絡をお待ちいただきますようお願いいたします。RI",2,0.13,LOW,716078,Amazonで頼んだミニスーファミがトラブルで返送だとさ🤗ﾁﾈ!,@291351 このたびは、ご迷惑をおかけし申し訳ございません。,"CUSTOMER: Amazonで頼んだミニスーファミがトラブルで返送だとさ🤗ﾁﾈ!
特に急いでないから、後日商品発送と詫びギフト券くれるなら許すよ🤗
AGENT: @291351 このたびは、ご迷惑をおかけし申し訳ございません。
本件についてご注文いただいたお客様に後日https://t.co/st4oU5QbhPよりご連絡を行わせていただきますため、そのご連絡をお待ちいただきますようお願いいたします。RI",2,0.13,LOW,2447371,Amazonでタイバニの初回限定のブルーレイ買ったら中身入ってなかった…,@701561 こんにちは、Amazonです。ご不便をおかけしております。こちらの商品は「Amazonが販売、発送」した商品でしょうか。それとも「出品者の販売」商品でしょうか？SK,"CUSTOMER: Amazonでタイバニの初回限定のブルーレイ買ったら中身入ってなかった…

初めてや…こんなの…
虎徹さーん！早く会いたいよぉぉ！ https://t.co/IzF5ZO9lSf
AGENT: @701561 こんにちは、Amazonです。ご不便をおかけしております。こちらの商品は「Amazonが販売、発送」した商品でしょうか。それとも「出品者の販売」商品でしょうか？SK
CUSTOMER: @AmazonHelp 多分出品者の販売だと思います…
すでにカスタマーセンターに電話してAmazon側から返品手続きを教えて頂き着払いで送り返し、新たに別のところから買い直しました！
お手数おかけしますが楽しみにしてるので宜しくお願い致します。 https://t.co/2iI7LlRR1E
AGENT: @701561 カスタマーサービスにご連絡いただいたとのことで、お手数おかけしております。
再注文商品のお届けまで、今しばらくお待ちくださいませ。TY",4,0.25,LOW,2447371,Amazonでタイバニの初回限定のブルーレイ買ったら中身入ってなかった…,@701561 こんにちは、Amazonです。ご不便をおかけしております。こちらの商品は「Amazonが販売、発送」した商品でしょうか。それとも「出品者の販売」商品でしょうか？SK,"CUSTOMER: Amazonでタイバニの初回限定のブルーレイ買ったら中身入ってなかった…

初めてや…こんなの…
虎徹さーん！早く会いたいよぉぉ！ https://t.co/IzF5ZO9lSf
AGENT: @701561 こんにちは、Amazonです。ご不便をおかけしております。こちらの商品は「Amazonが販売、発送」した商品でしょうか。それとも「出品者の販売」商品でしょうか？SK
CUSTOMER: @AmazonHelp 多分出品者の販売だと思います…
すでにカスタマーセンターに電話してAmazon側から返品手続きを教えて頂き着払いで送り返し、新たに別のところから買い直しました！
お手数おかけしますが楽しみにしてるので宜しくお願い致します。 https://t.co/2iI7LlRR1E
AGENT: @701561 カスタマーサービスにご連絡いただいたとのことで、お手数おかけしております。
再注文商品のお届けまで、今しばらくお待ちくださいませ。TY",4,0.25,LOW,0.12,0.12,0.014612197875976562,False,True,False,False,False,False,True,False,False,2.0
90,2789030,YES,unknown,unknown,646693,646693,2760882,2760882,0.7525635957717896,0.7525635957717896,0.785555899143219,0.785555899143219,0.355,0.355,0.25,0.25,0.0,0.0,0.0,0.0,0.0,0.0,0.0,0.0,LOW,LOW,LOW,LOW,@116875 podrían ayudarme a desbloquear mi cuenta xfavor? no me manda ningun correo con instrucciones para desbloquearla,@275648 En este caso por favor entra en contacto con nuestro Departamento de Cuentas por el siguiente enlace: https://t.co/YCklWfNgzz    ^JJ,"CUSTOMER: @116875 podrían ayudarme a desbloquear mi cuenta xfavor? no me manda ningun correo con instrucciones para desbloquearla
AGENT: @275648 Hola, Verónica. Lamento los inconvenientes. ¿Ya verificaste en la carpeta de correo no deseado? ^CR
CUSTOMER: @AmazonHelp si ya y no tengo nada
AGENT: @275648 En este caso por favor entra en contacto con nuestro Departamento de Cuentas por el siguiente enlace: https://t.co/YCklWfNgzz    ^JJ",4,0.31,LOW,2760882,@116875 Como puedo desbloquear mi cuenta???? 🤔🤔🤔🤔🤔🤔🤔,"@772482 Entendemos. Una vez que has enviado los datos correspondientes, el Departamento encargado estará verificando la información y deberías recibir una respuesta en un plazo de 48-72 horas ^AV","CUSTOMER: @116875 Como puedo desbloquear mi cuenta???? 🤔🤔🤔🤔🤔🤔🤔
AGENT: @772482 Hola EreeDin. Lamento los inconvenientes con tu cuenta. De casualidad ¿has recibido y seguido las indicaciones de nuestros Especialistas en cuentas? ^DQ
CUSTOMER: @AmazonHelp Si, ya he mandado los datos que me indicaron por email
AGENT: @772482 Entendemos. Una vez que has enviado los datos correspondientes, el Departamento encargado estará verificando la información y deberías recibir una respuesta en un plazo de 48-72 horas ^AV",4,0.25,LOW,2760882,@116875 Como puedo desbloquear mi cuenta???? 🤔🤔🤔🤔🤔🤔🤔,"@772482 Entendemos. Una vez que has enviado los datos correspondientes, el Departamento encargado estará verificando la información y deberías recibir una respuesta en un plazo de 48-72 horas ^AV","CUSTOMER: @116875 Como puedo desbloquear mi cuenta???? 🤔🤔🤔🤔🤔🤔🤔
AGENT: @772482 Hola EreeDin. Lamento los inconvenientes con tu cuenta. De casualidad ¿has recibido y seguido las indicaciones de nuestros Especialistas en cuentas? ^DQ
CUSTOMER: @AmazonHelp Si, ya he mandado los datos que me indicaron por email
AGENT: @772482 Entendemos. Una vez que has enviado los datos correspondientes, el Departamento encargado estará verificando la información y deberías recibir una respuesta en un plazo de 48-72 horas ^AV",4,0.25,LOW,646693,.@116928 sois muy 🔝. Dejar una entrega a otra persona a la que no conoces de nada por no volver más tarde a buscar al destinatario es de traca. A ver si el pedido está o ha desaparecido. #Amazon #Fail #Chapuza,"@273588 Hola, Rodrigo. Disculpa los inconvenientes. ¿Ya tienes el paquete contigo? ^DB","CUSTOMER: .@116928 sois muy 🔝. Dejar una entrega a otra persona a la que no conoces de nada por no volver más tarde a buscar al destinatario es de traca. A ver si el pedido está o ha desaparecido. #Amazon #Fail #Chapuza
AGENT: @273588 Hola, Rodrigo. Disculpa los inconvenientes. ¿Ya tienes el paquete contigo? ^DB
CUSTOMER: @AmazonHelp La entrega por lo visto fue ayer y esta persona no ha contactado con la persona destinataria. Pero se ha enterado gracias a vuestra maravillosa encuesta de satisfacción. Imaginaréis la valoración, ¿verdad? #Amazon #Chapuza .@116928
AGENT: @273588 Comprendo. ¿El artículo fue vendido por Amazon o por un vendedor tercero? ^DB",4,0.355,LOW,646693,.@116928 sois muy 🔝. Dejar una entrega a otra persona a la que no conoces de nada por no volver más tarde a buscar al destinatario es de traca. A ver si el pedido está o ha desaparecido. #Amazon #Fail #Chapuza,"@273588 Hola, Rodrigo. Disculpa los inconvenientes. ¿Ya tienes el paquete contigo? ^DB","CUSTOMER: .@116928 sois muy 🔝. Dejar una entrega a otra persona a la que no conoces de nada por no volver más tarde a buscar al destinatario es de traca. A ver si el pedido está o ha desaparecido. #Amazon #Fail #Chapuza
AGENT: @273588 Hola, Rodrigo. Disculpa los inconvenientes. ¿Ya tienes el paquete contigo? ^DB
CUSTOMER: @AmazonHelp La entrega por lo visto fue ayer y esta persona no ha contactado con la persona destinataria. Pero se ha enterado gracias a vuestra maravillosa encuesta de satisfacción. Imaginaréis la valoración, ¿verdad? #Amazon #Chapuza .@116928
AGENT: @273588 Comprendo. ¿El artículo fue vendido por Amazon o por un vendedor tercero? ^DB",4,0.355,LOW,0.10499999999999998,0.10499999999999998,0.03299230337142944,False,True,False,False,False,False,True,False,False,2.0
32,1922923,NO,delivery,unknown,2511605,2511605,2511605,2511605,0.8444207906723022,0.8444207906723022,0.8444207906723022,0.8444207906723022,0.88,0.88,0.88,0.88,1.0,1.0,1.0,1.0,0.0,0.0,0.0,0.0,HIGH,HIGH,HIGH,HIGH,@115821 hi there i had ordered a product and its not delivered on time even paying the extra money for delivery..,@572420 We have responded to you via DM. Kindly check. ^MP,"CUSTOMER: @115821 hi there i had ordered a product and its not delivered on time even paying the extra money for delivery..
AGENT: @572420 We have responded to you via DM. Kindly check. ^MP
CUSTOMER: @AmazonHelp Got it thanks",3,0.6,MEDIUM,2511605,"@115821 hey guys. So I ordered a product and it says it was delivered, but the item was stolen from the business because we close @ 4pm and it shows it was delivered @ 7ish.","@312716 You're welcome! I'm glad it's been resolved, and have a wonderful rest of your day! 😊 ^JM","CUSTOMER: @115821 hey guys. So I ordered a product and it says it was delivered, but the item was stolen from the business because we close @ 4pm and it shows it was delivered @ 7ish.
AGENT: @312716 Thanks for reaching out to us over Twitter. When you have the chance, please contact us here via phone or chat so we can explore your options: https://t.co/EKXRLsnxJu ^GG
CUSTOMER: @AmazonHelp It’s been resolved thank you so much
AGENT: @312716 You're welcome! I'm glad it's been resolved, and have a wonderful rest of your day! 😊 ^JM",4,0.88,HIGH,2511605,"@115821 hey guys. So I ordered a product and it says it was delivered, but the item was stolen from the business because we close @ 4pm and it shows it was delivered @ 7ish.","@312716 You're welcome! I'm glad it's been resolved, and have a wonderful rest of your day! 😊 ^JM","CUSTOMER: @115821 hey guys. So I ordered a product and it says it was delivered, but the item was stolen from the business because we close @ 4pm and it shows it was delivered @ 7ish.
AGENT: @312716 Thanks for reaching out to us over Twitter. When you have the chance, please contact us here via phone or chat so we can explore your options: https://t.co/EKXRLsnxJu ^GG
CUSTOMER: @AmazonHelp It’s been resolved thank you so much
AGENT: @312716 You're welcome! I'm glad it's been resolved, and have a wonderful rest of your day! 😊 ^JM",4,0.88,HIGH,2511605,"@115821 hey guys. So I ordered a product and it says it was delivered, but the item was stolen from the business because we close @ 4pm and it shows it was delivered @ 7ish.","@312716 You're welcome! I'm glad it's been resolved, and have a wonderful rest of your day! 😊 ^JM","CUSTOMER: @115821 hey guys. So I ordered a product and it says it was delivered, but the item was stolen from the business because we close @ 4pm and it shows it was delivered @ 7ish.
AGENT: @312716 Thanks for reaching out to us over Twitter. When you have the chance, please contact us here via phone or chat so we can explore your options: https://t.co/EKXRLsnxJu ^GG
CUSTOMER: @AmazonHelp It’s been resolved thank you so much
AGENT: @312716 You're welcome! I'm glad it's been resolved, and have a wonderful rest of your day! 😊 ^JM",4,0.88,HIGH,2511605,"@115821 hey guys. So I ordered a product and it says it was delivered, but the item was stolen from the business because we close @ 4pm and it shows it was delivered @ 7ish.","@312716 You're welcome! I'm glad it's been resolved, and have a wonderful rest of your day! 😊 ^JM","CUSTOMER: @115821 hey guys. So I ordered a product and it says it was delivered, but the item was stolen from the business because we close @ 4pm and it shows it was delivered @ 7ish.
AGENT: @312716 Thanks for reaching out to us over Twitter. When you have the chance, please contact us here via phone or chat so we can explore your options: https://t.co/EKXRLsnxJu ^GG
CUSTOMER: @AmazonHelp It’s been resolved thank you so much
AGENT: @312716 You're welcome! I'm glad it's been resolved, and have a wonderful rest of your day! 😊 ^JM",4,0.88,HIGH,0.0,0.0,0.0,False,False,False,False,False,False,False,True,False,2.0
46,1279904,NO,delivery,late,593362,593362,593362,593362,0.8716803789138794,0.8716803789138794,0.8716803789138794,0.8716803789138794,0.775,0.775,0.775,0.775,1.0,1.0,1.0,1.0,1.0,1.0,1.0,1.0,HIGH,HIGH,HIGH,HIGH,@AmazonHelp still not sure how this is supposed to arrive in a hour and a half? https://t.co/9VekWLTO4q,"@419469 Hello, Ashley! It is not uncommon for items to ship out and be received same day! Please keep us posted on this order. ^JZ","CUSTOMER: @AmazonHelp still not sure how this is supposed to arrive in a hour and a half? https://t.co/9VekWLTO4q
CUSTOMER: @AmazonHelp Seriously though I’m so sick of my packages arriving late.
AGENT: @419469 I'm sorry your package hasn't arrived. Please reach out to us via phone here: https://t.co/hApLpMlfHN ^MW
CUSTOMER: @115821 what is the point in paying for prime shipping when my packages never come on time!!!! 😡 https://t.co/meTiHByBSp
AGENT: @419469 Hello, Ashley! It is not uncommon for items to ship out and be received same day! Please keep us posted on this order. ^JZ",5,0.565,MEDIUM,593362,ummmmm @115821 @AmazonHelp what's the deal with prime packages consistently being delivered late? Why bother paying for prime???,"@260493 We'd like to try to help! To confirm, are your orders arriving after the delivery date provided to you in your order confirmation e-mails? If so, do you notice any trends when this occurs? ^CO","CUSTOMER: ummmmm @115821 @AmazonHelp what's the deal with prime packages consistently being delivered late? Why bother paying for prime???
AGENT: @260493 We'd like to try to help! To confirm, are your orders arriving after the delivery date provided to you in your order confirmation e-mails? If so, do you notice any trends when this occurs? ^CO
CUSTOMER: @AmazonHelp Hi, we got through on the phone to take care of it - thank you anyway! appreciate a responsive community management team.
AGENT: @260493 Let us know if we can be of any further assistance! ^SM",4,0.775,HIGH,593362,ummmmm @115821 @AmazonHelp what's the deal with prime packages consistently being delivered late? Why bother paying for prime???,"@260493 We'd like to try to help! To confirm, are your orders arriving after the delivery date provided to you in your order confirmation e-mails? If so, do you notice any trends when this occurs? ^CO","CUSTOMER: ummmmm @115821 @AmazonHelp what's the deal with prime packages consistently being delivered late? Why bother paying for prime???
AGENT: @260493 We'd like to try to help! To confirm, are your orders arriving after the delivery date provided to you in your order confirmation e-mails? If so, do you notice any trends when this occurs? ^CO
CUSTOMER: @AmazonHelp Hi, we got through on the phone to take care of it - thank you anyway! appreciate a responsive community management team.
AGENT: @260493 Let us know if we can be of any further assistance! ^SM",4,0.775,HIGH,593362,ummmmm @115821 @AmazonHelp what's the deal with prime packages consistently being delivered late? Why bother paying for prime???,"@260493 We'd like to try to help! To confirm, are your orders arriving after the delivery date provided to you in your order confirmation e-mails? If so, do you notice any trends when this occurs? ^CO","CUSTOMER: ummmmm @115821 @AmazonHelp what's the deal with prime packages consistently being delivered late? Why bother paying for prime???
AGENT: @260493 We'd like to try to help! To confirm, are your orders arriving after the delivery date provided to you in your order confirmation e-mails? If so, do you notice any trends when this occurs? ^CO
CUSTOMER: @AmazonHelp Hi, we got through on the phone to take care of it - thank you anyway! appreciate a responsive community management team.
AGENT: @260493 Let us know if we can be of any further assistance! ^SM",4,0.775,HIGH,593362,ummmmm @115821 @AmazonHelp what's the deal with prime packages consistently being delivered late? Why bother paying for prime???,"@260493 We'd like to try to help! To confirm, are your orders arriving after the delivery date provided to you in your order confirmation e-mails? If so, do you notice any trends when this occurs? ^CO","CUSTOMER: ummmmm @115821 @AmazonHelp what's the deal with prime packages consistently being delivered late? Why bother paying for prime???
AGENT: @260493 We'd like to try to help! To confirm, are your orders arriving after the delivery date provided to you in your order confirmation e-mails? If so, do you notice any trends when this occurs? ^CO
CUSTOMER: @AmazonHelp Hi, we got through on the phone to take care of it - thank you anyway! appreciate a responsive community management team.
AGENT: @260493 Let us know if we can be of any further assistance! ^SM",4,0.775,HIGH,0.0,0.0,0.0,False,False,False,False,False,False,False,True,False,2.0
93,619973,YES,unknown,unknown,2221938,2221938,2221938,2221938,0.8212717771530151,0.8212717771530151,0.8212717771530151,0.8212717771530151,0.31,0.31,0.31,0.31,0.0,0.0,0.0,0.0,0.0,0.0,0.0,0.0,LOW,LOW,LOW,LOW,"@120533 Bonjour, si on ne va pas chercher un colis a la poste et qu'il vous est retourné, peut-on être remboursé comme un retour classique ?","@267153 Bonjour, effectivement, le remboursement sera déclenché automatiquement dès réception du colis par l'entrepôt. ^SB","CUSTOMER: @120533 Bonjour, si on ne va pas chercher un colis a la poste et qu'il vous est retourné, peut-on être remboursé comme un retour classique ?
AGENT: @267153 Bonjour, effectivement, le remboursement sera déclenché automatiquement dès réception du colis par l'entrepôt. ^SB",2,0.355,LOW,2221938,"Bonjour @120533, je viens de recevoir une demande de retour pour un colis que je n'ai jamais reçu...","@648937 Bonjour, je vous invite à contacter notre SAV via le lien suivant : https://t.co/hgIrz98cdI","CUSTOMER: Bonjour @120533, je viens de recevoir une demande de retour pour un colis que je n'ai jamais reçu...
CUSTOMER: @120533 Ce dernier est indiqué comme ayant été livré le 02/11. C'est une blague??
AGENT: @648937 Bonjour, je vous invite à contacter notre SAV via le lien suivant : https://t.co/hgIrz98cdI
^SM",3,0.31,LOW,2221938,"Bonjour @120533, je viens de recevoir une demande de retour pour un colis que je n'ai jamais reçu...","@648937 Bonjour, je vous invite à contacter notre SAV via le lien suivant : https://t.co/hgIrz98cdI","CUSTOMER: Bonjour @120533, je viens de recevoir une demande de retour pour un colis que je n'ai jamais reçu...
CUSTOMER: @120533 Ce dernier est indiqué comme ayant été livré le 02/11. C'est une blague??
AGENT: @648937 Bonjour, je vous invite à contacter notre SAV via le lien suivant : https://t.co/hgIrz98cdI
^SM",3,0.31,LOW,2221938,"Bonjour @120533, je viens de recevoir une demande de retour pour un colis que je n'ai jamais reçu...","@648937 Bonjour, je vous invite à contacter notre SAV via le lien suivant : https://t.co/hgIrz98cdI","CUSTOMER: Bonjour @120533, je viens de recevoir une demande de retour pour un colis que je n'ai jamais reçu...
CUSTOMER: @120533 Ce dernier est indiqué comme ayant été livré le 02/11. C'est une blague??
AGENT: @648937 Bonjour, je vous invite à contacter notre SAV via le lien suivant : https://t.co/hgIrz98cdI
^SM",3,0.31,LOW,2221938,"Bonjour @120533, je viens de recevoir une demande de retour pour un colis que je n'ai jamais reçu...","@648937 Bonjour, je vous invite à contacter notre SAV via le lien suivant : https://t.co/hgIrz98cdI","CUSTOMER: Bonjour @120533, je viens de recevoir une demande de retour pour un colis que je n'ai jamais reçu...
CUSTOMER: @120533 Ce dernier est indiqué comme ayant été livré le 02/11. C'est une blague??
AGENT: @648937 Bonjour, je vous invite à contacter notre SAV via le lien suivant : https://t.co/hgIrz98cdI
^SM",3,0.31,LOW,0.0,0.0,0.0,False,False,False,False,False,False,True,False,False,2.0
98,760425,YES,unknown,unknown,757097,757097,757097,757097,0.6991676688194275,0.6991676688194275,0.6991676688194275,0.6991676688194275,0.355,0.355,0.355,0.355,0.0,0.0,0.0,0.0,0.0,0.0,0.0,0.0,LOW,LOW,LOW,LOW,"non male @120540, solo 12 giorni di ritardo (se tutto va bene), però anche un buono da 5€ per il disagio","@301694 Mi dispiace per il ritardo Antonio, ti è stata fornita una nuova data di consegna? ^MZ","CUSTOMER: non male @120540, solo 12 giorni di ritardo (se tutto va bene), però anche un buono da 5€ per il disagio
AGENT: @301694 Mi dispiace per il ritardo Antonio, ti è stata fornita una nuova data di consegna? ^MZ
CUSTOMER: @AmazonHelp sì lunedì 16, ma doveva arrivare mercoledì 4
AGENT: @301694 Mi spiace, il tuo ordine è stato già spedito? ^ST
CUSTOMER: @AmazonHelp sì oggi
AGENT: @301694 Grazie per il riscontro. Rimaniamo a tua disposizione! A presto! ^GA",6,0.355,LOW,757097,"@AmazonHelp @120540 E meno male che ho usato Prime @120540! Ordinato lunedi, avrò il pacco domani! Che delusione la mia prima volta Prime 😡",@300932 Ti suggerisco di contattare il nostro Servizio Clienti da qui: https://t.co/7gKb9HwE7H per ricevere assistenza. A presto! ^FS,"CUSTOMER: @AmazonHelp @120540 E meno male che ho usato Prime @120540! Ordinato lunedi, avrò il pacco domani! Che delusione la mia prima volta Prime 😡
AGENT: @300932 Il corriere aveva effettuato il secondo tentativo di consegna? ^GA
CUSTOMER: @AmazonHelp Si, ma alla stessa ora del giorno precedente e ignorando il mio contatto telefonico. Allora perché chiederlo?
AGENT: @300932 Ti suggerisco di contattare il nostro Servizio Clienti da qui: https://t.co/7gKb9HwE7H per ricevere assistenza. A presto! ^FS
CUSTOMER: @AmazonHelp Ormai il danno è fatto. Domani vado a ritirare il pacco. Che poi è macchinetta aerosol perché sto male. Ecco perché era urgente
CUSTOMER: Come lo contatto il corriere @120540? domani ripassa, ma non so a che ora. Ho urgenza di avere il pacco, mi sono iscritta a prime X questo https://t.co/zgTJ0q5mCu
AGENT: @300932 Per informazioni su contattare i corrieri e sugli orari di consegna clicca qui: https://t.co/hjry96lPAc. A presto! ^GA
CUSTOMER: @AmazonHelp Il corriere @AmazonHelp è poste italiane, non si può fare nulla, solo aspettare il secondo tentativo e sperare in @300933
CUSTOMER: @AmazonHelp @300933 Pacco prime urgente ordinato lunedì rischio di averlo chissà quando @AmazonHelp. Decisamente come prima esperienza Prime è pessima
AGENT: @300932 Ti confermo che, il corriere Poste Italiane, effettua il secondo tentativo di consegna il giorno lavorativo successivo. ^ST
CUSTOMER: @AmazonHelp Si,ma se non mi trova lascia il foglietto e lo ritiro da venerdì.Tutti gli altri corrieri se non ci sino lasciano pacco agli uffici sotto
CUSTOMER: @AmazonHelp Era molto urgente, per questo @AmazonHelp 
mi sono.iscritta a Prime! Era meglio se compravo altrove 😡
AGENT: @300932 Se può esserti utile, per altri ordini, puoi verificare i nostro servizio di punti di ritiro: https://t.co/5CD1Tu9S9S. ^ST
CUSTOMER: @AmazonHelp Ormai è tardi @120540 a me serviva con urgenza. Ero certa che in mia assenza il corriere consegnava agli uffici sotto, come fanno tutti",14,0.355,LOW,757097,"@AmazonHelp @120540 E meno male che ho usato Prime @120540! Ordinato lunedi, avrò il pacco domani! Che delusione la mia prima volta Prime 😡",@300932 Ti suggerisco di contattare il nostro Servizio Clienti da qui: https://t.co/7gKb9HwE7H per ricevere assistenza. A presto! ^FS,"CUSTOMER: @AmazonHelp @120540 E meno male che ho usato Prime @120540! Ordinato lunedi, avrò il pacco domani! Che delusione la mia prima volta Prime 😡
AGENT: @300932 Il corriere aveva effettuato il secondo tentativo di consegna? ^GA
CUSTOMER: @AmazonHelp Si, ma alla stessa ora del giorno precedente e ignorando il mio contatto telefonico. Allora perché chiederlo?
AGENT: @300932 Ti suggerisco di contattare il nostro Servizio Clienti da qui: https://t.co/7gKb9HwE7H per ricevere assistenza. A presto! ^FS
CUSTOMER: @AmazonHelp Ormai il danno è fatto. Domani vado a ritirare il pacco. Che poi è macchinetta aerosol perché sto male. Ecco perché era urgente
CUSTOMER: Come lo contatto il corriere @120540? domani ripassa, ma non so a che ora. Ho urgenza di avere il pacco, mi sono iscritta a prime X questo https://t.co/zgTJ0q5mCu
AGENT: @300932 Per informazioni su contattare i corrieri e sugli orari di consegna clicca qui: https://t.co/hjry96lPAc. A presto! ^GA
CUSTOMER: @AmazonHelp Il corriere @AmazonHelp è poste italiane, non si può fare nulla, solo aspettare il secondo tentativo e sperare in @300933
CUSTOMER: @AmazonHelp @300933 Pacco prime urgente ordinato lunedì rischio di averlo chissà quando @AmazonHelp. Decisamente come prima esperienza Prime è pessima
AGENT: @300932 Ti confermo che, il corriere Poste Italiane, effettua il secondo tentativo di consegna il giorno lavorativo successivo. ^ST
CUSTOMER: @AmazonHelp Si,ma se non mi trova lascia il foglietto e lo ritiro da venerdì.Tutti gli altri corrieri se non ci sino lasciano pacco agli uffici sotto
CUSTOMER: @AmazonHelp Era molto urgente, per questo @AmazonHelp 
mi sono.iscritta a Prime! Era meglio se compravo altrove 😡
AGENT: @300932 Se può esserti utile, per altri ordini, puoi verificare i nostro servizio di punti di ritiro: https://t.co/5CD1Tu9S9S. ^ST
CUSTOMER: @AmazonHelp Ormai è tardi @120540 a me serviva con urgenza. Ero certa che in mia assenza il corriere consegnava agli uffici sotto, come fanno tutti",14,0.355,LOW,757097,"@AmazonHelp @120540 E meno male che ho usato Prime @120540! Ordinato lunedi, avrò il pacco domani! Che delusione la mia prima volta Prime 😡",@300932 Ti suggerisco di contattare il nostro Servizio Clienti da qui: https://t.co/7gKb9HwE7H per ricevere assistenza. A presto! ^FS,"CUSTOMER: @AmazonHelp @120540 E meno male che ho usato Prime @120540! Ordinato lunedi, avrò il pacco domani! Che delusione la mia prima volta Prime 😡
AGENT: @300932 Il corriere aveva effettuato il secondo tentativo di consegna? ^GA
CUSTOMER: @AmazonHelp Si, ma alla stessa ora del giorno precedente e ignorando il mio contatto telefonico. Allora perché chiederlo?
AGENT: @300932 Ti suggerisco di contattare il nostro Servizio Clienti da qui: https://t.co/7gKb9HwE7H per ricevere assistenza. A presto! ^FS
CUSTOMER: @AmazonHelp Ormai il danno è fatto. Domani vado a ritirare il pacco. Che poi è macchinetta aerosol perché sto male. Ecco perché era urgente
CUSTOMER: Come lo contatto il corriere @120540? domani ripassa, ma non so a che ora. Ho urgenza di avere il pacco, mi sono iscritta a prime X questo https://t.co/zgTJ0q5mCu
AGENT: @300932 Per informazioni su contattare i corrieri e sugli orari di consegna clicca qui: https://t.co/hjry96lPAc. A presto! ^GA
CUSTOMER: @AmazonHelp Il corriere @AmazonHelp è poste italiane, non si può fare nulla, solo aspettare il secondo tentativo e sperare in @300933
CUSTOMER: @AmazonHelp @300933 Pacco prime urgente ordinato lunedì rischio di averlo chissà quando @AmazonHelp. Decisamente come prima esperienza Prime è pessima
AGENT: @300932 Ti confermo che, il corriere Poste Italiane, effettua il secondo tentativo di consegna il giorno lavorativo successivo. ^ST
CUSTOMER: @AmazonHelp Si,ma se non mi trova lascia il foglietto e lo ritiro da venerdì.Tutti gli altri corrieri se non ci sino lasciano pacco agli uffici sotto
CUSTOMER: @AmazonHelp Era molto urgente, per questo @AmazonHelp 
mi sono.iscritta a Prime! Era meglio se compravo altrove 😡
AGENT: @300932 Se può esserti utile, per altri ordini, puoi verificare i nostro servizio di punti di ritiro: https://t.co/5CD1Tu9S9S. ^ST
CUSTOMER: @AmazonHelp Ormai è tardi @120540 a me serviva con urgenza. Ero certa che in mia assenza il corriere consegnava agli uffici sotto, come fanno tutti",14,0.355,LOW,757097,"@AmazonHelp @120540 E meno male che ho usato Prime @120540! Ordinato lunedi, avrò il pacco domani! Che delusione la mia prima volta Prime 😡",@300932 Ti suggerisco di contattare il nostro Servizio Clienti da qui: https://t.co/7gKb9HwE7H per ricevere assistenza. A presto! ^FS,"CUSTOMER: @AmazonHelp @120540 E meno male che ho usato Prime @120540! Ordinato lunedi, avrò il pacco domani! Che delusione la mia prima volta Prime 😡
AGENT: @300932 Il corriere aveva effettuato il secondo tentativo di consegna? ^GA
CUSTOMER: @AmazonHelp Si, ma alla stessa ora del giorno precedente e ignorando il mio contatto telefonico. Allora perché chiederlo?
AGENT: @300932 Ti suggerisco di contattare il nostro Servizio Clienti da qui: https://t.co/7gKb9HwE7H per ricevere assistenza. A presto! ^FS
CUSTOMER: @AmazonHelp Ormai il danno è fatto. Domani vado a ritirare il pacco. Che poi è macchinetta aerosol perché sto male. Ecco perché era urgente
CUSTOMER: Come lo contatto il corriere @120540? domani ripassa, ma non so a che ora. Ho urgenza di avere il pacco, mi sono iscritta a prime X questo https://t.co/zgTJ0q5mCu
AGENT: @300932 Per informazioni su contattare i corrieri e sugli orari di consegna clicca qui: https://t.co/hjry96lPAc. A presto! ^GA
CUSTOMER: @AmazonHelp Il corriere @AmazonHelp è poste italiane, non si può fare nulla, solo aspettare il secondo tentativo e sperare in @300933
CUSTOMER: @AmazonHelp @300933 Pacco prime urgente ordinato lunedì rischio di averlo chissà quando @AmazonHelp. Decisamente come prima esperienza Prime è pessima
AGENT: @300932 Ti confermo che, il corriere Poste Italiane, effettua il secondo tentativo di consegna il giorno lavorativo successivo. ^ST
CUSTOMER: @AmazonHelp Si,ma se non mi trova lascia il foglietto e lo ritiro da venerdì.Tutti gli altri corrieri se non ci sino lasciano pacco agli uffici sotto
CUSTOMER: @AmazonHelp Era molto urgente, per questo @AmazonHelp 
mi sono.iscritta a Prime! Era meglio se compravo altrove 😡
AGENT: @300932 Se può esserti utile, per altri ordini, puoi verificare i nostro servizio di punti di ritiro: https://t.co/5CD1Tu9S9S. ^ST
CUSTOMER: @AmazonHelp Ormai è tardi @120540 a me serviva con urgenza. Ero certa che in mia assenza il corriere consegnava agli uffici sotto, come fanno tutti",14,0.355,LOW,0.0,0.0,0.0,False,False,False,False,False,False,True,False,False,2.0
116,191589,NO,account,unknown,519705,519705,519705,519705,0.6907538175582886,0.6907538175582886,0.6907538175582886,0.6907538175582886,0.805,0.805,0.805,0.805,1.0,1.0,1.0,1.0,0.0,0.0,0.0,0.0,HIGH,HIGH,HIGH,HIGH,@115850 HI I am in big problem. My account locked and cutting 7 Euro every month. Please help me. I am from Bangladesh.,@161033 We already sent you a direct message. ^SK,"CUSTOMER: @115850 HI I am in big problem. My account locked and cutting 7 Euro every month. Please help me. I am from Bangladesh.
AGENT: @161033 We'd like to help! Do you mind telling us which Amazon site you primarily use? (https://t.co/7r0yxhywxR.) ^NM
CUSTOMER: @AmazonHelp Amazon.de
AGENT: @161033 We already sent you a direct message. ^SK
CUSTOMER: @AmazonHelp As you dont serve in Bangladesh. I go on every site and check prices.
AGENT: @161033 If you need to reach the Amazon.de customer service, please follow this link: https://t.co/ohyvGrpvrY Regards ^VM",6,0.42,LOW,519705,@115850 unlock my amazon account plzz 8195008136,@239939 I checked the image and I see that a text message has been sent with the instructions on unlocking your account. Kindly proceed with the instructions provided. ^GK,"CUSTOMER: @115850 unlock my amazon account plzz 8195008136
AGENT: @239939 You should have received an email with respect to account update. Please check and reply to it for further assistance. Please don't provide your order details, as we consider it to be personal information. Our Twitter page is public.​ ^RW
CUSTOMER: @AmazonHelp No I haven’t received any mail actually ...
AGENT: @239939 If your account is on hold, you should be receiving an e-mail from our account specialist team. Kindly check it in your spam and junk folders and reply to their e-mail with your concern as they are the right team to assist you at this point in time. ^SC
CUSTOMER: @AmazonHelp Extremely sorry sir .. i disturb you on you working time ,but  still I haven’t received any mail or form in gmail or any spam or junk file so kindle plz help me .my gmail is __email__ https://t.co/kmKBK0Jamh
AGENT: @239939 I understand your concern that you unable to find the email from our account specialist team. Kindly skip sign in and share your details here: - https://t.co/beaaDlIL5C. We'll get in touch with you. ^SC
CUSTOMER: @AmazonHelp This problm accur https://t.co/cojiZru3cn
AGENT: @239939 I checked the image and I see that a text message has been sent with the instructions on unlocking your account. Kindly proceed with the instructions provided. ^GK
CUSTOMER: @AmazonHelp Thanku thanku soo much i love shopping from amazon ❤️",9,0.805,HIGH,519705,@115850 unlock my amazon account plzz 8195008136,@239939 I checked the image and I see that a text message has been sent with the instructions on unlocking your account. Kindly proceed with the instructions provided. ^GK,"CUSTOMER: @115850 unlock my amazon account plzz 8195008136
AGENT: @239939 You should have received an email with respect to account update. Please check and reply to it for further assistance. Please don't provide your order details, as we consider it to be personal information. Our Twitter page is public.​ ^RW
CUSTOMER: @AmazonHelp No I haven’t received any mail actually ...
AGENT: @239939 If your account is on hold, you should be receiving an e-mail from our account specialist team. Kindly check it in your spam and junk folders and reply to their e-mail with your concern as they are the right team to assist you at this point in time. ^SC
CUSTOMER: @AmazonHelp Extremely sorry sir .. i disturb you on you working time ,but  still I haven’t received any mail or form in gmail or any spam or junk file so kindle plz help me .my gmail is __email__ https://t.co/kmKBK0Jamh
AGENT: @239939 I understand your concern that you unable to find the email from our account specialist team. Kindly skip sign in and share your details here: - https://t.co/beaaDlIL5C. We'll get in touch with you. ^SC
CUSTOMER: @AmazonHelp This problm accur https://t.co/cojiZru3cn
AGENT: @239939 I checked the image and I see that a text message has been sent with the instructions on unlocking your account. Kindly proceed with the instructions provided. ^GK
CUSTOMER: @AmazonHelp Thanku thanku soo much i love shopping from amazon ❤️",9,0.805,HIGH,519705,@115850 unlock my amazon account plzz 8195008136,@239939 I checked the image and I see that a text message has been sent with the instructions on unlocking your account. Kindly proceed with the instructions provided. ^GK,"CUSTOMER: @115850 unlock my amazon account plzz 8195008136
AGENT: @239939 You should have received an email with respect to account update. Please check and reply to it for further assistance. Please don't provide your order details, as we consider it to be personal information. Our Twitter page is public.​ ^RW
CUSTOMER: @AmazonHelp No I haven’t received any mail actually ...
AGENT: @239939 If your account is on hold, you should be receiving an e-mail from our account specialist team. Kindly check it in your spam and junk folders and reply to their e-mail with your concern as they are the right team to assist you at this point in time. ^SC
CUSTOMER: @AmazonHelp Extremely sorry sir .. i disturb you on you working time ,but  still I haven’t received any mail or form in gmail or any spam or junk file so kindle plz help me .my gmail is __email__ https://t.co/kmKBK0Jamh
AGENT: @239939 I understand your concern that you unable to find the email from our account specialist team. Kindly skip sign in and share your details here: - https://t.co/beaaDlIL5C. We'll get in touch with you. ^SC
CUSTOMER: @AmazonHelp This problm accur https://t.co/cojiZru3cn
AGENT: @239939 I checked the image and I see that a text message has been sent with the instructions on unlocking your account. Kindly proceed with the instructions provided. ^GK
CUSTOMER: @AmazonHelp Thanku thanku soo much i love shopping from amazon ❤️",9,0.805,HIGH,519705,@115850 unlock my amazon account plzz 8195008136,@239939 I checked the image and I see that a text message has been sent with the instructions on unlocking your account. Kindly proceed with the instructions provided. ^GK,"CUSTOMER: @115850 unlock my amazon account plzz 8195008136
AGENT: @239939 You should have received an email with respect to account update. Please check and reply to it for further assistance. Please don't provide your order details, as we consider it to be personal information. Our Twitter page is public.​ ^RW
CUSTOMER: @AmazonHelp No I haven’t received any mail actually ...
AGENT: @239939 If your account is on hold, you should be receiving an e-mail from our account specialist team. Kindly check it in your spam and junk folders and reply to their e-mail with your concern as they are the right team to assist you at this point in time. ^SC
CUSTOMER: @AmazonHelp Extremely sorry sir .. i disturb you on you working time ,but  still I haven’t received any mail or form in gmail or any spam or junk file so kindle plz help me .my gmail is __email__ https://t.co/kmKBK0Jamh
AGENT: @239939 I understand your concern that you unable to find the email from our account specialist team. Kindly skip sign in and share your details here: - https://t.co/beaaDlIL5C. We'll get in touch with you. ^SC
CUSTOMER: @AmazonHelp This problm accur https://t.co/cojiZru3cn
AGENT: @239939 I checked the image and I see that a text message has been sent with the instructions on unlocking your account. Kindly proceed with the instructions provided. ^GK
CUSTOMER: @AmazonHelp Thanku thanku soo much i love shopping from amazon ❤️",9,0.805,HIGH,0.0,0.0,0.0,False,False,False,False,False,False,False,True,False,2.0
147,2710355,NO,unknown,unknown,2752037,2752037,2752037,2752037,0.7318309545516968,0.7318309545516968,0.7318309545516968,0.7318309545516968,0.82,0.82,0.82,0.82,0.0,0.0,0.0,0.0,0.0,0.0,0.0,0.0,HIGH,HIGH,HIGH,HIGH,"@115821 packaging fail. :( my child knew what was in this box immediately. Batmans cave. Guess ""santa"" won't be bringing this one..mom and dad will. #failure #amazon https://t.co/tuR7KB8Xw2",@761040 I'm sorry the surprise was ruined. Please be sure to share your feedback with our packaging team: https://t.co/vIWWNKncUA ^KB,"CUSTOMER: @115821 packaging fail. :( my child knew what was in this box immediately. Batmans cave. Guess ""santa"" won't be bringing this one..mom and dad will. #failure #amazon https://t.co/tuR7KB8Xw2
AGENT: @761040 I'm sorry the surprise was ruined. Please be sure to share your feedback with our packaging team: https://t.co/vIWWNKncUA ^KB
CUSTOMER: @AmazonHelp I did, but didn't alltach the photos.",3,0.445,LOW,2752037,"So pissed right now. Came home from work, expecting a package from @115821. According to them and @118706, it was delivered. It is nowhere to be found. Those were my granddaughter's and my father's Christmas presents.","@770454 I understand your frustration, Derek. Typically, late packages are delivered the following day. Here are some helpful steps to take in case of this occurrence: https://t.co/SEl3qauZHC ^GM","CUSTOMER: So pissed right now. Came home from work, expecting a package from @115821. According to them and @118706, it was delivered. It is nowhere to be found. Those were my granddaughter's and my father's Christmas presents.
AGENT: @770454 I understand your frustration, Derek. Typically, late packages are delivered the following day. Here are some helpful steps to take in case of this occurrence: https://t.co/SEl3qauZHC ^GM
CUSTOMER: @AmazonHelp I read the FAQ, where it said to wait 36 hours. If it doesn't show after that, then what?
AGENT: @770454 If the recommended time frame has passed and you're still unable to locate your order, please let us know so we can help you research this further. ^HC
CUSTOMER: @AmazonHelp Will do. Thank you.",5,0.82,HIGH,2752037,"So pissed right now. Came home from work, expecting a package from @115821. According to them and @118706, it was delivered. It is nowhere to be found. Those were my granddaughter's and my father's Christmas presents.","@770454 I understand your frustration, Derek. Typically, late packages are delivered the following day. Here are some helpful steps to take in case of this occurrence: https://t.co/SEl3qauZHC ^GM","CUSTOMER: So pissed right now. Came home from work, expecting a package from @115821. According to them and @118706, it was delivered. It is nowhere to be found. Those were my granddaughter's and my father's Christmas presents.
AGENT: @770454 I understand your frustration, Derek. Typically, late packages are delivered the following day. Here are some helpful steps to take in case of this occurrence: https://t.co/SEl3qauZHC ^GM
CUSTOMER: @AmazonHelp I read the FAQ, where it said to wait 36 hours. If it doesn't show after that, then what?
AGENT: @770454 If the recommended time frame has passed and you're still unable to locate your order, please let us know so we can help you research this further. ^HC
CUSTOMER: @AmazonHelp Will do. Thank you.",5,0.82,HIGH,2752037,"So pissed right now. Came home from work, expecting a package from @115821. According to them and @118706, it was delivered. It is nowhere to be found. Those were my granddaughter's and my father's Christmas presents.","@770454 I understand your frustration, Derek. Typically, late packages are delivered the following day. Here are some helpful steps to take in case of this occurrence: https://t.co/SEl3qauZHC ^GM","CUSTOMER: So pissed right now. Came home from work, expecting a package from @115821. According to them and @118706, it was delivered. It is nowhere to be found. Those were my granddaughter's and my father's Christmas presents.
AGENT: @770454 I understand your frustration, Derek. Typically, late packages are delivered the following day. Here are some helpful steps to take in case of this occurrence: https://t.co/SEl3qauZHC ^GM
CUSTOMER: @AmazonHelp I read the FAQ, where it said to wait 36 hours. If it doesn't show after that, then what?
AGENT: @770454 If the recommended time frame has passed and you're still unable to locate your order, please let us know so we can help you research this further. ^HC
CUSTOMER: @AmazonHelp Will do. Thank you.",5,0.82,HIGH,2752037,"So pissed right now. Came home from work, expecting a package from @115821. According to them and @118706, it was delivered. It is nowhere to be found. Those were my granddaughter's and my father's Christmas presents.","@770454 I understand your frustration, Derek. Typically, late packages are delivered the following day. Here are some helpful steps to take in case of this occurrence: https://t.co/SEl3qauZHC ^GM","CUSTOMER: So pissed right now. Came home from work, expecting a package from @115821. According to them and @118706, it was delivered. It is nowhere to be found. Those were my granddaughter's and my father's Christmas presents.
AGENT: @770454 I understand your frustration, Derek. Typically, late packages are delivered the following day. Here are some helpful steps to take in case of this occurrence: https://t.co/SEl3qauZHC ^GM
CUSTOMER: @AmazonHelp I read the FAQ, where it said to wait 36 hours. If it doesn't show after that, then what?
AGENT: @770454 If the recommended time frame has passed and you're still unable to locate your order, please let us know so we can help you research this further. ^HC
CUSTOMER: @AmazonHelp Will do. Thank you.",5,0.82,HIGH,0.0,0.0,0.0,False,False,False,False,False,False,False,True,False,2.0
148,726333,NO,delivery,unknown,181299,181299,181299,181299,0.7708382606506348,0.7708382606506348,0.7708382606506348,0.7708382606506348,0.79,0.79,0.79,0.79,1.0,1.0,1.0,1.0,0.0,0.0,0.0,0.0,HIGH,HIGH,HIGH,HIGH,"Amazon order update, despite being home all day waiting on the package amazon carrier claims to have tried delivery TWICE. Uggh.",@293989 Sorry to hear that. Get in touch here:  https://t.co/hApLpMlfHN  and we'll be happy to help. ^RS,"CUSTOMER: Amazon order update, despite being home all day waiting on the package amazon carrier claims to have tried delivery TWICE. Uggh.
AGENT: @293989 Sorry to hear that. Get in touch here:  https://t.co/hApLpMlfHN  and we'll be happy to help. ^RS
CUSTOMER: @AmazonHelp Already sent a message through customer service, but thanks for the response.",3,0.775,HIGH,181299,@AmazonHelp once again another package not arriving when promised and get notified at 8pm that I now might not get it for now another day or 2. Customer service is no help. 2nd package in 2 weeks with issues even though it shows it's out for delivery,@158574 I'm sorry for the delay with your order! Please reach us here: https://t.co/hApLpMlfHN for available options if your order doesn't arrive by the new delivery date. ^EZ,"CUSTOMER: @AmazonHelp once again another package not arriving when promised and get notified at 8pm that I now might not get it for now another day or 2. Customer service is no help. 2nd package in 2 weeks with issues even though it shows it's out for delivery
AGENT: @158574 I'm sorry for the delay with your order! Please reach us here: https://t.co/hApLpMlfHN for available options if your order doesn't arrive by the new delivery date. ^EZ
CUSTOMER: @AmazonHelp I'm just going to return them when they arrive. I understand logistics but at least give a notice earlier instead of waiting until the deadline.",3,0.79,HIGH,181299,@AmazonHelp once again another package not arriving when promised and get notified at 8pm that I now might not get it for now another day or 2. Customer service is no help. 2nd package in 2 weeks with issues even though it shows it's out for delivery,@158574 I'm sorry for the delay with your order! Please reach us here: https://t.co/hApLpMlfHN for available options if your order doesn't arrive by the new delivery date. ^EZ,"CUSTOMER: @AmazonHelp once again another package not arriving when promised and get notified at 8pm that I now might not get it for now another day or 2. Customer service is no help. 2nd package in 2 weeks with issues even though it shows it's out for delivery
AGENT: @158574 I'm sorry for the delay with your order! Please reach us here: https://t.co/hApLpMlfHN for available options if your order doesn't arrive by the new delivery date. ^EZ
CUSTOMER: @AmazonHelp I'm just going to return them when they arrive. I understand logistics but at least give a notice earlier instead of waiting until the deadline.",3,0.79,HIGH,181299,@AmazonHelp once again another package not arriving when promised and get notified at 8pm that I now might not get it for now another day or 2. Customer service is no help. 2nd package in 2 weeks with issues even though it shows it's out for delivery,@158574 I'm sorry for the delay with your order! Please reach us here: https://t.co/hApLpMlfHN for available options if your order doesn't arrive by the new delivery date. ^EZ,"CUSTOMER: @AmazonHelp once again another package not arriving when promised and get notified at 8pm that I now might not get it for now another day or 2. Customer service is no help. 2nd package in 2 weeks with issues even though it shows it's out for delivery
AGENT: @158574 I'm sorry for the delay with your order! Please reach us here: https://t.co/hApLpMlfHN for available options if your order doesn't arrive by the new delivery date. ^EZ
CUSTOMER: @AmazonHelp I'm just going to return them when they arrive. I understand logistics but at least give a notice earlier instead of waiting until the deadline.",3,0.79,HIGH,181299,@AmazonHelp once again another package not arriving when promised and get notified at 8pm that I now might not get it for now another day or 2. Customer service is no help. 2nd package in 2 weeks with issues even though it shows it's out for delivery,@158574 I'm sorry for the delay with your order! Please reach us here: https://t.co/hApLpMlfHN for available options if your order doesn't arrive by the new delivery date. ^EZ,"CUSTOMER: @AmazonHelp once again another package not arriving when promised and get notified at 8pm that I now might not get it for now another day or 2. Customer service is no help. 2nd package in 2 weeks with issues even though it shows it's out for delivery
AGENT: @158574 I'm sorry for the delay with your order! Please reach us here: https://t.co/hApLpMlfHN for available options if your order doesn't arrive by the new delivery date. ^EZ
CUSTOMER: @AmazonHelp I'm just going to return them when they arrive. I understand logistics but at least give a notice earlier instead of waiting until the deadline.",3,0.79,HIGH,0.0,0.0,0.0,False,False,False,False,False,False,False,True,False,2.0
169,1767527,NO,delivery,unknown,1719185,1719185,1719185,1719185,0.7664376497268677,0.7664376497268677,0.7664376497268677,0.7664376497268677,0.82,0.82,0.82,0.82,1.0,1.0,1.0,1.0,0.0,0.0,0.0,0.0,HIGH,HIGH,HIGH,HIGH,Honestly let down with @AmazonHelp  and ther services that they poorly provided me.,@531480 Sorry it arrived in that condition. We'd be happy to review your options here: https://t.co/EKXRLsnxJu ^AF,"CUSTOMER: Honestly let down with @AmazonHelp  and ther services that they poorly provided me.
AGENT: @531480 I'm sorry for the trouble! Without revealing account details, could you tell us more about the issue? ^LJ
CUSTOMER: @AmazonHelp My recent purchase came in a busted box with the wrong size shoe and the shoe looked used and gross!
CUSTOMER: @AmazonHelp If you could direct message me I️ can give more details
AGENT: @531480 We're unable to access account info over social media, even in a DM. Were the shoes sold by Amazon or a third party? ^CH
CUSTOMER: @AmazonHelp No, they were prime shipping and sold by amazon
AGENT: @531480 Sorry it arrived in that condition. We'd be happy to review your options here: https://t.co/EKXRLsnxJu ^AF",7,0.255,LOW,1719185,"Very poor delivery service , i had ordered a shoe through amazon prime and i have not got it yet.",@520457 Certainly not the kind of words we'd like to hear. We always aim to complete the order deliveries by the promised date. I'm sorry we could not meet your expectations. Did we happen to miss the estimated delivery date provided for your order? ^AR,"CUSTOMER: Very poor delivery service , i had ordered a shoe through amazon prime and i have not got it yet. 
@115850 😡
AGENT: @520457 Certainly not the kind of words we'd like to hear. We always aim to complete the order deliveries by the promised date. I'm sorry we could not meet your expectations. Did we happen to miss the estimated delivery date provided for your order? ^AR",2,0.82,HIGH,1719185,"Very poor delivery service , i had ordered a shoe through amazon prime and i have not got it yet.",@520457 Certainly not the kind of words we'd like to hear. We always aim to complete the order deliveries by the promised date. I'm sorry we could not meet your expectations. Did we happen to miss the estimated delivery date provided for your order? ^AR,"CUSTOMER: Very poor delivery service , i had ordered a shoe through amazon prime and i have not got it yet. 
@115850 😡
AGENT: @520457 Certainly not the kind of words we'd like to hear. We always aim to complete the order deliveries by the promised date. I'm sorry we could not meet your expectations. Did we happen to miss the estimated delivery date provided for your order? ^AR",2,0.82,HIGH,1719185,"Very poor delivery service , i had ordered a shoe through amazon prime and i have not got it yet.",@520457 Certainly not the kind of words we'd like to hear. We always aim to complete the order deliveries by the promised date. I'm sorry we could not meet your expectations. Did we happen to miss the estimated delivery date provided for your order? ^AR,"CUSTOMER: Very poor delivery service , i had ordered a shoe through amazon prime and i have not got it yet. 
@115850 😡
AGENT: @520457 Certainly not the kind of words we'd like to hear. We always aim to complete the order deliveries by the promised date. I'm sorry we could not meet your expectations. Did we happen to miss the estimated delivery date provided for your order? ^AR",2,0.82,HIGH,1719185,"Very poor delivery service , i had ordered a shoe through amazon prime and i have not got it yet.",@520457 Certainly not the kind of words we'd like to hear. We always aim to complete the order deliveries by the promised date. I'm sorry we could not meet your expectations. Did we happen to miss the estimated delivery date provided for your order? ^AR,"CUSTOMER: Very poor delivery service , i had ordered a shoe through amazon prime and i have not got it yet. 
@115850 😡
AGENT: @520457 Certainly not the kind of words we'd like to hear. We always aim to complete the order deliveries by the promised date. I'm sorry we could not meet your expectations. Did we happen to miss the estimated delivery date provided for your order? ^AR",2,0.82,HIGH,0.0,0.0,0.0,False,False,False,False,False,False,False,True,False,2.0
123,387119,YES,delivery,unknown,998284,348371,2555166,2555166,0.733193039894104,0.7449604272842407,0.7757761478424072,0.7757761478424072,0.91,0.955,0.52,0.52,1.0,0.5,1.0,1.0,0.0,0.0,0.0,0.0,HIGH,HIGH,MEDIUM,MEDIUM,"@115821 You guys Acting very smart. Every time I face delivery issue. From Saturday onwards my product shows out for delivery, (1/2)",@207638 Please fill this form: https://t.co/beaaDm0muc so we could get this resolved and revert to you on priority.(2/2)^RS,"CUSTOMER: @115821 You guys Acting very smart. Every time I face delivery issue. From Saturday onwards my product shows out for delivery, (1/2)
AGENT: @207638 We're following up on your concern over DM. ^YP
CUSTOMER: @AmazonHelp I dont understand, wht is wrong with you and with your courier agency. Please find delivery guys number +91 7007438874, 7506020139. (1/2)
CUSTOMER: @AmazonHelp Very rude ur courier team. Dont know how to talk with the customers. And you guys dont take any action on them, thats why the are free (2/2)
AGENT: @207638 Please fill this form: https://t.co/beaaDm0muc so we could get this resolved and revert to you on priority.(2/2)^RS
AGENT: @207638 We apologize for this. I will forward your feedback internally to help us improve customer experience.(1/2)^RS",6,0.69,MEDIUM,2555166,@115850 Your service and your courier partner are disgusting and your customer care executives are lairs. The product wasnt delivered despite promises and a SMS was sent saying I couldnt be contacted,@725587 I'm sorry for the inconvenience regarding the delivery of your order. Please fill out this form: https://t.co/GIJyeYqKE0 and we'll look into this for you. ^AM,"CUSTOMER: @115850 Your service and your courier partner are disgusting and your customer care executives are lairs. The product wasnt delivered despite promises and a SMS was sent saying I couldnt be contacted
AGENT: @725587 I'm sorry for the inconvenience regarding the delivery of your order. Please fill out this form: https://t.co/GIJyeYqKE0 and we'll look into this for you. ^AM",2,0.52,MEDIUM,2555166,@115850 Your service and your courier partner are disgusting and your customer care executives are lairs. The product wasnt delivered despite promises and a SMS was sent saying I couldnt be contacted,@725587 I'm sorry for the inconvenience regarding the delivery of your order. Please fill out this form: https://t.co/GIJyeYqKE0 and we'll look into this for you. ^AM,"CUSTOMER: @115850 Your service and your courier partner are disgusting and your customer care executives are lairs. The product wasnt delivered despite promises and a SMS was sent saying I couldnt be contacted
AGENT: @725587 I'm sorry for the inconvenience regarding the delivery of your order. Please fill out this form: https://t.co/GIJyeYqKE0 and we'll look into this for you. ^AM",2,0.52,MEDIUM,348371,Haven't received my order. Courier guys update wrong status - liars! No reply from customer service. #amazonsucks @115850 @115851 #?,@198936 We've received your revert. We'll get in touch with you soon. Appreciate your understanding. ^HD,"CUSTOMER: Haven't received my order. Courier guys update wrong status - liars! No reply from customer service. #amazonsucks @115850 @115851 #?
AGENT: @198936 Sorry about that. I'd like to help. Please fill in your details here: https://t.co/JzRdscmdH9 and I'll get in touch with you. ^AK
CUSTOMER: @AmazonHelp AK, your email did not help. I can't spell it out here. Pls check my response to your email. #Amazonsucks @AmazonHelp @115851 I copied u.
AGENT: @198936 We've received your revert. We'll get in touch with you soon. Appreciate your understanding. ^HD
CUSTOMER: @AmazonHelp I got another email which did not help. You need to address my concerns. Issue not resolved. @115851 @AmazonHelp #Amazonsucks
AGENT: @198936 Sorry you feel this way. Kindly revert on the same email for further assistance on this. ^AG
CUSTOMER: @AmazonHelp I already did. I hope someone sensible who can address my specific concerns picks it up this time. #AmazonSucks
AGENT: @198936 Thanks for the heads up, Bonny. We'll get in touch with you at the earliest. ^MO",8,0.955,HIGH,998284,"@115850 Amazon customer service only gave assurances of making a contact with courier, &amp; fast delivery : 12 Oct to 14 Oct when contacted",@355463 We've responded to your query here: https://t.co/0CPnzEGtBf. ^HA,"CUSTOMER: @115850 Amazon customer service only gave assurances of making a contact with courier, &amp; fast delivery : 12 Oct to 14 Oct when contacted
AGENT: @355463 We've responded to your query here: https://t.co/0CPnzEGtBf. ^HA",2,0.91,HIGH,0.43499999999999994,0.39,0.030815720558166504,False,True,True,False,False,False,False,False,True,1.0
10,1604981,YES,refund,refund,232208,283535,2317696,2317696,0.7434002161026001,0.7621859908103943,0.8027714490890503,0.8027714490890503,0.79,0.835,0.52,0.52,1.0,0.0,1.0,1.0,1.0,0.0,1.0,1.0,HIGH,HIGH,MEDIUM,MEDIUM,@115850 One fladuent activity happen in my card from amazon at name of prime membership with transaction of 6850 rs,@492352 That's odd! The prime membership price on Amazon.in is INR 999 only. We'd like to look into the issue and help you out. 1/2 ^AP,"CUSTOMER: @115850 One fladuent activity happen in my card from amazon at name of prime membership with transaction of 6850 rs
AGENT: @492352 Kindly share your details here: https://t.co/beaaDm0muc we'll reach out to you soon. 2/2 ^AP
AGENT: @492352 That's odd! The prime membership price on Amazon.in is INR 999 only. We'd like to look into the issue and help you out. 1/2 ^AP
CUSTOMER: @AmazonHelp Just now i came to know https://t.co/LrMLjwOloJ charged me 99$ even 105dollars for membership which i never ordered !!
CUSTOMER: @AmazonHelp As its a fradulent case as i talk with them and asked for refund my money !! As they process it which dey said will get in 5days
AGENT: @492352 We will reply you over DM. ^RW
CUSTOMER: @AmazonHelp Check Dm and email i already dropped to https://t.co/LrMLjwOloJ and amazon.in thanks for giving me inconvenience today for no reason",7,0.645,MEDIUM,2317696,@115850 @115821 cheated by amazon as they deducted INR 6454 from my credit card  without my consent for Amazon Prime membership. Need my refund. Kindly  help,@671940 I understand the discomfort you experienced with this situation. I'm sorry about it. Please call us here: https://t.co/vlvfJr4nN9 &amp; we'll get this sorted.^SF,"CUSTOMER: @115850 @115821 cheated by amazon as they deducted INR 6454 from my credit card  without my consent for Amazon Prime membership. Need my refund. Kindly  help
AGENT: @671940 I understand the discomfort you experienced with this situation. I'm sorry about it. Please call us here: https://t.co/vlvfJr4nN9 &amp; we'll get this sorted.^SF
CUSTOMER: @AmazonHelp Being trying to do the same since morning today, requested several times for call back as well. Your chat window is also showing network network issue. Is there any other source to connect.
AGENT: @671940 Apologies for the hassle. Please fill in the details: https://t.co/beaaDm0muc and I’ll contact you soon. ^JS",4,0.52,MEDIUM,2317696,@115850 @115821 cheated by amazon as they deducted INR 6454 from my credit card  without my consent for Amazon Prime membership. Need my refund. Kindly  help,@671940 I understand the discomfort you experienced with this situation. I'm sorry about it. Please call us here: https://t.co/vlvfJr4nN9 &amp; we'll get this sorted.^SF,"CUSTOMER: @115850 @115821 cheated by amazon as they deducted INR 6454 from my credit card  without my consent for Amazon Prime membership. Need my refund. Kindly  help
AGENT: @671940 I understand the discomfort you experienced with this situation. I'm sorry about it. Please call us here: https://t.co/vlvfJr4nN9 &amp; we'll get this sorted.^SF
CUSTOMER: @AmazonHelp Being trying to do the same since morning today, requested several times for call back as well. Your chat window is also showing network network issue. Is there any other source to connect.
AGENT: @671940 Apologies for the hassle. Please fill in the details: https://t.co/beaaDm0muc and I’ll contact you soon. ^JS",4,0.52,MEDIUM,283535,@115850 @AmazonHelp I have never performed this amazon prime member transaction .. Already complained in the customer service but no reply https://t.co/el9v6w9Jwq,@183546 We would like to help you. Please share your details with us here: https://t.co/GIJyeYqKE0. We'll get in touch shortly. ^CB,"CUSTOMER: @115850 @AmazonHelp I have never performed this amazon prime member transaction .. Already complained in the customer service but no reply https://t.co/el9v6w9Jwq
AGENT: @183546 Looks like this charge is from https://t.co/nUUp5MLhYl, one of our partner website who works independently. (1/2 ) ^CB
CUSTOMER: @AmazonHelp Whoever it is it's amazon only....do check pls becoz my credit card details were there in amazon.in account
AGENT: @183546 You can report this to their support team directly here: https://t.co/O1IhqmoJ8o (2/2) ^CB
CUSTOMER: @AmazonHelp @115821 pls see this issue and solve it as soon as possible....
CUSTOMER: @AmazonHelp Sir I have already reported but not getting any reply ...I request u to forward this and solve it as soon as possible @115821
AGENT: @183546 Rest assured our https://t.co/hSs9w8Xq15 team will revert to you. Do keep us posted. ^SG
CUSTOMER: @AmazonHelp Waiting for ur reply thanks
AGENT: @183546 As informed earlier request you to contact us using the link provided earlier.^VH
AGENT: @183546 Appreciate your understanding with us. We'll get in touch with shortly. ^RB
CUSTOMER: @AmazonHelp I have already informed to customer care centre 1 week before...still no reply from there @AmazonHelp
CUSTOMER: @AmazonHelp Pls return my money as soon as possible else I am going to lodge an FIR against amazon .... @115821 @AmazonHelp
CUSTOMER: @AmazonHelp U people misused my card
AGENT: @183546 As informed earlier, request you to contact us using the link provided earlier. We'll help. ^SC
CUSTOMER: @AmazonHelp I have already contacted yr....are u crazy or what....I got no reply from there that's y I came to twitter
AGENT: @183546 We would like to help you. Please share your details with us here: https://t.co/GIJyeYqKE0. We'll get in touch shortly. ^CB
AGENT: @183546 You may contact them via chat for immediate assistance. ^SG
CUSTOMER: @AmazonHelp Getting no reply still from them
AGENT: @183546 Kindly share the details as asked here: https://t.co/8pqLTA0qAh ^SG",19,0.835,HIGH,232208,Hi @AmazonHelp Credit card was debited of $99 without subscribing to Amazon Prime. Got a mail stating refund in 3-5 days. Till now nothing,"@171284 Hello, has the membership been canceled ? Have you been in touch with us directly over this mishap? ^CR","CUSTOMER: Hi @AmazonHelp Credit card was debited of $99 without subscribing to Amazon Prime. Got a mail stating refund in 3-5 days. Till now nothing
CUSTOMER: @AmazonHelp .@AmazonHelp its fraudulent that i was debited of $99 for a subscription i didn't initiate. Now after 10 days i still haven't seen a refund.
AGENT: @171284 Hello, has the membership been canceled ? Have you been in touch with us directly over this mishap? ^CR
CUSTOMER: @AmazonHelp Yes i have @AmazonHelp and even contacted the bank today. No money has been refunded yet.
AGENT: @171284 Did you receive a cancellation confirmation e-mail here: https://t.co/eSHXPjOsJZ If so, it should also confirm the refund. ^LB
CUSTOMER: @AmazonHelp If I had received a refund on my account as you have stated, I wouldn't be writing to complain would I? Nothing has been refunded!
AGENT: @171284 Did the cancellation confirmation e-mail mention a refund? ^LB
CUSTOMER: @AmazonHelp The email mentioned a refund within 3-5 business days and it came in on the 25/09/17 making today the 8th business day without a refund.
AGENT: @171284 Sorry to hear that, please contact us: https://t.co/hApLpMlfHN by chat to get a refund reference number to track the refund. ^JJ
CUSTOMER: @AmazonHelp Ok, I will do that",10,0.79,HIGH,0.31499999999999995,0.27,0.040585458278656006,False,True,True,False,False,False,False,False,True,1.0
40,1325479,YES,delivery,late,1268989,2940195,2686571,2686571,0.770932674407959,0.7852553129196167,0.7997109889984131,0.7997109889984131,0.79,0.835,0.52,0.52,1.0,1.0,1.0,1.0,1.0,0.5,0.0,0.0,HIGH,HIGH,MEDIUM,MEDIUM,@AmazonHelp how can i find out what company is delivering my package? Order late and i need it in 2 hrs.,@429294 You can check the carrier and tracking information here:  https://t.co/aaDyEz1VgE ^MW,"CUSTOMER: @AmazonHelp how can i find out what company is delivering my package? Order late and i need it in 2 hrs.
AGENT: @429294 You can check the carrier and tracking information here:  https://t.co/aaDyEz1VgE ^MW",2,0.52,MEDIUM,2686571,@AmazonHelp I was supposed to receive a package yesterday and it never arrived. Now it’s showing it was delivered at 11:30 pm last night but it was not. How do I find out where my package is?,"@314972 I'm sorry for the trouble with delivery, Stefanie. Have you tried the tips listed here to find your package: https://t.co/4CMJFjqdlx? Please let us know! We're here to help. ^TG","CUSTOMER: @AmazonHelp I was supposed to receive a package yesterday and it never arrived. Now it’s showing it was delivered at 11:30 pm last night but it was not. How do I find out where my package is?
AGENT: @314972 I'm sorry for the trouble with delivery, Stefanie. Have you tried the tips listed here to find your package: https://t.co/4CMJFjqdlx? Please let us know! We're here to help. ^TG
CUSTOMER: @AmazonHelp I have done all of those things. After 8:00 pm last night it said it was delayed and would be delivered 11/19-21 so I don’t understand why someone would mark it delivered at 11:30 pm when it obviously was not delivered.
AGENT: @314972 I certainly understand your frustration. In rare cases packages may say delivered up to 36 hours prior to arrival, please let us know if it doesn't arrive today as the tracking mentioned. ^VF",4,0.52,MEDIUM,2686571,@AmazonHelp I was supposed to receive a package yesterday and it never arrived. Now it’s showing it was delivered at 11:30 pm last night but it was not. How do I find out where my package is?,"@314972 I'm sorry for the trouble with delivery, Stefanie. Have you tried the tips listed here to find your package: https://t.co/4CMJFjqdlx? Please let us know! We're here to help. ^TG","CUSTOMER: @AmazonHelp I was supposed to receive a package yesterday and it never arrived. Now it’s showing it was delivered at 11:30 pm last night but it was not. How do I find out where my package is?
AGENT: @314972 I'm sorry for the trouble with delivery, Stefanie. Have you tried the tips listed here to find your package: https://t.co/4CMJFjqdlx? Please let us know! We're here to help. ^TG
CUSTOMER: @AmazonHelp I have done all of those things. After 8:00 pm last night it said it was delayed and would be delivered 11/19-21 so I don’t understand why someone would mark it delivered at 11:30 pm when it obviously was not delivered.
AGENT: @314972 I certainly understand your frustration. In rare cases packages may say delivered up to 36 hours prior to arrival, please let us know if it doesn't arrive today as the tracking mentioned. ^VF",4,0.52,MEDIUM,2940195,@AmazonHelp What do I do about a missing package that shows delivered? I've waited over 36 hours.,"@209175 I'm very sorry to hear you didn't receive your package, Dennis. We're unable to access your account details via Twitter. Please reach out to us here for further assistance: https://t.co/hApLpMlfHN ^RB","CUSTOMER: @AmazonHelp What do I do about a missing package that shows delivered? I've waited over 36 hours.
AGENT: @209175 I'm very sorry to hear you didn't receive your package, Dennis. We're unable to access your account details via Twitter. Please reach out to us here for further assistance: https://t.co/hApLpMlfHN ^RB
CUSTOMER: @AmazonHelp Thanks.",3,0.835,HIGH,1268989,"@AmazonHelp this is the first time I've ever had a delivery issue with Amazon, but my package is 2 days late. Can you assist?","@238185 Oh no, Joseph! Please reach out to us via phone or chat here: https://t.co/JzP7hlA23B so we may look into it together. ^KL","CUSTOMER: @AmazonHelp this is the first time I've ever had a delivery issue with Amazon, but my package is 2 days late. Can you assist?
AGENT: @238185 Oh no, Joseph! Please reach out to us via phone or chat here: https://t.co/JzP7hlA23B so we may look into it together. ^KL",2,0.79,HIGH,0.31499999999999995,0.27,0.014455676078796387,False,True,True,False,False,False,False,False,True,1.0
115,507114,YES,delivery,late,2925514,2622516,603166,2636867,0.8188565969467163,0.8055113554000854,0.8438193798065186,0.8464404344558716,0.82,0.88,0.43,0.58,1.0,1.0,1.0,0.0,1.0,0.0,1.0,1.0,HIGH,HIGH,LOW,MEDIUM,@115821 has delayed or lost my packages that I ordered last week 🤦🏽‍♀️,@236401 I'm sorry for the trouble with your orders! Have we been able to replace the orders which were lost? Has a new delivery date been provided for the delayed orders? ^SB,"CUSTOMER: @115821 has delayed or lost my packages that I ordered last week 🤦🏽‍♀️
AGENT: @236401 I'm sorry for the trouble with your orders! Have we been able to replace the orders which were lost? Has a new delivery date been provided for the delayed orders? ^SB
CUSTOMER: @AmazonHelp Yeah they have the replaced item is coming this weekend. &amp; the new delivery date is for the beginning of next week. Thanks for the good customer service",3,0.61,MEDIUM,2636867,"@115821 is becoming an inconvenience now. Orders always arriving late, and this latest order my package was lost. I paid for faster shipping and to be delivered by the 14th. My order has not came in yet and after contacting @AmazonHelp it looks like my is lost.",@744264 I understand where you're coming from and I'm sorry we let you down. Were we able to provide any options or information for you due to the loss of this package? We want to make sure you get taken care of! ^KJ,"CUSTOMER: @115821 is becoming an inconvenience now. Orders always arriving late, and this latest order my package was lost. I paid for faster shipping and to be delivered by the 14th. My order has not came in yet and after contacting @AmazonHelp it looks like my is lost.
AGENT: @744264 I'm so sorry about your recent issues with orders being late. With your order in question, have there been any updates on the tracking since it was due to be delivered? ^VF
CUSTOMER: @AmazonHelp This was the last update before I called amazon customer service today and that's when I found out it was lost.  I would of appreciated being notified of a lost or missing package instead of waiting for a package that was never coming. https://t.co/4lK4C9GKm3
AGENT: @744264 I understand where you're coming from and I'm sorry we let you down. Were we able to provide any options or information for you due to the loss of this package? We want to make sure you get taken care of! ^KJ
CUSTOMER: @AmazonHelp No, no information was provide on my package. Only option I got was to buy it again. But I paid for faster shipping to be here the 14th for a reason. Now I have to cancel my order and repurchase something I already purchased.
CUSTOMER: @AmazonHelp What's going to keep my package from being delayed or lost again this time? I don't see a reason to repurchase it and go through this headache again. I now expect my packages to come in late or lost now so I don't see a reason to repurchase and have more issues
AGENT: @744264 I can understand your concerns about this next delivery! We do hope that you give us another chance to make it up to you! Please let us know if there if you have any further questions! ^FR
CUSTOMER: @AmazonHelp This is the worst customer service I ever received I have been passed on to 5 different reps on the phone each giving me different information.  First was told my package was lost and I can reorder the same item and that amazon will over night ship it for me to have tomorrow
CUSTOMER: @AmazonHelp Now being told I can not over night and will be expecting my package by Tuesday or Wednesday. My original package was suppose to be here the 14th
CUSTOMER: @AmazonHelp I decided I wanted my refund instead now I am being told I won't see a refund for 1-2 weeks until they revive the package but how can they receive a package that's lost
CUSTOMER: @AmazonHelp Now all the sudden my package isn't lost and being sent back to them, but I was originally told they had no idea where it's at. This is unacceptable 1 out of 5 reps I talked to today has been helpful. All others game miss information and passed me off to the next person",11,0.58,MEDIUM,603166,"@115851, are you aware how bad the Amazon Logistics delivery service really is?  Late, lost packages, lying about delivery dates are all the norm.  Not at all like the rest of @115821.  I'll have to start shopping elsewhere if you can't fix them.  #amzl_us",@263277 I'm sorry for the poor experience with your deliveries! Are you having trouble with a current order? ^DG,"CUSTOMER: @115851, are you aware how bad the Amazon Logistics delivery service really is?  Late, lost packages, lying about delivery dates are all the norm.  Not at all like the rest of @115821.  I'll have to start shopping elsewhere if you can't fix them.  #amzl_us
AGENT: @263277 I'm sorry for the poor experience with your deliveries! Are you having trouble with a current order? ^DG",2,0.43,LOW,2622516,@115821 @AmazonHelp my partner recently ordered something from amazon and was meant to arrive yesterday waited in all day yesterday and again today still no package..,@146134 Could you please provide me the estimated delivery date provided? ^SC,"CUSTOMER: @115821 @AmazonHelp my partner recently ordered something from amazon and was meant to arrive yesterday waited in all day yesterday and again today still no package..
AGENT: @146134 I am sorry to hear the package has not arrived. Typically, late deliveries arrive the following business day. What does the latest tracking information say:  https://t.co/aaDyEz1VgE ^SC
CUSTOMER: @AmazonHelp It's been saying since yesterday its on its way with the date etc.
AGENT: @146134 Could you please provide me the estimated delivery date provided? ^SC
CUSTOMER: @AmazonHelp Thursday the 16th
AGENT: @146134 Thank you for letting us know, Ian. Have you been able to contact us via phone or chat about this order? https://t.co/JzP7hlA23B. ^AL
CUSTOMER: @AmazonHelp Nope not yet but I will be doing it very soon thank you for your help with this and very much appreciated..",7,0.88,HIGH,2925514,"So I’ve realized that @115821 doesn’t really care about their customers. I’ve had a two week late delivery, a lost package(shipped by Amazon) and now a guaranteed 1 day delivery that has been changed to no delivery date. All this in the span of a couple weeks with little help.",@809467 I understand the disappointment this has caused. Unforeseen circumstances may cause delays. If it doesn't arrive by the estimated delivery date please let us know. We want to ensure it is received. ^EB,"CUSTOMER: So I’ve realized that @115821 doesn’t really care about their customers. I’ve had a two week late delivery, a lost package(shipped by Amazon) and now a guaranteed 1 day delivery that has been changed to no delivery date. All this in the span of a couple weeks with little help.
AGENT: @809467 I'm really sorry that you have had this experience, Brian! Have you already contacted Customer Service about your most recent order? If so, did they offer any input or information? ^TL
CUSTOMER: @AmazonHelp I’ve just gotten another of the same messages as the last time I tried 1 day shipping. It just has an estimated date span. This one says the 28th - 30th. I’ve never had a successful 1 day shipping experience.
AGENT: @809467 I understand the disappointment this has caused. Unforeseen circumstances may cause delays. If it doesn't arrive by the estimated delivery date please let us know. We want to ensure it is received. ^EB
CUSTOMER: @AmazonHelp Thank you for proving my original point. I guess paying yearly for a prime membership and a guarantee mean nothing to Amazon. Have a great day! 👍🏼 (directed at company and not at worker reading this 😉)",5,0.82,HIGH,0.30000000000000004,0.24,0.04092907905578613,True,True,True,False,False,False,False,False,True,1.0
84,2855169,YES,refund,damaged,174506,2906727,459904,446134,0.6116827726364136,0.5937944650650024,0.6091515421867371,0.6239091753959656,0.79,0.88,0.79,0.67,0.5,0.0,1.0,0.0,1.0,1.0,0.0,0.0,HIGH,HIGH,HIGH,MEDIUM,Black Friday highspots and @115821 screwed me again on packaging but what do you get #ProWrestling #4Horsemen #oleAnderson #ArnAnderson #TullyBlanchard #BrianPillman #RicFlair #Mankind #BlackFriday #HighSpots #FUAmazon https://t.co/QY77ywxOV2,"@793641 We'd like a chance to take a look at this with you. When you have the time, please reach out to us via phone or chat here: https://t.co/hApLpMlfHN ^KP","CUSTOMER: Black Friday highspots and @115821 screwed me again on packaging but what do you get #ProWrestling #4Horsemen #oleAnderson #ArnAnderson #TullyBlanchard #BrianPillman #RicFlair #Mankind #BlackFriday #HighSpots #FUAmazon https://t.co/QY77ywxOV2
AGENT: @793641 I'm sorry for the issue with the items you've ordered. Did they arrived undamaged? ^DO
CUSTOMER: @AmazonHelp  https://t.co/iFi2qjjOos
AGENT: @793641 I apologize for the inconvenience! In some cases, replacements may not be available so returning for a refund would be the best option. Please also be sure to leave package feedback here: https://t.co/8IBgtlyXLo ^CS
CUSTOMER: @AmazonHelp All feedback I’ve left on damaged good couldn’t be posted for some reason, but all positive feedback I’ve left in the past could, I’m basically getting ripped off after being assured it wouldn’t happen again
AGENT: @793641 We'd like a chance to take a look at this with you. When you have the time, please reach out to us via phone or chat here: https://t.co/hApLpMlfHN ^KP
CUSTOMER: @AmazonHelp Just got done chatting with someone all they wanted was for me to return the stuff and they refund it, not good enough to me especially since his is the 3rd it’s happend",7,0.715,MEDIUM,446134,"@AmazonHelp , please any advice? I'd like to get my stuff and not have another mishap https://t.co/Z4hx63VWMx",@220663 I'm sorry to hear that your package was not delivered! We don't have access to your account via Twitter so please reach out to us here https://t.co/JzP7hlA23B so we can best help.,"CUSTOMER: @AmazonHelp , please any advice? I'd like to get my stuff and not have another mishap https://t.co/Z4hx63VWMx
AGENT: @220663 I'm sorry to hear that your package was not delivered! We don't have access to your account via Twitter so please reach out to us here https://t.co/JzP7hlA23B so we can best help.
^AV",2,0.67,MEDIUM,459904,@115821 Got a package that was open and no merchandise inside. Your site says to get a refund I need to send the item back. I hope someone can help because otherwise this holiday season is starting off crappy. #icantsendbackwhatididntget,"@224285 With this refund, you would need to contact us directly so we can assist you further. You can contact us here: https://t.co/hApLpMlfHN ^BT","CUSTOMER: @115821 Got a package that was open and no merchandise inside. Your site says to get a refund I need to send the item back. I hope someone can help because otherwise this holiday season is starting off crappy. #icantsendbackwhatididntget
AGENT: @224285 With this refund, you would need to contact us directly so we can assist you further. You can contact us here: https://t.co/hApLpMlfHN ^BT",2,0.79,HIGH,2906727,@115830 would appreciate a response to my two emails requesting replacement products in place of the extremely damaged box + contents delivered to me last week .. might have to reconsider Christmas orders .... from now on #shoddy #embarrassing #letdown,"@804883 I'm sorry if you haven't received a response to your e-mail yet! If your order was sold by Amazon, return/replacement options can be found here: https://t.co/HW5MOg1vAy. For immediate assistance, we're also available by phone or chat here: https://t.co/YfNSB2QTVg ^MB","CUSTOMER: @115830 would appreciate a response to my two emails requesting replacement products in place of the extremely damaged box + contents delivered to me last week .. might have to reconsider Christmas orders .... from now on #shoddy #embarrassing #letdown
AGENT: @804883 I'm sorry if you haven't received a response to your e-mail yet! If your order was sold by Amazon, return/replacement options can be found here: https://t.co/HW5MOg1vAy. For immediate assistance, we're also available by phone or chat here: https://t.co/YfNSB2QTVg ^MB",2,0.88,HIGH,174506,Waited in all day for my stuff from @117795 first order not complete - 2nd order returned to depot because damaged ...... 23 items? WTF - NOW is a big fail - get from @117093 or @115830 - #PRIMENOW USE PEOPLE with cars who have no idea what they are doing.. https://t.co/gjSpzCOcYa,"@156911 Thank you for taking the time to let us know about the frustrating experience you've had with us, I'm glad to hear you've already reached out directly to have these problematic deliveries addressed. ^JO","CUSTOMER: Waited in all day for my stuff from @117795 first order not complete - 2nd order returned to depot because damaged ...... 23 items? WTF - NOW is a big fail - get from @117093 or @115830 - #PRIMENOW USE PEOPLE with cars who have no idea what they are doing.. https://t.co/gjSpzCOcYa
AGENT: @156911 I'm sorry for the trouble with your orders! When you have a moment, please reach out to us directly so we can document your feedback and look into this further: https://t.co/dpFUH4RXfa ^LR
CUSTOMER: @AmazonHelp I've sent lots of emails and I called ... it should be documented
AGENT: @156911 Thank you for taking the time to let us know about the frustrating experience you've had with us, I'm glad to hear you've already reached out directly to have these problematic deliveries addressed. ^JO",4,0.79,HIGH,0.20999999999999996,0.12,0.030114710330963135,True,True,True,False,False,False,False,False,True,1.0
67,1264452,YES,refund,refund,2692705,1094260,180933,180933,0.7691736817359924,0.7744156122207642,0.7888470888137817,0.7888470888137817,0.865,0.865,0.7,0.7,1.0,0.0,1.0,1.0,1.0,0.0,1.0,1.0,HIGH,HIGH,MEDIUM,MEDIUM,"@115830 bought an item and tracking shows it as delivered, except it wasn’t. How can I get a refund?",@416101 Have you contacted the seller?  ^VL,"CUSTOMER: @115830 bought an item and tracking shows it as delivered, except it wasn’t. How can I get a refund?
AGENT: @416101 Hi, I do apologize for the trouble. Was the order sold directly by us or it was from a third party seller ? ^MB
CUSTOMER: @AmazonHelp It was a third party seller
AGENT: @416101 Have you contacted the seller?  ^VL
CUSTOMER: @AmazonHelp Not yet, the problem is tracking shows as delivered, but it wasn’t. Should I contact the seller or courrier?
AGENT: @416101 Yes, contacting the seller would be the first step. You can find out more info on how to here: https://t.co/RMrvEiqfaB ^CM",6,0.52,MEDIUM,180933,@AmazonHelp My order says delivered but hasn’t arrived.  How do I get a refund?,"@158501 Hey, get in touch with us here: https://t.co/JzP7hlA23B  so we can help you out. ^KM","CUSTOMER: @AmazonHelp My order says delivered but hasn’t arrived.  How do I get a refund?
AGENT: @158501 Hey, get in touch with us here: https://t.co/JzP7hlA23B  so we can help you out. ^KM",2,0.7,MEDIUM,180933,@AmazonHelp My order says delivered but hasn’t arrived.  How do I get a refund?,"@158501 Hey, get in touch with us here: https://t.co/JzP7hlA23B  so we can help you out. ^KM","CUSTOMER: @AmazonHelp My order says delivered but hasn’t arrived.  How do I get a refund?
AGENT: @158501 Hey, get in touch with us here: https://t.co/JzP7hlA23B  so we can help you out. ^KM",2,0.7,MEDIUM,1094260,"@AmazonHelp pls check, my order # 404-5726716-4364338 not received by myself but your tracking status showing delivered. HOW? Contact imdtly",@158923 I'm sorry the tracking for the order has been updated as delivered even though you haven't received the package. This 1/n ^SH,"CUSTOMER: @AmazonHelp pls check, my order # 404-5726716-4364338 not received by myself but your tracking status showing delivered. HOW? Contact imdtly
CUSTOMER: @AmazonHelp Much more, your tracking status showing ""delivery receipt was signed by Myself "" HOW? Pls contact imdtly @115850
AGENT: @158923 I'm sorry the tracking for the order has been updated as delivered even though you haven't received the package. This 1/n ^SH
AGENT: @158923 could be due to incorrect tracking scan update. Please connect with us here: https://t.co/2JT6ijUOOb and we'll 2/n
AGENT: @158923 be happy to help. Please don’t provide your details as we consider them to be personal information. Our page is public. 3/3 ^SH
AGENT: @158923 Please don't provide your order details, we consider it to be personal information. Our page is visible to the public.(2/2) ^VH
AGENT: @158923 I understand your concern. Please contact us here: https://t.co/rS49hgaADF so that we can assist you accordingly. (1/2) ^VH
CUSTOMER: @AmazonHelp Pls check Tracking # 237272538393 make sure d delivery by 24hrs..It's 2nd time 'am facing prob &amp; the last time too to say ""bye"" #AmazonIndia
AGENT: @158923 We'll not be able to view your details via twitter. Kindly reach out to our support team via the above link for help. ^MM
AGENT: @158923 Please don't provide your order details, as we consider it to be personal information. Our Twitter page is public.​ ^MM
CUSTOMER: @AmazonHelp Where the link is ?
AGENT: @158923 Here you go: https://t.co/2t6DQoUmNZ ^RW",12,0.865,HIGH,2692705,"@AmazonHelp sent an item back nearly two months ago, still haven’t received a refund even though I had a notification saying you received the item back. What should I do?","@756889 I'm sorry you haven't received your refund. We don't have access to your account via Twitter, but we'd like to help! Please reach out to us here: https://t.co/hApLpMlfHN ^ZW","CUSTOMER: @AmazonHelp sent an item back nearly two months ago, still haven’t received a refund even though I had a notification saying you received the item back. What should I do?
AGENT: @756889 I'm sorry you haven't received your refund. We don't have access to your account via Twitter, but we'd like to help! Please reach out to us here: https://t.co/hApLpMlfHN ^ZW
CUSTOMER: @AmazonHelp Sent you a dm
AGENT: @756889 I've responded. You're welcome to continue on the thread that works best for you! ^CS",4,0.865,HIGH,0.16500000000000004,0.16500000000000004,0.014431476593017578,False,True,True,False,False,False,False,False,True,1.0
145,915403,YES,payment,cancelled,829521,423978,845755,845755,0.7239163517951965,0.7581662535667419,0.7723482847213745,0.7723482847213745,0.91,0.91,0.745,0.745,0.5,0.5,0.5,0.5,1.0,0.0,1.0,1.0,HIGH,HIGH,MEDIUM,MEDIUM,Is it actually possible to contact someone at @115830 to follow up a botched order? #amazon #online #CustomerService,"@337355 Hi, that's not an Amazon handle. We don't ask for any personal info via Tweet/DM. Have you been contacted by this handle? ^TS","CUSTOMER: Is it actually possible to contact someone at @115830 to follow up a botched order? #amazon #online #CustomerService
AGENT: @337355 Hi Neil. Without giving account or personal details, can you explain what's wrong? ^RL
CUSTOMER: @AmazonHelp Hi
Incomplete order. 1 item instead of 3. Someone from Amazon help has now contacted me. Thank you 😊
AGENT: @337355 Hi, thanks for the update! We're pleased to hear this is now being taken care of for you. ^TS
CUSTOMER: @AmazonHelp Thanks. Much appreciated 👍
AGENT: @337355 Enjoy the weekend! ^BM
CUSTOMER: @AmazonHelp The person dealing with this is from https://t.co/3afNyodImy is this correct?
AGENT: @337355 Hi, that's not an Amazon handle. We don't ask for any personal info via Tweet/DM. Have you been contacted by this handle? ^TS
CUSTOMER: @AmazonHelp Yes I have. I'm now contacting my bank to cancel my card.
AGENT: @337355 Hi Neil, you may wish to reset your password also: https://t.co/iJjtP9M7Ci The handle has now been reported. ^TS",10,0.675,MEDIUM,845755,@115830 @AmazonHelp well done for yet another cancelled order. Your customer service is shocking.,"@321028 I'm sorry for the trouble, Ben! We'd like to help. Have you received any e-mails with a reason for the cancellation? ^BL","CUSTOMER: @115830 @AmazonHelp well done for yet another cancelled order. Your customer service is shocking.
AGENT: @321028 I'm sorry for the trouble, Ben! We'd like to help. Have you received any e-mails with a reason for the cancellation? ^BL
CUSTOMER: @AmazonHelp Yeah. Lol. You guys.
CUSTOMER: @AmazonHelp Read the shitstorm of tweets between me and you guys over the last 24 hours.
AGENT: @321028 We'd like another chance to look into this. Please contact us via phone or chat here: https://t.co/qy3J24VGxb ^SJ
CUSTOMER: @AmazonHelp I showed you ridiculous amounts of evidence to say that Fire Emblem Warriors was out today; and I've been told point blank by a supervisor in your call center I'm wrong. It's only the standard 3ds and switch limited edition released today.
I cancelled my order and walked to get 1 https://t.co/Osqcg8nIrZ
CUSTOMER: @AmazonHelp I sent screenshots from the official @146184 website advising you it was correct; and I was still told I was wrong! That's why I cancelled my order! https://t.co/sZihy7tFLv
CUSTOMER: @AmazonHelp Honestly what's the point? I spent 45 minutes on the phone to your call centre today already! Why call them back?",8,0.745,MEDIUM,845755,@115830 @AmazonHelp well done for yet another cancelled order. Your customer service is shocking.,"@321028 I'm sorry for the trouble, Ben! We'd like to help. Have you received any e-mails with a reason for the cancellation? ^BL","CUSTOMER: @115830 @AmazonHelp well done for yet another cancelled order. Your customer service is shocking.
AGENT: @321028 I'm sorry for the trouble, Ben! We'd like to help. Have you received any e-mails with a reason for the cancellation? ^BL
CUSTOMER: @AmazonHelp Yeah. Lol. You guys.
CUSTOMER: @AmazonHelp Read the shitstorm of tweets between me and you guys over the last 24 hours.
AGENT: @321028 We'd like another chance to look into this. Please contact us via phone or chat here: https://t.co/qy3J24VGxb ^SJ
CUSTOMER: @AmazonHelp I showed you ridiculous amounts of evidence to say that Fire Emblem Warriors was out today; and I've been told point blank by a supervisor in your call center I'm wrong. It's only the standard 3ds and switch limited edition released today.
I cancelled my order and walked to get 1 https://t.co/Osqcg8nIrZ
CUSTOMER: @AmazonHelp I sent screenshots from the official @146184 website advising you it was correct; and I was still told I was wrong! That's why I cancelled my order! https://t.co/sZihy7tFLv
CUSTOMER: @AmazonHelp Honestly what's the point? I spent 45 minutes on the phone to your call centre today already! Why call them back?",8,0.745,MEDIUM,423978,"@115830 getting incredibly annoyed trying to find a way to contact you about chasing an order from Amazon EU S.a.r.L, Sort me out please?",@215932 you can click on the link I sent you :) ^AS,"CUSTOMER: @115830 getting incredibly annoyed trying to find a way to contact you about chasing an order from Amazon EU S.a.r.L, Sort me out please?
AGENT: @215932 I'm sorry to hear that. W/out giving any order/account specific details, can you let us know what happened please? ^KM
CUSTOMER: @AmazonHelp I can't find a way to enquire about this order. I ordered on the 14th of Sept and today is the final delivery date so I want to chase it
AGENT: @215932 Hi, sorry to hear that ,contact us here;  https://t.co/JzP7hlA23B we can help ^AS
CUSTOMER: @AmazonHelp Where is that on the website?
AGENT: @215932 you can click on the link I sent you :) ^AS
CUSTOMER: @AmazonHelp I have and am on chat with someone but that wasn't the point!",7,0.91,HIGH,829521,@115821 @AmazonHelp u guys are totally wasting my time again my order has been cancelled without my fault.say sorry n comeout the situation.,"@206022 As mentioned earlier, once an order is cancelled it cannot be reinstated. Kindly place a new order for the same (1/2) ^VM","CUSTOMER: @115821 @AmazonHelp u guys are totally wasting my time again my order has been cancelled without my fault.say sorry n comeout the situation.
AGENT: @206022 I'm sorry to know the order has been canceled. When an order is canceled we'll email mentioning the 1/2 ^SH
AGENT: @206022 reason for cancellation. Request you to check the same. 2/2 ^SH
CUSTOMER: @AmazonHelp Reson would be solution or what. Tell me that when will i get my phone
AGENT: @206022 As mentioned earlier, once an order is cancelled it cannot be reinstated. Kindly place a new order for the same (1/2) ^VM
AGENT: @206022 and we'll make sure you face no issue with the delivery. (2/2) ^VM
CUSTOMER: @AmazonHelp The same last time you told thats why i placed my order again
AGENT: @206022 I know this has been a disappointing experience for you, I've forwarded this to the concerned team. ^RD
CUSTOMER: @AmazonHelp When will i get solution
AGENT: @206022 Kindly place a new order, we'll ensure smooth delivery.
AGENT: @206022 Kindly place a new order, we'll ensure smooth delivery. (2/2) ^ST
AGENT: @206022 I understand your concern. As informed earlier, we've forwarded your feedback internally. (1/2) ^ST
CUSTOMER: @AmazonHelp Why my call services has been bloked by uh guys??
AGENT: @206022 Please reach out to us from the link above via email or chat service and we will assist you accordingly. ^HR
CUSTOMER: @AmazonHelp Again my order has been canlled how can we trust on amazon
AGENT: @206022 I'm sorry about the situation. We'd like to investigate, kindly connect with us here: https://t.co/vlvfJr4nN9 ^SG",16,0.91,HIGH,0.16500000000000004,0.16500000000000004,0.014182031154632568,False,True,True,False,False,False,False,False,True,1.0
144,1701059,YES,return,late,315217,382812,315217,377042,0.722589373588562,0.7538567185401917,0.722589373588562,0.7707502245903015,0.745,0.835,0.745,0.7,1.0,0.0,1.0,0.0,0.0,0.0,0.0,0.0,MEDIUM,HIGH,MEDIUM,MEDIUM,"@AmazonHelp 3rd order in 2 weeks that didn't meet the ""guaranteed"" prime delivery date. Why bother making promises you don't keep?",@515796 What info/options have been provided when you've contacted in about this issue? ^AR,"CUSTOMER: @AmazonHelp 3rd order in 2 weeks that didn't meet the ""guaranteed"" prime delivery date. Why bother making promises you don't keep?
AGENT: @515796 I'm sorry! Is this a trend with a certain carrier? Please check under tracking: https://t.co/Y5jpI9gRhE ^WT
CUSTOMER: @AmazonHelp No, it's a trend with Amazon not meeting its guaranteed shipping promises. AMZN doesn't turn over merch to delivery company in time.
CUSTOMER: @AmazonHelp I.e. Heater that was supposed to be delivered today, not given to UPS until this morning.
AGENT: @515796 What info/options have been provided when you've contacted in about this issue? ^AR
CUSTOMER: @AmazonHelp The standard copy/paste answer, sorry, but sometimes shipping isn't updated, give it a few days &amp; then contact us again if the package doesn't show up blah blah blah.  However, I did contact AMZN again &amp; now am returning it for being late, so it's resolved. Thank you though.",6,0.82,HIGH,377042,@AmazonHelp Multiple Prime shipments have missed their “guaranteed” delivery date this week. What gives?,"@205460 Hey, get in touch with us here: https://t.co/hApLpMlfHN so we can check this for you ^KM","CUSTOMER: @AmazonHelp Multiple Prime shipments have missed their “guaranteed” delivery date this week. What gives?
AGENT: @205460 I'm sorry for the trouble! Can you confirm if there seems to be a common carrier: https://t.co/Y5jpI9gRhE? ^ST
CUSTOMER: @AmazonHelp One that didn’t arrive yesterday was AMZL. Last week two identical items same order, both UPS, one arrived on time the other 4 days later.
AGENT: @205460 Hey, get in touch with us here: https://t.co/hApLpMlfHN so we can check this for you ^KM",4,0.7,MEDIUM,315217,@AmazonHelp they have now missed two promised dates. next they normally say they tried to deliver to an obvious business address out of hours &amp; return.,@191262 Do you have a current order issue that we could try to help out with? ^WJ,"CUSTOMER: @AmazonHelp they have now missed two promised dates. next they normally say they tried to deliver to an obvious business address out of hours &amp; return.
AGENT: @191262 Can you contact us here: https://t.co/JzP7hlA23B? ^MC
CUSTOMER: @AmazonHelp I have! At least a dozen times in the last few months - just excuses nothing done. another missing order yesterday (of about 10 now)
AGENT: @191262 I'm sorry Ned. What is the current status of that order on the tracking? ^AT
CUSTOMER: @AmazonHelp ""On the way back - We’re sorry. Unfortunately your parcel was undeliverable"" can you DM me from now on?
AGENT: @191262 Hi Ned- If it suits better please feel free to DM us, we ask you don't provide any personal info. Thank you. ^NV
CUSTOMER: @115830 at the moment 50% of my prime deliveries don't arrive on time. not really a ""guarantee"" worth the name is it...?
AGENT: @191262 Sorry to hear that. Have you been in contact with our CS team so we can look into this for you? ^RS
CUSTOMER: @AmazonHelp of course - every time, but it doesn't  make a difference. I had to give print outs of birthday presents because they hadn't turned up!
AGENT: @191262 Apologies - does the issue seem to be with the dispatch, or a particular carrier ?  ^TD
CUSTOMER: @AmazonHelp it's mainly 'amazon fulfilled"" items - but I've had books go missing that you sell directly .
AGENT: @191262 Hi. My apologies for this. What were you advised when you spoke to us? ^DC
CUSTOMER: @AmazonHelp they were very nice, but had no fixes or advice just excuses.
AGENT: @191262 Do you have a current order issue that we could try to help out with? ^WJ",14,0.745,MEDIUM,382812,@AmazonHelp so I have amazon prime and my order was on guaranteed next day delivery well it isn’t here? I needed that order yesterday.,"@146819 Hi, sorry to hear that! What's your parcel status shown as here: https://t.co/BQmcNXViiI Has the carrier updated tracking? ^TS","CUSTOMER: @AmazonHelp so I have amazon prime and my order was on guaranteed next day delivery well it isn’t here? I needed that order yesterday.
AGENT: @146819 Hi, sorry to hear that! What's your parcel status shown as here: https://t.co/BQmcNXViiI Has the carrier updated tracking? ^TS
CUSTOMER: @AmazonHelp Arriving today by I’m not being funny I was guaranteed next day delievery so what’s what I should get?
AGENT: @146819 Please get in touch with us here: https://t.co/JzP7hlA23B and we'll look into this for you. ^RL
CUSTOMER: @AmazonHelp My package still hasn’t arrived. This is now past a joke. Next day delivery? I’m going away and needed my parcel today. Not impressed at all
AGENT: @146819 Deliveries occur until 21:00. Please keep us updated! ^AB
CUSTOMER: @AmazonHelp Does that include Royal Mail?!
AGENT: @146819 That's correct. Keep us posted! ^AB
CUSTOMER: @AmazonHelp Okay. Thank you.
AGENT: @146819 You're welcome. We're here to help out. ^AB
CUSTOMER: @AmazonHelp Well it still hasn’t arrived🤦🏼‍♀️
AGENT: @146819 Thanks for the update. Please contact us here so we can look into this: https://t.co/qy3J24VGxb ^GG",12,0.835,HIGH,315217,@AmazonHelp they have now missed two promised dates. next they normally say they tried to deliver to an obvious business address out of hours &amp; return.,@191262 Do you have a current order issue that we could try to help out with? ^WJ,"CUSTOMER: @AmazonHelp they have now missed two promised dates. next they normally say they tried to deliver to an obvious business address out of hours &amp; return.
AGENT: @191262 Can you contact us here: https://t.co/JzP7hlA23B? ^MC
CUSTOMER: @AmazonHelp I have! At least a dozen times in the last few months - just excuses nothing done. another missing order yesterday (of about 10 now)
AGENT: @191262 I'm sorry Ned. What is the current status of that order on the tracking? ^AT
CUSTOMER: @AmazonHelp ""On the way back - We’re sorry. Unfortunately your parcel was undeliverable"" can you DM me from now on?
AGENT: @191262 Hi Ned- If it suits better please feel free to DM us, we ask you don't provide any personal info. Thank you. ^NV
CUSTOMER: @115830 at the moment 50% of my prime deliveries don't arrive on time. not really a ""guarantee"" worth the name is it...?
AGENT: @191262 Sorry to hear that. Have you been in contact with our CS team so we can look into this for you? ^RS
CUSTOMER: @AmazonHelp of course - every time, but it doesn't  make a difference. I had to give print outs of birthday presents because they hadn't turned up!
AGENT: @191262 Apologies - does the issue seem to be with the dispatch, or a particular carrier ?  ^TD
CUSTOMER: @AmazonHelp it's mainly 'amazon fulfilled"" items - but I've had books go missing that you sell directly .
AGENT: @191262 Hi. My apologies for this. What were you advised when you spoke to us? ^DC
CUSTOMER: @AmazonHelp they were very nice, but had no fixes or advice just excuses.
AGENT: @191262 Do you have a current order issue that we could try to help out with? ^WJ",14,0.745,MEDIUM,0.135,0.04500000000000004,0.016893506050109863,True,True,True,False,False,False,False,False,True,1.0
177,183557,YES,delivery,unknown,326348,425085,1346660,1346660,0.7901963591575623,0.7796207666397095,0.793806791305542,0.793806791305542,0.91,1.0,0.88,0.88,1.0,0.0,1.0,1.0,0.0,0.0,0.0,0.0,HIGH,HIGH,HIGH,HIGH,"@115850 Dear amazon my item has been delivered to somewhere else, instead of delivering it to me. No response.",@159167 Sorry for the trouble Ravi. Kindly report this to our support team here: https://t.co/vlvfJr4nN9 and we'll check this. ^HN,"CUSTOMER: @115850 Dear amazon my item has been delivered to somewhere else, instead of delivering it to me. No response.
#HateAmazon #BadService https://t.co/qaKFHeybtJ
AGENT: @159167 Sorry for the trouble Ravi. Kindly report this to our support team here: https://t.co/vlvfJr4nN9 and we'll check this. ^HN
CUSTOMER: @AmazonHelp Thanks Amazon, I received now without my signature on receiving receipt.",3,0.58,MEDIUM,1346660,@115850 Just got a message saying my order was delivered and I haven't received it!,@434030 Apologies. Please contact us here: https://t.co/rS49hgaADF. We'll look into it.  ^PJ,"CUSTOMER: @115850 Just got a message saying my order was delivered and I haven't received it! 
Checked with my neighbours as well.
AGENT: @434030 Apologies. Please contact us here: https://t.co/rS49hgaADF. We'll look into it.  ^PJ
CUSTOMER: @AmazonHelp Done :)",3,0.88,HIGH,1346660,@115850 Just got a message saying my order was delivered and I haven't received it!,@434030 Apologies. Please contact us here: https://t.co/rS49hgaADF. We'll look into it.  ^PJ,"CUSTOMER: @115850 Just got a message saying my order was delivered and I haven't received it! 
Checked with my neighbours as well.
AGENT: @434030 Apologies. Please contact us here: https://t.co/rS49hgaADF. We'll look into it.  ^PJ
CUSTOMER: @AmazonHelp Done :)",3,0.88,HIGH,425085,@115850 I have never received this order. Never signed. How come this was delivered to the customer directly? This is fraud...I need my money back. https://t.co/peDYXktzGX,"@134321 I understand waiting could be tiresome. We've received your reply to our email correspondence and we're working on it. Please allow us some time, we will get back to you at the earliest. ^SC","CUSTOMER: @115850 I have never received this order. Never signed. How come this was delivered to the customer directly? This is fraud...I need my money back. https://t.co/peDYXktzGX
AGENT: @134321 We would like to help you. Please share your details with us here: https://t.co/GIJyeYqKE0. We'll get in touch shortly.
Please don't provide your order details as we consider it personal information. Our twitter page is visible to public.^CB
CUSTOMER: @AmazonHelp Sent. Kindly resolve this on immediate basis.
AGENT: @134321 Thanks a bunch for dropping your details. We shall do our part and reach out at the earliest. ^CB
CUSTOMER: @AmazonHelp What is the status on this?
AGENT: @134321 We've emailed a correspondence to you. Kindly check it here: https://t.co/sC1mf2vwg9 and reply to it for further assistance. ^SF
CUSTOMER: @AmazonHelp How much time do you people need. Be specific else return my money. Keep solving whatever the problem is. I need my money back. Why should I pay when the order was not delivered to me?
AGENT: @134321 Apologies for the stretch. Please reply to our correspondence received from the link provided earlier and we will get in touch with you shortly. ^BS
CUSTOMER: @AmazonHelp How do you want me to share my problems here?? Give my money back. I am warning you guys I will take you guys to court. https://t.co/25EJe2kvUW
CUSTOMER: @AmazonHelp Samajh nahi aata Kya? 100 baar Bata diya ki mujhe Mera order nahi Mila Hai. Mere paise vapas do. Kya hafto se taalmatol kar rahe ho. Pagal smjha hua hai. Yehi kaam reh Gaya h Kya hamara. Logo ka Paisa maarte ho.
AGENT: @134321 Kindly reply to the email you've received and we'll check for an update. ^NR
CUSTOMER: @AmazonHelp I have done that. R you guys this stupid that I have to specify my issue here and there every single time. 
Refund my money. Do whatever investigations you have to after. Why should I pay when I haven't got my order. It's your fault and not mine.
AGENT: @134321 I get your disappointment, Vasu. If you've responded to the correspondence, our team will get back to you with an update soon. Request you wait. ^NK
CUSTOMER: @AmazonHelp No you people don't. It is my money that is at stake not yours and if you guys would have even a little bit of shame you would have refunded my money. I am sure it is that stupid delivery boy who kept my order to claim delivery since I asked for a re-delivery
AGENT: @134321 I understand you're upset, Vasu. Please do not worry. We'll ensure to close your concern at the earliest. ^MK
CUSTOMER: @AmazonHelp Arey, do whatever you people want to. Call CBI for investigation. I don't care. Give me my money back. When I have not got the order why is my money at stake?
AGENT: @134321 I get your disappointment. Allow us some time while we are working on this. We will get back to you with an update shortly. Appreciate your understanding. ^SD
CUSTOMER: @AmazonHelp As if I am left to do anything but trust me on this. Save this tweet or whatever, I am going to drag you guys to court in case I don't get my money back. You have my word.
AGENT: @134321 I get you being upset. As informed earlier, we are working on your concern and will resolve it for you at the earliest. Kindly wait. ^SD
CUSTOMER: @AmazonHelp Be specific. What does at the earliest mean? Give me a date and time.
AGENT: @134321 A correspondence will be sent to your email within 12 hours post filling the details using the secured link. Appreciate your patience. ^SD
CUSTOMER: @AmazonHelp Let's see.
AGENT: @134321 Thanks for your support. We are working on your concern and will get back to you shortly. Please keep an eye on your emails. ^SD
CUSTOMER: @AmazonHelp I am still waiting on this. Do you have any value for your customers and their hard earned money or you people only know how to do fraud?
AGENT: @134321 We're working to resolve this at the earliest for you. Further, you can reply to our correspondence here: https://t.co/8DAc10S7ww. We'll check and reach out to you accordingly. ^VN
CUSTOMER: @AmazonHelp Hahaha...lol how much you people need? One month? Be specific?
AGENT: @134321 Apologies for the delay. If you have replied to the email from our team, you should have received the correspondence here: https://t.co/8DAc10S7ww. ^BS
CUSTOMER: @AmazonHelp Tell me clearly. Is issue ko solve karne bhi vaale ho ya ye plan bnaya hua Hai ki baar baar yehi reply Dena ki we are working on it.
AGENT: @134321 I realize this is taking longer than expected. Kindly reply to the email sent by our team and we'll respond to it with an update on your concern. ^MO
CUSTOMER: @AmazonHelp Abey pagal ho ka? Hafte bhar se raag alapa hua Hai ki we are working on it. Amma kasam se bhikhari ho be. Paise chahiye the to maang lete chori chakari pe aa Gaye tum log. Shame!!
CUSTOMER: @AmazonHelp Got an email with same nonsense that we have escalated. Kindly wait. Tell me what investigations have you made. What have you found out? Give me an update.
AGENT: @134321 I understand waiting could be tiresome. We've received your reply to our email correspondence and we're working on it. Please allow us some time, we will get back to you at the earliest. ^SC
CUSTOMER: @AmazonHelp Yes you are working on it. I am asking what is all that you are working? 
What steps are you taking? That is all I am asking .
AGENT: @134321 Apologies for the stretch with regards to your order. Kindly request you to respond to our correspondence you have received. We'd be glad to assist you. ^JS
CUSTOMER: @AmazonHelp I have already responded on the email. Kindly stop playing this game.
AGENT: @134321 If you have responded to the email received from us, we will get back to you shortly with an update. Appreciate your cooperation. ^BS
CUSTOMER: @AmazonHelp Let's see you have been doing this since the starting. Let's see if I have to again reply to some mail of yours of yours or you'll be actually solving this issue.
AGENT: @134321 As mentioned earlier, we will get back to you with an update at the earliest possible. ^JS
CUSTOMER: @AmazonHelp Saying Again...be specific. ""Earliest"" gives no idea. Give me a date and time.
AGENT: @134321 I understand the urgency, Vasu. We're actively working on it and we'll get back to you by the end of the day. ^SY
CUSTOMER: @AmazonHelp Thanks for specifying the time. Let's see what happens by EOD.
AGENT: @134321 We've emailed you here: https://t.co/8DAc10S7ww Kindly check and write back to it for further assistance. ^SY
CUSTOMER: @AmazonHelp I have already replied to that. Kindly keep yourselves updated.
AGENT: @134321 We've received your reply, we're working on it and we'll get back to you soon. ^SU
CUSTOMER: @AmazonHelp This is the third time I am communicating the same issue over the mail. Hopeless you people are.
AGENT: @134321 I'm sorry you feel this way, this was never intended. As assured we'll get back to you soon with an update. ^SI
CUSTOMER: @AmazonHelp Do you people even have this much basic courtesy to reply on your own. Give me an update on this and don't you guys dare to ask me to wait for more time. 2 business days are more than enough.
AGENT: @134321 I get you being upset and I'm sorry about the stretch. We have responded to you via email. Kindly check it here: https://t.co/ubzNHWZvL2. ^MP
CUSTOMER: @AmazonHelp I have replied to it already you dumbbells and you have already taken 2 days as you yourself asked for. Are you solving it now?
CUSTOMER: @AmazonHelp What the hell is happening here? Is this how amazon treats it's customers. This is how amazon loots people's money @28824 @28825
AGENT: @134321 I understand waiting can be tiresome. Rest assured, we are working on your issue and shall resolve this soon. ^SD
CUSTOMER: @AmazonHelp Of course and u even have the audacity to ask me to wait for more time. You said  it takes 2 business days in your correspondence mail. It has already crossed two days. Be specific. I am tagging consumer Court in this.
CUSTOMER: @AmazonHelp @15316 @15761  Hello, I will request you to kindly intervene. Amazon has done a fraud with me and now are not refunding my money. All these tweet chains will give you all the details.",53,1.0,HIGH,326348,@115850  got mail and message from your end that product has been delivered but till now I didn't recieved any thing. Poor service man,@193749 We have received your details. We will work on it and update you at the earliest. ^SB,"CUSTOMER: @115850  got mail and message from your end that product has been delivered but till now I didn't recieved any thing. Poor service man
AGENT: @193749 Sorry about the trouble with delivery. Please report this to our support team here: https://t.co/TdDksLo6Mf. ^HD
CUSTOMER: @AmazonHelp I am done with that already they said need to wait up to oct12th. Seriously this not fair right.
CUSTOMER: @AmazonHelp How come you guys will mention that product is delivered to the customer without delivering it.@16091 @AmazonHelp @115850
AGENT: @193749 I understand your concern. Please share your details here: https://t.co/GIJyeYqKE0 and I'll get in touch with you. ^HD
CUSTOMER: @AmazonHelp Yeah I have shared my details will see what will be the response and delivery date. @16091
AGENT: @193749 Thank you for sharing your details, we'll reach out to you soon. ^MK
CUSTOMER: @AmazonHelp Still I didnt get any response from your end
AGENT: @193749 We have received your details. We will work on it and update you at the earliest. ^SB",9,0.91,HIGH,0.12,0.030000000000000027,0.01418602466583252,False,True,True,False,False,False,False,False,True,1.0
186,1983638,NO,unknown,unknown,126031,125333,126031,126031,0.7444513440132141,0.726232647895813,0.7444513440132141,0.7444513440132141,0.31,0.355,0.31,0.31,0.0,0.0,0.0,0.0,0.0,0.0,0.0,0.0,LOW,LOW,LOW,LOW,"Ay Dios mio!!!, ayúdame a no dar clics a lo baboso en @116875. Ya me acabé mi quincena.",@587144 A veces hay que dejarse llevar por la tentación. 📦😉 ¿Has conseguido lo que buscabas? 😄 ^KS,"CUSTOMER: Ay Dios mio!!!, ayúdame a no dar clics a lo baboso en @116875. Ya me acabé mi quincena.
AGENT: @587144 A veces hay que dejarse llevar por la tentación. 📦😉 ¿Has conseguido lo que buscabas? 😄 ^KS
CUSTOMER: @AmazonHelp Smn jaja",3,0.31,LOW,126031,"@116875 Hola amazon buenas noches, porque no puedo accesar a mi cuenta? me dice que no existe. ayuda!!","@144281 Humberto, por favor entra en contacto con nuestro Soporte al Cliente para que verifiquemos detalladamente: https://t.co/OsTSiPYpyW. ^JQ","CUSTOMER: @116875 Hola amazon buenas noches, porque no puedo accesar a mi cuenta? me dice que no existe. ayuda!!
AGENT: @144281 ¡Hola, Humberto! Lamentamos la confusión, ¿has recibido un correo por parte de Amazon sobre tu cuenta? 
^LC
CUSTOMER: @AmazonHelp no, ninguno, no puedo iniciar sesion
AGENT: @144281 Humberto, por favor entra en contacto con nuestro Soporte al Cliente para que verifiquemos detalladamente: https://t.co/OsTSiPYpyW. ^JQ
CUSTOMER: @AmazonHelp gracias!
AGENT: @144281 ¡Con gusto Humberto! Cualquier otra consulta estamos a tu servicio. ¡Saludos!  ^PC",6,0.31,LOW,126031,"@116875 Hola amazon buenas noches, porque no puedo accesar a mi cuenta? me dice que no existe. ayuda!!","@144281 Humberto, por favor entra en contacto con nuestro Soporte al Cliente para que verifiquemos detalladamente: https://t.co/OsTSiPYpyW. ^JQ","CUSTOMER: @116875 Hola amazon buenas noches, porque no puedo accesar a mi cuenta? me dice que no existe. ayuda!!
AGENT: @144281 ¡Hola, Humberto! Lamentamos la confusión, ¿has recibido un correo por parte de Amazon sobre tu cuenta? 
^LC
CUSTOMER: @AmazonHelp no, ninguno, no puedo iniciar sesion
AGENT: @144281 Humberto, por favor entra en contacto con nuestro Soporte al Cliente para que verifiquemos detalladamente: https://t.co/OsTSiPYpyW. ^JQ
CUSTOMER: @AmazonHelp gracias!
AGENT: @144281 ¡Con gusto Humberto! Cualquier otra consulta estamos a tu servicio. ¡Saludos!  ^PC",6,0.31,LOW,125333,"@116875 Hola amazon, necesito saber que pasó con un pedido que me tenía que llegar hoy, mi código de rastreo no sirve","@144102 ¡Hola, Hugo! Lamento el atraso del pedido, ¿el producto es vendido y enviado por Amazon o por un vendedor externo que utiliza nuestra plataforma? ^LC","CUSTOMER: @116875 Hola amazon, necesito saber que pasó con un pedido que me tenía que llegar hoy, mi código de rastreo no sirve
AGENT: @144102 ¡Hola, Hugo! Lamento el atraso del pedido, ¿el producto es vendido y enviado por Amazon o por un vendedor externo que utiliza nuestra plataforma? ^LC",2,0.355,LOW,126031,"@116875 Hola amazon buenas noches, porque no puedo accesar a mi cuenta? me dice que no existe. ayuda!!","@144281 Humberto, por favor entra en contacto con nuestro Soporte al Cliente para que verifiquemos detalladamente: https://t.co/OsTSiPYpyW. ^JQ","CUSTOMER: @116875 Hola amazon buenas noches, porque no puedo accesar a mi cuenta? me dice que no existe. ayuda!!
AGENT: @144281 ¡Hola, Humberto! Lamentamos la confusión, ¿has recibido un correo por parte de Amazon sobre tu cuenta? 
^LC
CUSTOMER: @AmazonHelp no, ninguno, no puedo iniciar sesion
AGENT: @144281 Humberto, por favor entra en contacto con nuestro Soporte al Cliente para que verifiquemos detalladamente: https://t.co/OsTSiPYpyW. ^JQ
CUSTOMER: @AmazonHelp gracias!
AGENT: @144281 ¡Con gusto Humberto! Cualquier otra consulta estamos a tu servicio. ¡Saludos!  ^PC",6,0.31,LOW,0.044999999999999984,0.0,0.018218696117401123,False,True,True,False,False,False,False,False,True,1.0
