annotation_id,conversation_id,customer_id,turn_count,D1_context_specificity,D2_action_specificity,D3_dm_redirect,D4_observable_outcome,customer_messages,agent_messages,evidence_complete,action_observed,customer_reaction_observed,dm_redirect,notes
1,2436871,699075,5,0.6,0.0,0,negative_reaction,"@115850 
How can you inflate MRP and offer discounts.  See pictures. https://t.co/zNaOiFyJZf || @AmazonHelp Same branded product can't have 2 MRPs your site says 56% off . MRP is 2995 but as per you the MRP is as high as 7291. How come??",@699075 The MRP difference could come up owing to multiple factors. Kindly refer: https://t.co/Oy23R0i2rj for more information. ^MO || @699075 I realize your query about the MRP difference. Kindly go through the link here: https://t.co/6v1ljxzEI0 for details (1/2) || @699075 regarding the MRP difference. Appreciate your understanding. ^SG(2/2),,,,,
2,2575198,730247,2,0.6,0.0,0,silence_after_action,@116875 hola que promociones van a tener para el buen fin,"@730247 Hola, César. Todas nuestras promociones serán anunciadas en nuestra página web y en redes sociales, te recomendamos estar atento y revisar estas recomendaciones: https://t.co/maEnHruAvb",,,,,
3,1173007,395895,4,0.7,0.0,0,positive_reaction,"My latest Amazon package is delayed ""due to weather or natural disaster."" Location: Hialeah. || @AmazonHelp Yes, I have. Thanks! More than anything, I was just intensely curious what ""weather or natural disaster"" occurred down the road in Hialeah.",@395895 I'm sorry to hear about the delay and any inconvenience this has caused! Have you been provided a new delivery date? ^KJ || @395895 Thanks for letting us know. The carrier may have more information regarding the delay. ^WJ,,,,,
4,1608595,158377,6,0.4,1.0,1,neutral_reaction,@115850 pls respond to DM. :) || @AmazonHelp I haven’t received a reply. ??? || @AmazonHelp 😇❣️ || @AmazonHelp Any update ? :),"@158377 We've responded to your DM, kindly check and revert. ^OS || @158377 We've escalated the details to our team internally. We'll reach out to you once we have an update. ^GK",,,,,
5,1384044,366642,7,1.0,0.0,1,negative_reaction,"@115830 ""If your battery is damaged/defective...do not return it to Amazon"" goes against advice I'm being given in chat. What to do? || @AmazonHelp Thanks for a quick reply https://t.co/NoTmUYlnGm || @AmazonHelp Chat failed to understand, phone operator disconnected me! || @AmazonHelp Can I DM you?",@366642 This does not sound right Tony. Can you provide a link to the item in question? Is the item sold via a seller or Amazon? ^TP || @366642 What return info were you provided when on chat Tony? Were you provided with a return label? ^TP || @366642 Yes you can DM. But do not post any personal info. ^PK,,,,,
6,89163,135286,3,1.0,0.0,0,neutral_reaction,@115821 why does your service suck so badly lately???? Why bother being prime if you alll don’t deliver as promised || @AmazonHelp Yet again you’ve missed the promised delivery date by multiple days. And after spending 45 minutes on the phone to try and get it fixed it now late for a meeting,@135286 I'm sorry to hear that you are unhappy with Prime. Without providing any personal information can you let us know what has happened? ^KI,,,,,
7,828309,215706,7,0.7,1.0,1,negative_reaction,@AmazonHelp Your Rajendra chat with me he is worthless. I made return package please arrange collection. Thanks || @AmazonHelp It seems that amazon has employed staff with poor IQ so they are not able to get my problem arrange collection of return package . https://t.co/Hix4WGIA4L || @AmazonHelp I have already given all the info as asked by link sent by Akshya. Ask your courier to collect your return package from my house. || @AmazonHelp Ask your service executive to talk to me on MOb -9430453751.my son Rohit Kumar Jha and myself are your regular customer.,@215706 Please share your details through the link mentioned by my colleague 'Akshay' in your DM. (1/2) ^VM || @215706 Please share your info through a desktop/laptop only. (2/2) ^VM || @215706 Thanks for the update. Our teams will reach out to you soon. ^VM,,,,,
8,2352211,679763,4,0.6,0.0,0,neutral_reaction,"J’attend un colis d’ @120533 qui devait arriver aujourd’hui, mais il n’est toujours pas arrivé 😞 || @AmazonHelp Bonsoir, le suivi du colis me dit « en cours de livraison » et le transporteur est Amazon Logistics.","@679763 Bonsoir, désolée pour cela, que dit le suivi de votre colis je vous prie et par quel transporteur  ? ^KE || @679763 Pouvez-vous nous indiquer le numéro de suivi afin qu'on puisse remonter cela je vous prie ? 
^KE",,,,,
9,322912,192922,15,0.75,1.0,1,negative_reaction,"@AmazonHelp I have a query which is more than 1000 Words, how do you want me to send it here? || @AmazonHelp Request you to please recheck the information you post and not confuse the customer. It ""REQUIRES LOGIN DETAILS"". https://t.co/kL4MImYWR5 || @AmazonHelp Anybody wants to say something else? I just need the email id where I can contact you. Is that too much I am asking you? || @AmazonHelp Thank-you, I have repeatedly told you my issue, but it seems you are incompetent to help me regarding this. || @115850 kindly provide me with your E-mail ID for grievance redressal. || @AmazonHelp Sorry but the person having the query doesn't have a account on Amazon. || @AmazonHelp I need the link, where without creating an account I can post my complaints.","@192922 In that case, Apurva, please DM us your concern and we'll assist you accordingly. ^MS || @192922 You have reached out to Amazon Social Media Team, tell us your difficulty &amp; we'll be glad to help.  ^MJ || @192922 Please tell us what went wrong, so that we can look into it and assist you appropriately. ^VH || @192922 I’m sorry for the hassle. You may use the link here: https://t.co/vlvfJr4nN9 to send us an email regarding the issue. ^SB || @192922 Request you to connect with our support team using this link: https://t.co/vlvfJr4nN9 and they'll assist you accordingly. ^SK || @192922 One can leave a feedback without having an Amazon account using the link earlier provided by my colleague 'SK'. ^RS || @192922 We are already conversing in a medium where you can address your queries/complaints without creating an Amazon account. 1/2 ^AB || @192922 Kindly let us know how we could help with the complaint, and we'll revert accordingly. You may also use the link above. 2/2 ^AB",,,,,
10,385066,207163,2,1.0,1.0,0,silence_after_action,"@115850 My experience during this Amazon Sale, I bought many items and I got defect product's, diff colour than ordered and old product's",@207163 I'm sorry about the situation. You may replace the orders using the link here:  https://t.co/3yqvLnyTxi ^SG,,,,,
11,1089850,377120,2,0.0,0.0,0,silence_after_action,そういやアマゾン届かない。,@377120 アマゾンです。注文履歴に記載のお届け予定日を過ぎても届かない場合は、発送元をご確認の上、それぞれの方法でお問い合わせください。アマゾン→https://t.co/NtNAX37Sr4、出品者→https://t.co/6DRvmeZZxA  ET,,,,,
12,356726,200704,2,0.85,1.0,0,silence_after_action,Third failed delivery from @amazonhelp. This is getting ridiculous. https://t.co/1X95jn940n,@200704 Oh no... We'd like to take a closer look from our department. Please provide your info here: https://t.co/At8R2RK5zm ^MJ,,,,,
13,802417,311204,11,0.75,0.0,1,neutral_reaction,"@115821 
Dear buyers beware of Amazon they are miss selling and giving wrong commitment. Pls double check their cash back offer. || @115821 Recently i have been cheated by Amazon for a cash back offer on mobile phones. Amazon is now in unethical business. || @115821 I clarified with Amazon before purchase. Now they are saying sorry for wrong commitment. I will not get cash back. || @115821 Dear buyers beware of such buttering. You may be the next victim. Dear Amazon can you clarity plz. || @AmazonHelp I have shared my experience with you. Pls check my message. || @AmazonHelp I have shared my experience in my earlier message. You can reach me on 9819416897. || @AmazonHelp Your earliest response will be highly appreciated. || @AmazonHelp Pls delete the order details if it is personal.","@311204 Apologies for the experience, Jawed. Please share your details here: https://t.co/GIJyeYqKE0 and I'll get in touch with you. ^MK || @311204 We'll check and revert via DM Jawed.^HN || @311204 Please don't provide your order details, we consider it to be personal information. Our page is visible to the public. ^SS",,,,,
14,342969,197652,3,0.45,0.0,1,positive_reaction,"@AmazonHelp please, I just sent you a dm, would you please answer me asap ? thank you x || @AmazonHelp Thank you!","@197652 Hello, we just answered to your DM. ^BR",,,,,
15,1378136,440821,7,0.15,0.0,0,positive_reaction,"間違って、お試しのAmazonプライムにはいるつもりが、本チャン入会してしまた…(:3_ヽ)_

3900円…

こうなったら沢山使ってやる！
送料無料を利用して( ｡•̀_•́｡)

とりま洗剤とペーパーかなw || @AmazonHelp ありがとうございます(^^)
会員になったからには、しっかりお得に使いたいと思います。
素敵なリプありがとうございます！Amazonさんが好きになりました♡ || @AmazonHelp このリプみて、早速、ペットボトルのお茶を1ダース買いました！安いし送料無料だし、すぐ届くし、重くないから良いかもですね(^^)ありがとうございます♡

Amazonさん大好きなりました！ || @AmazonHelp はい(*´︶`*)♡Thanks!",@440821 意図しない形でのご登録となったところ誠に恐縮ですが、Amazonプライムでは様々な特典をご用意しております。よろしければ、リンクをご参照ください。https://t.co/qjaFIyMkEk TN || @440821 嬉しいお言葉、ありがとうございます♪(*´∇｀*) どうかこれからもhttps://t.co/st4oU5QbhPをよろしくお願いいたします～♪ (*^^*) TN || @440821 さっそくのご注文ありがとうございます！(＾▽＾)/ お届けまで今しばらくお待ちくださいませ～♪ ＼(＾▽＾)／ TN,,,,,
16,2884157,133008,7,1.0,1.0,0,neutral_reaction,"Not content with dumping my book delivery down the side of the bin whilst it was raining last week, my @115830 delivery people have potentially stolen one of my parcels 😒 || @AmazonHelp I haven’t had a chance yet as I’m at work. 3/4 times now this month that my Prime orders have been delayed. This one has been delayed twice and then “lost”! || @AmazonHelp I’ll be going on live chat after work, still need to discuss my parcel that was dumped in my garden, no card through the door, found it four days later after it had rained all week. || @AmazonHelp It just arrived","@133008 I am very sorry to hear this. Can I ask, have you reached out to our customer service team to report this and if so, what resolution was offered to you please?^GA || @133008 When you have time please get in touch with us here: https://t.co/hApLpMlfHN We'll be glad to help!^CN || @133008 Hi Rachel, please let us know how you get on when you contact us via chat. We will do our best to help. ^JC.",,,,,
17,1602164,491798,2,0.75,1.0,0,silence_after_action,@115850 Now amazon start fooling there customer also! Already did pick up and again send the pick up guy for the same (Shameless ppl)!!,@491798 Sorry for the hassle. Please report this to our support team here: https://t.co/vlvfJr4nN9 and we'll check this. ^HN,,,,,
18,830786,317833,7,0.6,0.0,0,negative_reaction,"@AmazonHelp Cannot view any of the products on your UK pages: ""We encountered an error due to invalid parameters. Please try this link. "" || @AmazonHelp Tried all that, nothing works. Amazon says it is a known problem, but seems unable to fix it. || @AmazonHelp It works OK on my Windows phone, but that isn't what I want as I rely on my desktop PC. || @AmazonHelp Yes, &amp; got the usual non-sensical response from some Indian whose grasp of English was as appalling as is usual with UK (sic) Seller Support","@317833 Oh no! We recommend clearing cache and cookies, or trying another web browser. Let us know how this helps! ^MB || @317833 Have you tried a different device? ^KM || @317833 Have you been in touch with us here:  https://t.co/JzP7hlA23B ?^CD",,,,,
19,1482920,361883,9,1.0,0.0,1,negative_reaction,"Apparently one of the benefits of @115821 and #amazonprime is a passive aggressive agent and not shipping by est deliv dates. #awesome! || @AmazonHelp I never received a survey, and the only options presented were like pulling teeth. No options were presented. Miserable service || @AmazonHelp DM me please? || @AmazonHelp Or do I need to continue on here? || @AmazonHelp Or not","@361883 We'd like to ensure you receive your delivery. What options did we provide when you spoke with us? (2/2) ^DG || @361883 I'm sorry for the poor experience! We appreciate the feedback. Please fill out the survey provided after your call/chat. (1/2) || @361883 We are here to help! What is the current status of your order? You can find out here: https://t.co/kTdtg79hsI || @361883 Hey Matt, I'm sorry for the delay in our response! We'll be happy to DM with you: https://t.co/3Z71QycggA ^PF",,,,,
20,254588,176511,5,0.6,0.0,0,neutral_reaction,"@AmazonHelp came home to this just left on my doorstep... good thing I live in a safe neighbourhood https://t.co/XcfNFSDDAf || @AmazonHelp Nope, but surely this isn't considered to be acceptable?! || @AmazonHelp Surely telling drivers not to just leave things on people's doorsteps will help prevent this happening again","@176511 Uh oh! Has a safe place been set up on the account: https://t.co/0jBVLkA6DD We're here to help! ^ML || @176511 If you use the link ^ML provided, this will help prevent this from happening again. ^MH",,,,,
21,932301,341146,8,0.85,1.0,0,neutral_reaction,"@AmazonHelp hi one of the products I bought through you guys has malfunctioned and the supplier are awful at replying.. need a replacement || @AmazonHelp It was sold by ""Amazon EU S.a.r.L"" || @AmazonHelp Ultimate Ears BOOM 2 Wireless/Bluetooth Speaker (Waterproof and Shockproof) - Purple/Orange https://t.co/dZO13GAAxa || @AmazonHelp  https://t.co/X9SIgDK75k","@341146 I'm sorry to hear this, Brett! Was this item sold by a 3rd Party seller on our site? ^MW || @341146 Do you mind sending us a link to the item? We'd like to take a closer look. ^NM || @341146 Thank you! Have you been able to view what options are available here: https://t.co/aaDyEz1VgE ^NM || @341146 We can take a closer look at the order and into any available options. Please contact us here: https://t.co/JzP7hlA23B ^EP",,,,,
22,1279054,366269,7,1.0,0.0,0,negative_reaction,"The tracking details show me it is expected to deliver between 26th-29th. So it's def not hapng today. @AmazonHelp stick to your commitments || @AmazonHelp I have filled that form. How will it help? I still won't get my order tonight. || @AmazonHelp I want the order to be delivered by tomorrow morning on priority. || @AmazonHelp Also, stop promising and charging for One Day Delivery if you cannot keep up to it.","@366269 This link, and we'll get back to you at the earliest: https://t.co/beaaDm0muc ^SM (2/2) || @366269 We realize the importance of this order or you. Please share your details here though ^SM (1/2) || @366269 Thank you for confirming, Sumedha. Our team will communicate with you very soon. Appreciate your understanding. ^MP",,,,,
23,463422,225147,2,0.75,1.0,0,silence_after_action,@115850  had complaint on 408-5664066-2980338 ; for last 15 days not being resloved. Never seen Amazon acting this slow. Bad packing from Supplier and masala all over the place despite raising the issue no resloution seen. 3 complaint raised so far to Amazon,"@225147 I’m sorry about this experience. I’d like to assist you, please fill this form: https://t.co/beaaDm0muc and I’ll contact you at the earliest. Please don't provide your order details, as we consider it to be personal information. Our Twitter page is public.​ ^RW",,,,,
24,734692,215588,11,0.6,0.0,0,positive_reaction,"@AmazonHelp Any update on results as today is 30th Nov || @AmazonHelp And what about #OnePlusTrainOfCards contest || @AmazonHelp Ok, Thank you || @115850 @AmazonHelp are the results of #SkullCandyPartyHop  #OnePlusTrainOfCards declared?? || @AmazonHelp These were app based contests so I dont have a link. I can share a screenshot I took https://t.co/1o9tmKOiOZ || @AmazonHelp Thank you","@215588 The link to the results is here: https://t.co/hU0C7jP8dY. ^HA || @215588 The results will be announcement by 30th November 2017, Abhinav. ^HD || @215588 Could you help us with the links to these contests for better understanding? ^HK || @215588 Thanks you, Abhinav. The results will be out by 30th October 2017. Please stay tuned and wishing you the luck. ^NK || @215588 You're welcome. Do keep us posted for any further issues. ^AP",,,,,
25,1426212,451325,2,0.6,0.0,0,silence_after_action,@115850 Alexa app is not available in India. How will #EchoDot work ?,@451325 The Alexa app is available for download in the App Store / Play Store. ^KA,,,,,
26,2377209,685625,6,0.85,1.0,0,positive_reaction,"@AmazonHelp Someone hacked my account and changed the email and password so I no longer have control of it at all. Someone help me please get my account back and tell me how I go about getting in contact with someone to help me. || @AmazonHelp Thank you! I'll be sending a message on the website ASAP. || @AmazonHelp The outcome was great. Your staff helped me regain control of my account very quickly. I'm extremely thankful and have nothing, but praise for the customer service team. #Amillionthankyous",@685625 I'd like to have a member from our support team lend you a hand with this; please use this link so we may assist you: https://t.co/jzvkhdlrK5 ^WM || @685625 You're welcome! Please keep us updated on the outcome!  ^LR || @685625 We're glad that we were able to assist! Please don't hesitate to reach out to us in the future. ^FJ,,,,,
27,1266334,323902,2,1.0,1.0,0,silence_after_action,"I have ordered TV from @115850, it got delivered to wrong address and now u guys saying not amzn but seller is responsible 4 this.(1/2)",@323902 Apologies for the miss with your order. Please connect with us here: https://t.co/vlvfJr4nN9 and we'll take a closer look. ^HK,,,,,
28,2187376,640552,7,0.75,1.0,0,positive_reaction,"@115830 took u up on offer- £6 add if I bought giftcard for £30 - I was approved-where is it?  giftcard still says £30 || @AmazonHelp Email confirms gift card purchase £30 On my account it said by invitation only &amp; I checked twice &amp; both times it said I was eligible || @AmazonHelp I have now also redeemed topcashback to an Amazon giftcard based on this so really feeling mislead or at worst, defrauded. || @AmazonHelp Thank you. Have read t&amp;c and it can take up to 48 hrs to add FYI too :(","@640552 I believe the offer puts a promotional balance on your account. Have you checked your e-mail for a benefit confirmation? ^MJ || @640552 We'd like to help, Kim! Could you send us a link to the promotion, so we can look into the specifics of the offer? ^ZW || @640552 Understood, let us know if you need additional assistance with this promotion! ^SH",,,,,
29,248156,174955,6,0.85,0.0,1,negative_reaction,"Fake update The courier was unable to contact the recipient to arrange delivery. Please contact Amazon.
Mumbai, IN https://t.co/ZbqYyoYbGn || @AmazonHelp if your delivery person  fake update &amp; can not delivered items that address​how is getting option to dilver that location || @AmazonHelp   I was already board to ​purchase this item from Amazon so can not any contact &amp; deliver if can't​reach not get any options || @AmazonHelp  look this until not delivered by Amazon https://t.co/Q9XxBbavpf","@174955 Sorry about the experience with your delivery. We've responded to your query via DM. Please check. 1/2 ^HD || @174955 Please don't provide your details, we consider it personal information. Our Twitter page is visible to public. 2/2 ^HD",,,,,
30,63132,130473,7,0.6,1.0,1,positive_reaction,@115821 @AmazonHelp @120319 @734 @3544 @130474 @120320 @115851. No repsonse from amazon yet. Pathetic services || @AmazonHelp @115821 @AmazonHelp @120319 @734 @3544 @130474 @120320 @115851... I did respond back to... Thanks || @AmazonHelp Haven't got one yet!!,"@130473 We've responded to your query via DM. Please check. ^HD || @130473 Please reply to the email sent by us for further queries and we'll assist you accordingly. ^NR || @130473 details in the link provided earlier and we'll look into it. (2/2)^SQ || @130473 If you haven't received any correspondence, request you to share your (1/2)^SQ",,,,,
31,948447,344924,12,0.75,0.0,1,negative_reaction,"I have never ordered from @116090  until yesterday. As of now, their utter uselessness has me convinced to never do so again! || @116090 @116090 @amazonhelp so far, yr CSR's have cost me +30 mins of cell mins. This hold alone so far, 11 min to even get a CSR on the line!!! || @116090 @AmazonHelp Then they failed repeatedly to get my postal code into a zip code slot &amp; to CLUE in that it is a Canadian cust.1st rep also disconnected me || @116090 @AmazonHelp Then the next rep transferred me which took forever to achieve. Then Canadian rep failed to call me back as requested || @116090 @AmazonHelp Now 21 minutes into next call...I am now on call with logistics || @AmazonHelp I am so fed up....and it did not show up on logistics redirect back before 8:30pm It was part of 11yo DD's Halloween costume for morning. || @AmazonHelp DM if you want || @AmazonHelp Which time? 5 contact calls.
On 4th, they said they were asking courier to return. There was still 2hrs til 8:30. Never showed. Pls DM || @AmazonHelp Tomorrow.","@344924 I'm sorry for the poor experience! Without giving any account or personal details, can you tell us more about what's going on? ^EA || @344924 Though delays are possible, this is not the experience we hope for! Were there any options provided when you contacted us? ^SG || @344924 We'd love to assist you with this issue. If you'd like to DM us, please use the link below. ^KB https://t.co/1XyLaGkcaN",,,,,
32,1152538,391219,8,0.75,1.0,1,neutral_reaction,"@AmazonHelp I ordered apple SE 32 gbon 17th oct 2017 but i got today a itel phone wich is cost 1690/-. What should i do? || @AmazonHelp That I don't know. __email__ this my mail id with ur account, plz check. || @AmazonHelp Please check and let me know when i will get back my phone. || @AmazonHelp I believe transportation was amazone and seller wae greenmobile. Check it plz","@391219 I'm sorry to hear the incorrect phone was received, Sourav! Was the order dispatched from https://t.co/hSs9w9f1pF or seller? ^CS || @391219 Please don't provide your order details, we consider it to be personal information. Our page is visible to the public. ^SM (2/2) || @391219 We've responded to your query via DM. Please check. ^SM (1/2) || @391219 I’d like to help you; please fill this form: https://t.co/beaaDm0muc and I’ll contact you soon. ^SU",,,,,
33,713320,290615,7,0.75,1.0,0,negative_reaction,"As much as I like the idea of @117093, I’m not sure I can justify a monthly fee when there are errors EVERY, DAMN, TIME. #bummer || @AmazonHelp Delivered to the wrong area, fresh produce frozen, wrong item delivered (not swapped, just the wrong one sent). || @AmazonHelp I reach out direct and get fast service, but it's just become a hassle again, can't really justify a monthly subscription fee for that. || @AmazonHelp I did, was given another refund for an item that was damaged and an apology.",@290615 Terribly sorry your running into troubles with Fresh! What specific issues are you running into? ^JZ || @290615 I'm sorry we've let you down; that's never our intent! Have you already contacted us to explore options to resolve this? ^MV || @290615 I can certainly understand any frustration. Please let us know if you continue to have trouble. ^LI,,,,,
34,319151,192121,10,0.25,1.0,1,positive_reaction,@AmazonHelp Can you please reply to my DM? || @AmazonHelp Thank you. I've followed the instructions given in the DM. || @AmazonHelp I'll appreciate it by 8 pm tonight if possible. || @AmazonHelp Would have been great if it had been about delivery! I wanted to know the reason for the inconsistency in the amounts. || @AmazonHelp Thanks. It's 'almost' resolved.,"@192121 We've responded to you via DM.  ^HN || @192121 Thank you for keeping us posted. We'll get back to you soon. ^SK || @192121 We do delivery by the end of the day. I'm positive that it will be done. ^HA || @192121 We'll update you on all the details, do keep an eye on your mailbox. ^HT || @192121 We'll resolve it as soon as possible. ^HN",,,,,
35,517707,239077,2,0.7,0.0,1,silence_after_action,"@AmazonHelp You asked for my tracking information, how should i get it to you?","@239077 Thank you for the information you sent in your DM. If your order hasn't arrive by Sunday at 8 PM, please let us know: https://t.co/hApLpM3Ejd ^LR",,,,,
36,372876,204358,2,1.0,1.0,0,silence_after_action,Hey @115821 my @1511 got delivered today. I wasn’t home. Local dog destroyed it. What do I do?  Everything shredded.,@204358 You can look into refund/possible replacement options here: https://t.co/Y5jpI9gRhE. Let us know if you have any questions! ^TG,,,,,
37,2691750,756669,4,1.0,1.0,0,neutral_reaction,@115850 Order 4__credit_card__ and 4__credit_card__. it showing near my home 10km nabadwip from 7-8days but still no one come to deliver it. amazon customer serivce not helping. disconnecting calls. Prime User. || @AmazonHelp already many time contacted to customer service. now do what you people can.  very bad service from amazon,"@756669 Apologies for the delay in the delivery. Could you please share the details here: https://t.co/beaaDm0muc so that I can take immediate action? Please don't provide your order details, we consider it to be personal information. Our page is visible to the public. ^PR || @756669 We'd like to sort this for you. However, being on social platform, we don't have access to your account from here to work on this. Please share your details using the secured link provided earlier and let us know. We'll be sure to reach out to you with an update. ^VN",,,,,
38,900974,318521,8,1.0,0.0,1,positive_reaction,"@115851 @115850 @115821 ..Past 3 order not dlvrd # 406-3514249-9912306/ 954/ 906 &amp; get cncld,amazon transport is worst ever i saw || @AmazonHelp DM you.Please check the same. || @AmazonHelp Thanks,I have received the item","@318521 I understand the inconvenience you faced with your order deliveries. Please provide (1/3)^SF || @318521 your order details, we consider it to be personal information. Our page is visible to the public. (3/3)^SF || @318521 your details here: https://t.co/beaaDm0muc and we'll assist you right away.  Please don't provide (2/3)^SF || @318521 We've responded to your query via DM. Would request you to have a look at it. ^AB || @318521 Glad to know that. Have a great day ahead! ^HA",,,,,
39,2385839,687606,7,0.7,1.0,1,negative_reaction,Such a ridiculous service by #AmazonIndia.Rescheduled my delivery without informing me.Cancelling my order now. || @AmazonHelp I want solution not respond.Try to put some efforts in delivering product not https://t.co/uDcDVyDp0D wasted my 3 days. || @AmazonHelp I cancelled the order coz amazon failed to deliver it. Go check your chat section with my ID. I had contacted 3 ppl fro Amazon already.,"@687606 We've responded to your DM, please check. ^KA || @687606 Also, I've forwarded your feedback internally to the appropriate team as it helps us improve customer experience. 2/2 ^RS || @687606 Please accept a sincere apology for the mess. However, once an order is canceled, the same order cannot be delivered. 1/2 ^RS || @687606 I'm sorry about your canceled order. We've passed on your feedback to the concerned team internally and they'll check it. ^AU",,,,,
40,1891371,564005,6,1.0,0.0,0,positive_reaction,@115850 my orders 405-3303122-0102700 and 405-2724334-8547546 hasn't been delivered even though it has reached the destination. || @AmazonHelp Yes estimated last date was 16th and 17th for the 2 orders. || @AmazonHelp Thanks. Much appreciated,"@564005 We ship the products to meet the estimates, could you please tell us if we've missed the estimated delivery date? 1/2^HN || @564005 Please don’t provide your order details as it is personal information. Our page is visible to the public.2/2^HN || @564005 Apologies for the delay. Please share your details here: https://t.co/GIJyeYqKE0 and I'll get back to you. ^HN",,,,,
41,2208509,645644,7,1.0,0.0,0,positive_reaction,"Ordered an item from @115821 and chose two day shipping because I'm a Prime member, and expected delivery date is a week from the order date https://t.co/Tt2Q85r925 || @AmazonHelp Thanks for the response. I do understand what the shipping time means. However, when that's the only estimate Amazon uses re: time ... || @AmazonHelp for orders, that's all customers have, and it becomes very misleading if the entire order takes a whole week. || @AmazonHelp I'm also used to the reality being that when I order a product, I receive it within 2 to 3 days of my order. || @AmazonHelp Thank you.","@645644 I'm so sorry for the wait! Two-Day shipping refers to transit time, after the order has shipped. ^WJ || @645644 Thank you for your feedback. We'll provide an accurate delivery date at checkout. Please let us know if we miss this date. ^DG",,,,,
42,2116119,623787,6,0.6,1.0,0,positive_reaction,"@115821 @115850 this is not true. The courier never arrived. https://t.co/NgyKxl4QWN || @AmazonHelp Thank you for responding so promptly. I did try contacting, but the IVR has no option to talk to anyone, it just keeps giving me status update of my order. || @AmazonHelp Done. Thank you.","@623787 That's strange, please contact us here: https://t.co/rS49hgaADF so that we can assist you accordingly. ^SU || @623787 We definitely didn't intend this experience, please fill this form: https://t.co/GIJyeYqKE0, we'll connect with you shortly. ^MP || @623787 Thank you for sharing your details. We'll get back to you at the earliest. ^KH",,,,,
43,2618108,237004,2,0.85,0.0,0,silence_after_action,@115830 if I am having issues with receiving an order being delivered how do I go about  resolving this?,"@237004 We'd be glad to assist you with this, Toni! Without posting personal account information, tell us more about your situation. ^FR",,,,,
44,2600228,736061,4,1.0,0.0,1,neutral_reaction,"@115850 What the hell is this why are you making excuses again and again I am enquiring about my product of led tv  since 5 days but I am not getting the response from you,again and again you are telling me to respond me within 2 days did I made a mistake placing the order. || @AmazonHelp I had messaged you order no.i want you to resolve it by today",@736061 I'm sorry to hear you are yet to receive your order. Let me work on this right away. Kindly fill in your details here https://t.co/rhPL58S8HI and we'll reach out to you for assistance. ^VM || @736061 We've responded to your concern via DM. Kindly refer. ^EM,,,,,
45,525601,241598,2,0.0,0.0,0,silence_after_action,Amazon Primeビデオに「永い言い訳」が入ってる、、、！,@241598 |ω･`)ﾁﾗｯ お時間があるときにでも、ぜひご覧ください～！https://t.co/6t6vhnQH2s RI,,,,,
46,1490372,454812,4,1.0,1.0,0,neutral_reaction,@AmazonHelp can u help this keeps popping up every time i want to buy my friend something from their wishlist and it’s done this to EVERY item in the wishlist https://t.co/JrrX9IY0k3 || @AmazonHelp yes,@454812 Does the person you are buying for have a shipping address set up for their wishlist?  ^WB || @454812 Please reach out to us here https://t.co/hApLpMlfHN so we can look specifically at your account and look deeper into what the problem might be.  Thank you! ^WB,,,,,
47,2388058,169758,3,0.7,0.0,1,positive_reaction,@AmazonHelp please check DM and reply.. Order details are in DM || @AmazonHelp Ok thank you,@169758 We've responded to your query over DM. Kindly check. ^SY,,,,,
48,862571,324812,3,0.75,1.0,0,neutral_reaction,"@119625 check out the last supporting actor name XD
Lol that's not how you spell his name https://t.co/cVdOJyeErM || @AmazonHelp The curious case of Benjamin Button
And it should be Mahershala Ali",@324812 We'd like to check this. Could you please help us with the title? ^VN,,,,,
49,2463085,705039,2,1.0,0.0,1,silence_after_action,"@115850  Your customer service sucks. It's been more then a month now that my return packages haven't been picked up even after calling the customer service more then 10 times. And now my number has been blocked. Is this the customer service ya'll provide, Amazon India?","@705039 We've responded to your DM, please check. ^KA",,,,,
50,1936466,148571,3,0.45,0.0,1,positive_reaction,"Hey @AmazonHelp need help, kind of urgent. Pl refer to my msg || @AmazonHelp Thanks","@148571 We've responded to your query via DM, request you to check the same. ^SH",,,,,
51,1363730,354329,5,0.85,0.0,1,negative_reaction,"@115850 
You should not take orders, if you cannot ensure delivery. || @AmazonHelp And I have DM'ed you more. Look at the full thing. Why was no action taken, when I informed first time about wrong message. || @AmazonHelp Why was there a wrong update 'ubable to contact' when there was no call. || @AmazonHelp Then second time, the item is returned on the basis, customer refused. I WAS NEVER CONTACTED.","@354329 Shreysee, we've responded to you via DM, kindly take a look. ^MS",,,,,
52,1278047,419093,2,0.6,1.0,0,silence_after_action,Hey @115830 @127161 this is neither MY designated safe place or A safe place.,@419093 I'm sorry to hear your order wasn't delivered as instructed. We'd be happy to look into this: https://t.co/JzP7hlA23B ^BN,,,,,
53,2462162,410708,3,0.0,0.0,0,silence_after_action,"Amazonで商品買ったものの説明書通りやっても電源は一向に入らない😩😭
何が原因なのかも分からない
俺の中で不良品説濃厚🤔
勝手に不良品と決めつけるのは良くないけどね","@410708 (1/2)アマゾンです。お手数ですが、メーカーにご相談いただけますでしょうか。初期不良と診断された場合は、交換(可能な場合)または返品を承ります。お手続き方法はこちらをご参照ください。https://t.co/XKRHXOdvr4　ET || @410708 (2/2)なお、出品者が発送する商品の場合は、こちらをご参照の上、問題について出品者に直接お問い合わせください。https://t.co/lbf4guVZUy
どうぞよろしくお願い致します。ET",,,,,
54,2226447,649925,2,0.85,0.0,1,silence_after_action,@115850  @AmazonHelp  Got one of my order today. But received damaged item. See DM for order number and pics.,@649925 We've responded to your query over DM. Kindly check. ^SY,,,,,
55,689469,284755,5,0.4,0.0,0,neutral_reaction,"@AmazonHelp こんにちは、この画像1番目のPCケースを頼み、つい先程届きました。画像2の説明書を読み中身を確認してみるとアクセサリーボックスがどこにも見当たりません。
この場合はケースごと返品した方がいいのでしょうか？ https://t.co/mAOuAagemx || @AmazonHelp 大変申し訳ございません、改めて確認したらHDDを入れるとこにありました…","@284755 (1/2) ご不便をおかけしております。画像付で詳しくお知らせいただいて恐縮なのですが、ご注文から商品を特定し確認させていただかなければ、詳細をご案内することができません。通常Amazonが発送する商品については、付属品だけ不足していた場合も商品全体で返品交換を承っております。 RI || @284755 (2/2) よろしければご注文状況も確認のうえご案内させていただきますので、お手数ですがこちらよりカスタマーサービスにお問い合わせください。https://t.co/mYHvelv5Pa RI || @284755 わざわざお知らせいただき、ありがとうございます。
Twitter上では一般的なご案内となってしまいますが、今後もなにかお力になれることがあれば、どうぞお気軽にこちら公式にご連絡くださいませ。RI",,,,,
56,2102467,620870,2,0.25,0.0,1,silence_after_action,@AmazonHelp can I DM a quick question,"@620870 Absolutely! Feel free to send us a DM, we'd love to help! ^GM https://t.co/1XyLaGkcaN",,,,,
57,843572,159139,9,0.85,0.0,1,neutral_reaction,@AmazonHelp is there anyway of knowing when a parcel will be delivered? It was supposed to be Monday but it's coming today || @AmazonHelp It's amazon shipping || @AmazonHelp I've DMed you the tracking number || @AmazonHelp It just gives a window until 8pm. This order was supposed to be delivered on Monday. How can I change it back to that || @AmazonHelp Yes but I had to email as I can phone so it'll be to late,"@159139 Hi, do you know which carrier is delivering your order? ^KI || @159139 Great we will respond to your DM ^CR || @159139 Hi Suzy, please contact us using the link Danielle has provided to you in DM and we'll check if we can have the parcel re-scheduled for Monday.^MA || @159139 Thank you for that. We will respond to your email as soon as possible and we will take action on your request. Please keep us posted, thanks.^GA",,,,,
58,2103585,621096,6,0.85,1.0,0,neutral_reaction,"@115850 waiting for refund last one month.. Really frustrating now || @AmazonHelp Only this message got with in 15 min. Nothing happened further, I was tried twice already. Again I have to do this. You don't have any data || @AmazonHelp This is again going to chutiyapa on chat center","@621096 Sorry to know you haven't received the refund. Kindly report this to our support team here: https://t.co/HrkDcljT4m ^AR || @621096 I'm sorry for the unpleasant experience with the refunds, write to us 1/2 ^MJ || @621096 here: https://t.co/GIJyeYqKE0 &amp; we'll take necessary actions to make things right. 2/2 ^MJ",,,,,
59,593464,260513,4,1.0,0.0,0,negative_reaction,"@115825  wir wollten gerade lethal weapon schauen. Aber bei folge 1 steht dran, dass es an unserem Standort nicht verfügbar sein. Bei Rest steht, dass Staffel 1 im Prime enthalten ist. Was soll das??? || @AmazonHelp Vielen Dank für die schnelle Antwort. Hoffentlich ist das Problem bald behoben. 🙂","@260513 Hi, dies hat nichts mit deinem Standort zu tun. Wir mussten die Folge aus technischen Gründen aus dem Angebot nehmen. Die Kollegen sind aber schon dran. Leider können wir aber noch nicht sagen, wann die Folge wieder zur Verfügung stehen wird. Gruß ^JS || @260513 Bitteschön. Ich drück die Daumen. :-)",,,,,
60,551997,248666,2,0.75,1.0,0,silence_after_action,@115830 thanks for delivering my Christmas gifts &amp; putting them in my  garden waste bin with my rotting grass &amp; flower cuttings disgusting service #notgoodenough https://t.co/cDZmmy7GU7,@248666 I'm sorry to see it was delivered this way! Please contact us directly to provide feedback on your experience: https://t.co/JzP7hlA23B ^SB,,,,,
61,166530,154679,4,0.15,0.0,1,negative_reaction,@116090  please message me || @AmazonHelp I sent this to the wrong amazon. Sorry :/ it's intended for US,@154679 We're here to help! Please feel free to DM us! ^AB https://t.co/1XyLaGkcaN || @154679 We can assist! Please use the link provided to assist.  ^AG,,,,,
62,2069739,612090,3,0.85,0.0,0,positive_reaction,@AmazonHelp my account was recently broken into. Is there a way to get in the account without knowing the email and password? || @AmazonHelp Thank you,@612090 Please reach out to us here: https://t.co/jzvkhdlrK5 ^RR,,,,,
63,2723407,763963,4,0.15,0.0,0,neutral_reaction,Amazonプライム・ビデオすげぇ… いつのまにか ロボットはっちゃんやタンサー5とかまで無料配信… ほんの7〜8年前までポータブルDVDプレーヤー持ち歩いていちいちレンタルして見てたんだぜ通勤 https://t.co/tUI4nmSoQc || @AmazonHelp ありがとうございます 最高です。,@763963 ご利用ありがとうございます🙇　ごゆっくりお楽しみくださいませΣd(*`･∀･´*)　SM || @763963 お喜びいただけてなによりです(*´∀`*)　リプライありがとうございました！　SM,,,,,
64,2454099,703030,16,0.6,1.0,1,negative_reaction,"@AmazonHelp Yes. But then they just ended up cancelling before I even agreed!  So we’ll see if it comes Tuesday. || @AmazonHelp O-M-G! Again not delivered on the intended guaranteed day!  This is the worst Amazon || @AmazonHelp Guaranteed delivery failed 3 times. You truly need to be crediting me for this purchase and figure out what the issue is in your warejouse || @AmazonHelp Especiall when yourvthe seller lol. What a joke. Every item you have that lists you are the seller should be able to be traced to the || @AmazonHelp Actual warehouse it is out of so that when this issue occurs again and I know it will you can call the manager that oversees that warehouse || @AmazonHelp And figure out what the issue is. If there are no more in stock, upsatevtour site! If you can’t find them,temporarily take off the market.. || @115821 s a new on??? And when I ask them to contact the warehouse to see what the issue is they say they can’t? Are you kidding me? Bad! || @AmazonHelp Can you dm me and I will send it? I don’t want to post the tracking # for all to see || @AmazonHelp So I DM’d the info and they told me they couldn’t help... so what now? || @AmazonHelp Yes you missed it twice, cancelled my order so I could rebuy it (and I didn’t give consent for that) and then missed it again today!","@703030 Hello! I'm sorry your package wasn't delivered. What is the current tracking listed on your order? We'd like to help! ^AJ || @703030 Terribly sorry about the bad experience! Was canceling and reordering the item the only option offered when you called? ^JD || @703030 You can DM us using the link below. Did the tracking provide any incite for the delay? ^TR https://t.co/1XyLaGkcaN || @703030 I'm so sorry! We can't access account info via Twitter, but you can reply to us however is most convenient for you. [1/2] ^TK || @703030 We aim to deliver by the date provided in your order confirmation e-mail. Did we miss the dates provided? [2/2] ^TK || @703030 We can look at this order w you &amp; determine what's going on. Click the link &amp; follow the prompts: https://t.co/hApLpMlfHN ^MW",,,,,
65,2568112,728449,6,1.0,0.0,0,positive_reaction,"@115821 @AmazonHelp your prime membership is a joke My selected prime items will arrive Friday&amp;ur agents in Philippines r clueless #amazon || @AmazonHelp Friday and this was after your rep advised me to select one day shipping... Which is not happening either || @AmazonHelp Then you need to change your sort options bc I sort by prime only&amp; expect it sooner than five days. Why pay extra for prime then? It's awful || @AmazonHelp I guess paying extra for one day shipping isn't working either. Birthday fail! Thanks Amazon, you're going downhill #amazon #annoyed #fail https://t.co/yWMgn1d1Kp",@728449 I'm so sorry for any frustration this has caused you! What was the delivery date provided on the order confirmation e-mail? ^MJ || @728449 Transit time applies once the order ships out. You can read more on Prime Delivery Benefits here:https://t.co/SFWl2MsifU! ^SA,,,,,
66,156682,151986,8,0.85,1.0,0,negative_reaction,@115821 last two ordered never received ... Thinking of giving up this whole amazon prime thing... || @AmazonHelp Yes... Was told that I rescheduled. Which I never did . Was billed although I never received .  Very disappointed || @AmazonHelp Shipped with AMZN || @AmazonHelp  https://t.co/U0nxhxKEuv,"@151986 Hey Gerald! Sorry you haven't received your packages. Have they missed the delivery dates listed in your confirmation emails? ^AP || @151986 I certainly understand your frustration! We want to help. Just to confirm, was your order said to be shipped by Amazon or a third-party seller? You can view this information under the item name in your orders here: https://t.co/Y5jpI9gRhE. ^HC || @151986 Thanks for the information. Can you tell us who the carrier is for this order: https://t.co/Y5jpI9gRhE? ^VS || @151986 I'd like to have a specialist from our team take a look into this for you. At your convenience, please leave us some detailed information here: https://t.co/HFCgMIjs81 ^TH",,,,,
67,2752551,623494,4,0.85,1.0,0,neutral_reaction,@AmazonHelp why can’t I purchase a kindle book on my iPad; there is no option to buy it except on my laptop. Why exclude iPads? You don’t want sales? || @AmazonHelp I didn’t t try from the kindle app; I tried from the amazon app on the iPad. I can purchase from my laptop and from my android device but not iPad.,"@623494 Sorry for the difficulties! While you can't purchase content from the Kindle reading app, you can purchase and transfer content from the Kindle Store. See more details and information here: https://t.co/YAe6ai5U3P ^SG || @623494 I completely understand your frustration! Currently, you are unable to purchase Kindle books through the Amazon app, but you can do it through the Safari web browser on your iPad (see step 1 on the link sent by ^SG) ^TN",,,,,
68,2515888,236949,5,0.15,1.0,0,neutral_reaction,@AmazonHelp About 3000 times || @AmazonHelp Did all the troubleshooting. It’s finding a network that is a half mile away yet not mine that is next to it. || Why does my @115821 Firestick say WiFi not in range when the router is next to it and all other devices are fine?,"@236949 That's odd! Please give us a call here: https://t.co/hApLpMlfHN so we can do some real time troubleshooting and get this taken care of with you! ^TR || @236949 I'm so sorry for this frustrating experience, Cate. Have you tried resetting the Firestick?  You can also check these troubleshooting steps here: https://t.co/myQQnFj2FM ^HS",,,,,
69,1572206,484671,10,0.25,0.0,1,neutral_reaction,@AmazonHelp quiero quitar la subscripción de Kindle || @AmazonHelp No me pone nada de eso || @AmazonHelp Esto es lo que me pone continuar la subscripción yo tengo una. Cuenta gratuita || @AmazonHelp Unlimited || @AmazonHelp O lo he enviado por DM para q veías el error || @AmazonHelp Ok,"@484671 Hola Juan, puedes gestionar tu suscripción de Kindle Unlimited en este enlace: https://t.co/Kjpz9Dyda0. ^LG || @484671 ¿Qué te indica en el sitio web, Juan? ¿La membresía que deseas cancelar es Kindle Unlimited o Prime? ^LG || @484671 ¿Nos podrías enviar un print de la página o del error? ^MB || @484671 Te enviaremos una respuesta por DM, Juan. ^LG",,,,,
70,2964013,817827,10,1.0,1.0,0,negative_reaction,"Trying to do some holiday shopping and @115821 has screwed up 1/2 the deliveries.  I'm done.  ""Prime"" is a joke. Off to the mall I go.  I'd rather deal with idiot people in person than idiot people who sit behind ""noreply"" email addresses.  😠 || @AmazonHelp I tried contacting your customer service and got a generic email back.

No answers to my questions.  No accountability for the problems your service caused.

Do you honestly think I need more generic corporate answers? || @AmazonHelp The *latest* issue is a 3rd party item that's ""in stock"" but my order hasn't been shipped despite being placed 9 days ago. || @AmazonHelp Despite being in stock the email gives no delivery date. ""They need to contact the shipper"".

10 days later I'm still waiting for that to happen.  No estimated date.  Shipper not contacted.  My time wasted (Again). 🖓 || @AmazonHelp You have *got* to be kidding me with this reply. 

Go back and read the message thread.  The answers are there.

As I said from the beginning, classic corporate ""noreply"" garbage.","@817827 I'm so sorry to hear this, Jordy! We like our customers to have a great experience with us, and it seems we've let you down! Without posting personal account information, tell us more about your situation. We're here to help! ^FR || @817827 What was advised in the email? Do you have a current order that's late or damaged? Can you tell me who the seller was, Amazon or third-party? You can see that here: https://t.co/PyACxvY8Qo along with the status of the delivery. ^FR || @817827 What was the delivery date provided in your order confirmation e-mail: https://t.co/CQwB2hEdGx? Have we missed this? ^CL || @817827 I understand your frustration, Jordy! Is the item being fulfilled by us or a third-party seller? If your order is fulfilled by a third-party seller, then they will be in the best position to assist you. You can reach out to them here: https://t.co/12IMfyP65I ^AR || @817827 We'd like to look into this in real-time, as we don't have access to your account via Twitter. This will give us an opportunity to check all available options. When you have a moment, please contact us by phone or chat here: https://t.co/dNXwBZPiM6 ^AC",,,,,
71,2797147,488422,9,1.0,1.0,0,positive_reaction,"Pay for @115830 prime to have it delivered on the day it supposed to says would be delivered by 8pm 2nite and still not received it this is unacceptable in my opinion paying for a service that's not delivering, customer service are useless and it's the 2nd order I not received || @AmazonHelp Thank you so frustrating || @AmazonHelp I have emailed them but feeling am going round in circles with it all thanks || @AmazonHelp Have emailed them I was onto live chat and they are saying nothing they can do I don't understand  why you not for filling prime orders just very disappointed. || @AmazonHelp Ok @amazonhelp I have emailed you with concern of order not for filled. || @AmazonHelp Thank you much appreciated","@488422 I'm sorry for the frustration! We'd like to take a look into this with you. When you have a moment, please contact us by phone or chat here: https://t.co/qy3J24VGxb ^AC || @488422 Please try reaching out via phone or live chat, so it can be looked into and discussed in real-time. ^WJ || @488422 A representative will be reaching out to you shortly to further investigate. Please let us know if you have any other issues or concerns. We're here to help. ^FJ",,,,,
72,1010362,359076,8,0.85,0.0,0,positive_reaction,"@AmazonHelp I have ordered echo dot, said prime membership is free for a year, when the prime membership wil b activate? Aftr delivry? || @AmazonHelp Hello @AmazonHelp i got my order bt did not get any coupon or prime membership details, hw can i get this? prime membership nt yet activtd? || @AmazonHelp That worked!!! || @AmazonHelp Yup thanks 👍","@359076 Have you reported it to our support team yet? If not, please do so using this link: https://t.co/vlvfJrlYEH for more help. ^RS || @359076 Great! We're glad to know that. Please feel free to reach out to us for any further concerns. ^EM || @359076 Prime Membership will be active from the date of the dispatch of the order. Hope this helps. ^CB || @359076 You're most welcome. ^CB",,,,,
73,2750412,770032,4,0.75,0.0,0,neutral_reaction,"@AmazonHelp hola,hice un pedido y pagué para que me lo entregasen en 24 horas y no ha sido así, sigo esperando mi paquete ¿a quién reclamo? || @AmazonHelp la compra la realicé  en Amazon y pague por entrega en 24 horas con correo express, tenían que habérmelo entregado ayer","@770032 Hola, Elena. Sin compartir información de tu cuenta, dime, ¿cuál es la fecha de entrega indicada en el correo electrónico de confirmación del pedido? ¿Realizaste la compra en https://t.co/nUUp5MLhYl o algún otro de nuestros sitios? ^CR || @770032 Lamentamos que no tengas tu pedido. ¿La compra la realizaste en Amazon.es? Además, ¿Qué indica la información de seguimiento de la orden? ^AV",,,,,
74,661322,141432,4,1.0,1.0,0,neutral_reaction,"@115850 again false update by amazon. package delivered on 22nd but the tracking says its 20th.. All proves are here 
fake company. all are plan to save compensation https://t.co/hhapRWTcBz || @AmazonHelp it is to show all that how amazon is fooling customers and giving no compensation","@141432 Apologies for the incorrect tracking update. I'll be sure to pass this as feedback to our team internally. Please don't provide your order details, we consider it to be personal information. Our page is visible to the public. ^MO || @141432 That's quite a remark, Arghya. We do not have compensation or price match policies with us. Appreciate your understanding in this regard. ^SV",,,,,
75,348551,198969,4,0.75,0.0,0,positive_reaction,@115850 Really disappointed with amazon chat agent. Closed my chat even when i was online. This was not expected from Amazon.  😞 https://t.co/fPDPLcpuYc || @AmazonHelp Great to see such a fast response,"@198969 I'm sorry to hear that. Could you please tell me your concern so that I can assist you accordingly? (1/2)^AU || @198969 Please don't provide your order details, as we consider it to be personal info. Our Twitter page is public.(2/2)^AU",,,,,
76,2899670,363330,10,0.7,1.0,1,neutral_reaction,I’m still getting charged after promised for a refunded program huh ? I’m loyal to you guys @AmazonHelp || @AmazonHelp I DM you guys no respond wow || @AmazonHelp 2 hours ago lol || @AmazonHelp Nope nothing || @AmazonHelp I was provided that I’ll get refunded for norton because when I downloaded it didn’t connect to the server,"@363330 I'm sorry for any trouble caused by the unexpected charge, Matthew. Could you let us know what the charge is for? We'd like to help in any way we can! ^FD || @363330 I apologize about the delay! When did you send us the direct message? ^GP || @363330 Ah! Sorry for the delay! What's the current status of your refund here: https://t.co/HbKs2YFewT? ^WT || @363330 Hmm... have you been able to reach out to us in real time (via phone or chat) about this? If so, what information and options were you provided? ^BL || @363330 I'm afraid we can't see account details here on Twitter but please don't hesitate to reach out once more so we can double check that refund: https://t.co/hApLpMlfHN ^BG",,,,,
77,1082206,375282,2,0.4,1.0,0,silence_after_action,@123644 @115821 STOP https://t.co/PjO0c8raqT,"@375282 We’re always looking to improve, and would be happy to accept your packaging feedback here: https://t.co/TH7UAFZey5 ^BV",,,,,
78,701367,287427,6,0.75,1.0,0,neutral_reaction,@AmazonHelp I have 2 charges from amazon digital downloads on my dutch credit card but not used this card to download anything via amazon. Could you help me to figure this out? || @AmazonHelp The description says AT17322__credit_card__ and AT17321__credit_card__ || @AmazonHelp It’s a US dollar account so must come from the United States. Is there a way to chat now or is everything closed,"@287427 I am sorry you have a charge you are unfamiliar with! Without divulging any personal details, what is the description shown next to the payment? ^DJ || @287427 We'd like to take a look at this with you. Since we don't have access to account information over Twitter, please give us a call or chat with us here: https://t.co/JzP7hlA23B ^MH || @287427 Chat support is still available in the US; you can reach out to them using this link instead:  https://t.co/hApLpMlfHN ^GS",,,,,
79,2115612,623668,4,0.4,0.0,0,positive_reaction,@AmazonHelp Looks like Amazon spammers😑 https://t.co/d3C858yb3d || @AmazonHelp Thanks! Will do :),"@623668 You can report any suspicious e-mail here: https://t.co/4jXJE0G2uV ^DD || @623668 Anytime, Tonja! We are always here to help. Let us know if you have any other questions or concerns. ^AL",,,,,
80,1431358,452379,6,1.0,0.0,0,positive_reaction,"@115850 Today i bought Boat earphones, but they are unfit for my ears. Please help me for the refund or help me to buy the different one. || @AmazonHelp Thanks for the prompt reply.But, it is asking for replacement. But i need a refund or exchange || @AmazonHelp Last question can i replace the product from the another one, viz:- boat wants to replace with skull candy, please a request to help.",@452379 Sorry for the trouble with the earphones. Please connect with us here: https://t.co/00q4Sqj9zL and we'll be glad to assist. ^KA || @452379 We only accept replacement as of now. You may refer to the return policy here: https://t.co/S4eX6UOjIb ^RW || @452379 I'm afraid we'll not be able to provide replacement with a different product. ^GK,,,,,
81,115923,141805,6,0.75,1.0,0,negative_reaction,"@AmazonHelp Tried to top up my acc using my @141806 giftcard and you've locked me out if my acc. Urgently need access! || @AmazonHelp Yes. I've replied but it's saying I may have to wait a day?! I don't understand why I have been blocked in the first place. You accept @141806, right?! || @AmazonHelp @141806 Am I wrong in thinking I simply top up my acc via ""gift card"" section and use my @141806 One4Allas a Visa Debit card? || @AmazonHelp Extremely inconvienant service, too be honest. I logged in&amp;had to verify my acc (as I'm travelling &amp; on a diff IP address) to then be locked out. Thank GOD for @6614",@141805 So sorry for the trouble! Have you received any e-mails from our Account Specialists requesting information from you? Be sure to also check your spam/junk folders. ^BL || @141805 We aren't able to view account information via Twitter. Please wait for our Accounts Specialists' correspondence and check the spam/junk folder of your e-mail account as messages may be filtered to there. ^DO,,,,,
82,152028,150740,7,0.6,0.0,1,negative_reaction,"Actual footage of me dealing with @115830 and @AmazonHelp today. https://t.co/0GtGPgowL1 || @AmazonHelp Oh just the usual delayed packages, then wrong items received and then after 2 hours of talking, £10 promo credit received. || @AmazonHelp Not a solution that I was overly happy with, no || @AmazonHelp We can talk about this in DMs if you like","@150740 I'm sorry for any troubles caused, Fraser! Without sharing personal account information, could you let us know what happened? We're here to help! ^TH || @150740 I'm very sorry for this poor experience, Fraser. That's not the service we strive to provide. When speaking with us, was our agent able to provide a resolution for the delayed and incorrect items received? ^TH || @150740 I've enabled DM at the bottom of this message. We'd like to talk through this to see if we can help! ^KJ https://t.co/1XyLaGkcaN",,,,,
83,2149578,631765,2,0.0,0.0,0,neutral_reaction,"Amazonリーデぃんぐ
アンリミテッドの解約方法教えて欲しいだれか。","@631765 Kindle Unlimitedの解約をご希望でしょうか？
以下のリンクより「Kindle Unlimited会員登録のキャンセル」を選択いただくことで次回更新を行わず、キャンセルとなります。
https://t.co/eGqHh60q5c　MH",,,,,
84,571685,254314,16,1.0,1.0,0,negative_reaction,@115850 how can you charge for a product more than its actual #MRP????  @186226 @125519 @117013 https://t.co/dkJeTsMrsP || @AmazonHelp Do you understand that it is illegal to sell a product more than its MRP in India? What kind of justification is this?  @186226 || @AmazonHelp MRP is something that is mentioned on the box of the product. It cannot vary in different regions in India. That is a shocking answer.it cannot have such a huge variance as it is I'm this case.  if there are price changes you have to ensure the right price is updated  @186226 || @AmazonHelp @146956 @120319 @734 @1755 . Request to see the kind of justification that #Amazon gives for selling a product at more than its MRP. Far from being apologetic they offer illogical answers. #BanAmazonInIndia || @AmazonHelp Does not satisfy me as a customer at all. @115851 . This is such a huge error. Sorry Jeff you just lost a customer for life. || @AmazonHelp Sorry but I have moved on. See the kind of disparities that exist. The point is that you guys are not willing to accept a mistake and that is a huge concern. The mistake is not small that it can be ignored. @186226 @115851 || @AmazonHelp First you need to admit that there has been a mistake. Second correct the error on the website so that customers don't feel cheated. https://t.co/vWjVqb3Szw @186226 @115851 || @AmazonHelp Absolutely no need. This would mean that you guys will not admit that there has been an error.  @186226 @115851 . Sad. Really sad || @AmazonHelp I am done sir. Will never again shop on amazon. @186226 @115851,"@254314 I understand your concern regarding the pricing, Karthik. However, pricing and offers are decisions of the sellers. The constantly changing marketplace and our efforts to offer you the lowest price may result in fluctuations in our prices over time. ^AH || @254314 We try to ensure that the MRP mentioned on the website is same as the MRP mentioned on the product that is delivered to you. However, occasionally, the MRP might differ due to reasons listed here:https://t.co/V6G4Ud0lwe Appreciate your understanding.  ^EM || @254314 I shall forward your feedback to the concerned team for review. Appreciate your understanding in this concern. ^HR || @254314 I understand your concern karthik, please contact us here: https://t.co/rS49hgaADF so that we can assist you accordingly.

Siddharth | Amazon Customer Service || @254314 We'd like to help you, Karthik. Please reach out to us through the link provided earlier and we will look into this for you. ^AH || @254314 I understand your concern. As mentioned earlier, please contact us through the link provided. We'll assist you further. ^JS || @254314 I understand you're upset with the issue. Please reach us through the link provided earlier, we'll get it checked and help you out. ^AP",,,,,
85,830140,317671,5,0.75,1.0,1,neutral_reaction,@115821 @115823 @36561  I recharge my Idea mobile through amazon pay for talk time but I received data balance when friend don't use || @115821 @115823 @36561 Friend don't use amazon pay it's not responsible payment option,@317671 We've responded to your query via DM. Kindly check. ^PS || @317671 I'm sorry to hear that you're upset due to an issue with pay balance. Could you let us know if 1/2^AP || @317671 you've reported the issue to our support team as requested? 2/2^AP,,,,,
86,900418,333748,2,0.6,0.0,0,silence_after_action,"Mi nuevo pasatiempo es saber el status de mis pedidos de @116875, soy sola","@333748 Eso puede contar como pasatiempo, pero recuerda que no estás sola porque nos tienes a nosotros ❤️ ^AV https://t.co/TsTqxOBbAh",,,,,
87,235187,172009,29,0.45,1.0,0,negative_reaction,"@AmazonHelp Now i can upload the voice recording 😡
I think amazon do not solw my problem !!! || @AmazonHelp I can't received in mail in my mail box || @AmazonHelp Now amazon will not responding so i will meet in grahak suraksa office and i will complain of this issue good bye || @AmazonHelp I will wireal thi my issue in all social media ok || @AmazonHelp Then u can track my amazon account || @AmazonHelp Now i don't have time b'coz amazon service is already 20 days waiting to me || @AmazonHelp How many time to i can feeling in my erlier data tell me ? 
I can already feel in my details || @AmazonHelp This is final time ^MS contact in my Amazon account 
Of this number 8980420100 ok || @AmazonHelp Now i m going to police station and registration complain of cheat with me 😡 || @AmazonHelp I want my money other wise i don't have any options of the action on amazon service || Amazon is not give in my money im waiting for last 20 days that's means Very poor service of Amazon shopping. 😡
 @115821 @12747 https://t.co/P7sz7iinYc || @AmazonHelp I can't explain it b'coz it's to long || @AmazonHelp Agar app refund nahi kar sakte to me sms bi delete nahi kr sakta and social media me wireal krta hu || @115821 @12747 This is a call history https://t.co/0gA1qpTfPZ || @AmazonHelp U can call me.in personally 
8980420100 || @AmazonHelp I can already send of erlier sms reply !!","@172009 You may check the email correspondence to your e-mail id. Please do keep us posted if the issue remains unresolved. ^RD || @172009 Sorry for the inconvenience. Please check in the inbox or the spam file and revert back to us for further assistance. ^GU || @172009 As informed earlier, you must have received a correspondence from us. Please revert to it for any further issues. ^YP || @172009 I get you being upset, Mitul. However, please revert to the email you've received from us for updates. ^MS || @172009 As requested earlier, kindly respond to the latest correspondence you received from us. We'd appreciate your understanding. 1/2 || @172009 Please don’t provide the order details, we consider it to be personal info. Our Twitter page is visible to public. 2/2 ^MA || @172009 Sorry about the stretch. Could you tell us what exactly went wrong? ^MS || @172009 Mitul, we'd like take a closer look, please drop in your details here: https://t.co/GIJyeYqKE0 and we'll reach out to you. ^MS || @172009 Could you please let us know if you've filled the details in the link provided earlier? ^RB || @172009 shared earlier so that we can look into it. 2/2 ^SB || @172009 We do not have access to your account details over Twitter. Please drop in your details in the link 1/2 ^SB || @172009 Thank you for filling your details in the link. I've checked and see we've received your details. ^NR 1/2 || @172009 Please allow us sometime to work on it and get back to you an update. ^NR 2/2",,,,,
88,2408719,692616,6,1.0,1.0,0,negative_reaction,"@115850 bad service, items not delivered on time. Customer service hung-up without sorting the issue out. delivery team updated false info. What makes you brag about your services? || @AmazonHelp You had no intention of sorting out the issue! That's for sure!!! || @AmazonHelp Stop assuring. 7 agents did that today!","@692616 Apologies for the experience, that wasn't intended. Please share your details here: https://t.co/GIJyeYqKE0 and we will get in touch with you. ^BS || @692616 If you've shared the details in the link provided to you earlier, I can assure you that our team will look into this and get back to you soon. ^SU || @692616 I get you being disappointed, Mahesh. As our team is already working on the issue, they will surely get back to you with an update. Request you wait. ^NK",,,,,
89,355601,200479,9,0.85,1.0,1,negative_reaction,"@AmazonHelp Please share the time line.
How much time it will take to resolve this issue as I had already returned my product to Amazon. || @AmazonHelp Waiting for your response since long.
Kindly update me at the earliest. || Somehow in the Evening I had received another Text Massage from Amazon that my Phone pickup was cancelled due to customer refuse to Return. || @AmazonHelp What is mean of at the earliest as I'm following up since 2nd October 2017 and till date there is no update.
Please suggest || @AmazonHelp Kindly give me the final time line so that I will coordinate with you accordingly.
Waiting for your kind and quick response. || @AmazonHelp It is highly unprofessional and disappointing that it is taking so long such issue.",@200479 We've responded to your query via DM. Kindly check. ^PS || @200479 We value your time. We are working on your issue and will resolve it at the earliest. ^CB || @200479 Apologies for the stretch. We're working to resolve this soon for you. Your patience is much appreciated. ^VN,,,,,
90,2919948,808164,6,1.0,0.0,0,negative_reaction,"@AmazonHelp so why would amazon cancel my order when all I asked for was an update because it wasn’t in. Now you want me to pay an extra 60 bucks to reorder my items because the sales over? #baitandswitch || @AmazonHelp I did, I am currently on the phone. I was told to reorder from a third party vendor since amazon is out stock. And that amazon won’t match the price of the game from when I ordered it because there is no price match policy. || @AmazonHelp And that a manager will be “in touch” within 1-3 hours - with no case reference, no email to my account and no way to follow up. I had to push the rep to give me some form of notice that the issue was being elevated. || @AmazonHelp The outcome so far is I am left in limbo, without my parcel and waiting for a call back from a manager to get a resolution involving amazon honoring the price I paid on Friday for the items.","@808164 I'm so sorry for the trouble! Have you been able to reach us by phone or chat for assistance? If so, what options or additional insight did we provide? ^LR || @808164 We appreciate the information. Please let us know the outcome of your follow up. ^GG",,,,,
91,536515,244315,5,0.75,0.0,0,neutral_reaction,"Quand j'ai vu que amazon avait utilisé TNT au lieu UPS, je me suis dit ça va encore être la merde... et j'ai eu raison, livreur soit disant passé et j'étais absent... mais bien sûr :D.. merci @7776 || @AmazonHelp __credit_card__ le numéro de suivi.Livreur qui ne s'est pas présenté malgré ce qui est écrit (j'ai re-planifié en relais du coup). Pas dramatique mais dommage... et je reçois beaucoup de colis de différents services de livraison pendant l'année (principalement pour un usage pro)","@244315 Bonjour, pourriez-vous nous en dire davantage sur le problème de livraison que vous rencontrez je vous prie? ^BR || @244315 Bonjour,
Je suis désolée d’apprendre cela. Avez-vous contacté notre SAV pour leur faire part de la situation ?
^MD || @244315 Avez-vous signalé cela à notre service?
^YL",,,,,
92,1616325,297095,5,1.0,0.0,0,negative_reaction,"@115851 Your goal for 2018 should be fix your major shipping issues. We pay Prime so @115821 can take 2 wks for something to be... || @115851 @115821 ...shipped from your warehouse. 2 day shipping means nothing when it takes TWO WEEKS 2 even be shipped FROM UR WAREHOUSE || @AmazonHelp  Ive already spoken to customer service hence my frustration.It’s happened before where if it hasnt shipped by now,it never will || @AmazonHelp ...name?” “By the way, what’s your address.”","@297095 Hi, sorry to hear that, some orders may take longer to dispatch, has the delivery date stated in the order confirmation email passed? ^JJ",,,,,
93,1035132,364857,4,1.0,1.0,0,silence_after_action,@115850 I have a brand new Samsung refrigerator waiting to be installed. 405-2344255-8252311 is my order number. 2 days and counting.,"@364857 I’m sorry about the delay in installation. We will look into to it. Please connect with our support 1/3 ^SB || @364857 order details as we consider them to be personal information. Our Twitter page is visible to public. 3/3 ^SB || @364857 team here: https://t.co/vlvfJr4nN9. We’ll sort this for you. Also, please don’t provide your 2/3 ^SB",,,,,
94,1007736,358468,10,0.6,0.0,0,negative_reaction,@AmazonHelp Today you couldn’t deliver because you couldn’t gain access to a flat that has a trades button AND A PORTER who could have given access...👀 || @AmazonHelp What a shambles of a replacement of an order you’ve already messed up quite considerably || @AmazonHelp That will be the fourth time about the same item. It seems there’s not a lot of point because you just cannot get it right! || @115821 customer service is so slow and painful. If you can fly a package to someone with a drone you can run a functional chat feature... || @AmazonHelp Two disconnected chats and a third attempt later and my Prime package is still four days late but marked as ‘handed to resident’. || @AmazonHelp Re-sending (which I requested to a different address) or a refund. But neither really solve the problem that it’s Prime and late.,"@358468 This isn't at all what we intend! Please, do report this directly via phone/chat here: https://t.co/JzP7hlA23B ^JE || @358468 Sorry for the poor experience! Without giving account info, can you tell us what's going on? We are here to help! ^AD || @358468 What options were gone over when you contacted in earlier? ^DO || @358468 I'm sorry we missed the mark on this order! Let us know if you have any issues with your replacement. We're happy to help! ^JS",,,,,
95,2819197,785814,9,1.0,1.0,0,negative_reaction,"Ordered One Plus 5T on 20.11.2017. Received this instead on 24.11.2017. Now I am asked to wait for the investigation team to trace out the product, pending which they will neither return nor deliver a fresh piece. Absolute nonsense!
@115850 https://t.co/cdwH6fA5mB || @AmazonHelp I have raised an issue with respect to the same last Friday. And I have been assured that the investigation team will try tracing out the product ordered by me in 3-5 days. However, I am appalled by refusal to send me another phone notwithstanding the pending investigation. || @AmazonHelp Reason being, I should not be bothered about the location of the phone I ordered as it did not arrive in my address. You should have ensured delivery of the product ordered instead of saddling the burden on the courier services, which is anyway your internal issue. || @AmazonHelp I am concerned about delivery of the phone I ordered asap, else you are to initiate refund of the same with immediate effect. The delay caused in delivering the product due to the negligence of your courier services or for whatever reasons should not be saddled on the customer. || @AmazonHelp I have filled in the details.","@785814 I'm sorry about the wrong item delivered. Kindly share your details here: https://t.co/beaaDm0muc and we'll look into this. Also, Please don't provide your order details, as we consider them to be personal information. Our page is visible to the public. ^GK || @785814 Apologies that the investigation team is taking longer than expected. The issue is being looked into. Kindly keep a check on your e-mails as we post all the updates and reply to the correspondence when needed. ^KK || @785814 I completely understand, Soumya. As this is social media, we will be unable to access your details from here. Could you please confirm if you've filled in your details through the link provided earlier? If yes, please be assured we'll get back to you at the earliest. ^PB || @785814 Thank you for the confirmation. I would request you to wait until we check on the issue and connect with you.  ^KK",,,,,
96,1200006,401958,5,1.0,0.0,1,neutral_reaction,"@AmazonHelp ORDER no 4__credit_card__ placed on 12/10/17 not delivered so far , please refund my money or send mobile phone asap || @AmazonHelp I have sent you DM also , please reply to my message","@401958 We apologize for the delay in the delivery. We'd like to help you. Please share your details here:https://t.co/GIJyeYqKE0. ^ZH || @401958 Please don't provide your order details, we consider it personal information. Our Twitter page is visible to public. ^ZH || @401958 We've responded to your DM, please check. ^KA",,,,,
97,431084,217507,4,0.6,0.0,0,positive_reaction,Still awaiting my copy of #TurtlesAllTheWayDown. The 'Delivering' status on my @115830 app silently chuckles at my increasing impatience. || @AmazonHelp Nope not yet - due for delivery today (day of release). I'm just super impatient to get reading! Thanks! #TurtlesAllTheWayDown,"@217507 We would like to help, Sami! Just to clarify, have we missed the expected delivery date? ^AL || @217507 We're excited, too! Let us know if you don't get it today! ^TK",,,,,
98,480451,229180,3,0.25,0.0,1,positive_reaction,@amazonhelp hi..i havea query.. can you just dm || @AmazonHelp Pls reply me ASAP..thanks,@229180 Thank you for writing to us today. We'll reply to you via DM. ^SG,,,,,
99,932290,341145,8,0.7,0.0,1,negative_reaction,"@AmazonHelp Hi Amazon, you've locked my account.  How do I get it unlocked? || @AmazonHelp Thanks, bit I was promised an account specialist would contact me within 24 hours yesterday AM and nothing happened || @AmazonHelp How will the account specialist contact me? || @AmazonHelp Okay, thanks.  The account in question is __email__ || @AmazonHelp Hi, I've received a reply and my access has been restored, but the account specialist has deleted 2 outstanding orders || @AmazonHelp Am I able to contact them directly?  I've received an email with ""Please don't hesitate to contact us"" but I can't contact them!",@341145 I understand. We have responded to your DM about your account. An account specialist will contact you within 24-48 hours. ^AL || @341145 This team operates via email only. ^NV,,,,,
100,2873263,206110,2,0.6,1.0,0,silence_after_action,@115833 I can not seem to have the option of writing a review for Alexa skills can you guide,@206110 You'll receive an email to write the review. Kindly wait until then. ^SH,,,,,
101,426985,216558,4,0.75,0.0,1,positive_reaction,so disappointed in @115821 even the CSR was upset for me. Your service is HORRIBLE.i take days off work and still NADA. #standbyyourword || @AmazonHelp I just spent an hr on phone now you'd like me to type and exodus? If you'd like to discuss please DM me or phone call. Thank you.,"@216558 I'm sorry to hear you've had a poor experience! W/o giving sensitive acct info can you tell us more about what happened? ^KH || @216558 We can DM, if you would prefer. Please direct message us when you have a moment and we will be happy to help! ^AL",,,,,
102,379131,205968,6,0.75,1.0,1,positive_reaction,@115830 I’ve had a totally unsatisfactory experience with customer service this weekend. Can someone from a UK office call me. I’ll dm || @AmazonHelp I’ve messaged in the help twitter account. I have serious concerns of fraud and was fobbed off. I would like someone to call me after 0900 || @AmazonHelp Thank you. Will it be s UK call centre as this is very important. I tried to get resolved over weekend and got no where.,"@205968 Sorry to hear that, you are welcome to DM us. Please don't share sensitive account info. ^JJ https://t.co/1XyLaGkcaN || @205968 Hi, we don't have access to your account here, please contact us at your earliest convenience:  https://t.co/JzP7hlA23B ^AT || @205968 We do not have UK specific contact details - it's for our Customer Service team. ^TD",,,,,
103,956292,311606,3,0.7,0.0,1,negative_reaction,@AmazonHelp Amazon has no control on their delivery team . Poor service || @AmazonHelp Copy paste Reply never serve any purpose.,@311606 We've responded to your concern via DM. Please check your inbox for the same. ^SV,,,,,
104,1118053,383808,4,0.75,0.0,1,neutral_reaction,"Waiting since 5 hrs for a bed assembly from @115850 home services. No contact details given for carpenter. Worse escalation.
#BadService || @115850 No sign of service guy yet! It's been 7hrs.","@383808 We have responded to your DM, please refer. ^MP || @383808 My apologies for the delay, Nandani. We are working on this and will get back to you soon. ^KS",,,,,
105,1619389,496416,3,0.25,1.0,1,silence_after_action,@AmazonHelp Please help to resolve the problem. #Amazon,"@496416 we've provided to you via DM? (2/2) ^MO || @496416 We'd like to look into your concern. Could you please confirm, submitting your details using the link (1/2) ^MO",,,,,
106,447182,220935,4,0.75,1.0,1,neutral_reaction,"This feels like a bit of a random picture, @115830... just looking for a kid’s t-shirt! https://t.co/sipeeXNUZT || @AmazonHelp Sure - I was just looking for plain t-shirts my niece could paint on and this definitely didn't fit the search! https://t.co/gqRGB6I2Jz","@220935 Can you link us to the specific item you're looking at so we can investigate this? You can copy and paste the URL into your reply. If you'd like to DM us, you can use the link below. ^NC https://t.co/1XyLaGkcaN || @220935 The image has been reported and forwarded for review. Thank you for bringing this to our attention! ^JS",,,,,
107,2234307,651731,2,0.4,0.0,0,silence_after_action,"agora tem @117086 aqui, que maravilha 💸","@651731 Muito amor, né? &lt;3 ^VL",,,,,
108,310803,190222,5,0.45,0.0,1,neutral_reaction,"@AmazonHelp yo. Hmu in those dms I got an issue on a couple of my orders || @AmazonHelp yo, I've sent a DM hella mins ago where y'all homies at? || @AmazonHelp Where's my reply big homie, need some assistance with yo broke system",@190222 Thanks for reaching out. You can send us a DM through the link below: ^GG https://t.co/1XyLaGkcaN || @190222 I'm sorry for the wait! I've just replied to your DM. ^AM,,,,,
109,2067271,611311,5,0.4,0.0,1,neutral_reaction,@117086 me ajuda pelo amor de DEUS || @AmazonHelp vou mandar uma dm! 🖤 || @AmazonHelp Respondida!,"@611311 Olá Querildo, como podemos te ajudar hoje? ^VL || @611311 Querildo, já te respondimos a sua dm! ❤ ^DA",,,,,
110,1421291,174310,8,1.0,1.0,1,negative_reaction,Someone playing with my kindle ordered a Sidney book and now can't find a way to cancel that shit. There are other ways to spend that $7 || @AmazonHelp Hello TS. Thank you for reaching out. I've tried to follow the guide but still can't see the option for return. Can I share the order no? || @AmazonHelp Can I DM? || @AmazonHelp That's exactly what I wanted to do so that you can cancel from your end seeing I am not able to even with the guide,"@174310 Hi, you can return the Kindle book by following the steps here: https://t.co/n1zCeindGF ^TS || @174310 Hi, we would not have access to your account via Twitter. Are you getting an error message when trying to return the item? ^CR || @174310 Yup you can indeed- we would ask you don't provide any personal info via DM either such as order/acc info. Thanks ^NV || @174310 If you contact us here: https://t.co/hApLpMlfHN by chat an agent should be able to assist you. ^JJ",,,,,
111,566704,252870,2,0.75,1.0,0,silence_after_action,.@115821 Why did you send me the European version of Forza Motorsport 7 when I live in America? https://t.co/W8envXCQ75,@252870 Sorry for the trouble. Please reach out to us to look into available options with you: https://t.co/hApLpMlfHN ^RR,,,,,
112,1682728,511528,3,0.75,0.0,0,neutral_reaction,"Hi @115821 any reason why a @115786 One X preorder is not delivering on day one?

@AmazonHelp @115828 @XboxSupport #XboxOneX @126456 || @AmazonHelp It’s released nov 7th but amazon emailed me saying it will arrive nov 9th",@511528 Have we missed the delivery date provided at checkout? Did the item qualify for Release Day Delivery:https://t.co/i2SKI7aQai ^ZW,,,,,
113,236169,172248,17,0.6,1.0,1,positive_reaction,"@119625 Can u please tell me the concerned contact regarding film acquisition in india. || @AmazonHelp The link u ve sent is different-M afilm maker &amp;wnt to get in touch with the concerned dept whch deals in movies(theatre)acquisitions n India || @AmazonHelp hello , i have filled the form sent by you, please let me know further... || @AmazonHelp Thank you so much.. waiting || @AmazonHelp How long will i hve to wait for this? || @AmazonHelp I have received it.... which address should i reply the details to? || @AmazonHelp The msg is in my messagea in the amazon app..... i dnt see this email in my mailbox || @AmazonHelp Reply to your email has been sent.
Please check || @AmazonHelp Thankuuuu so much... waiting","@172248 We're responding to your query via DM. Would request you to have a look at it. ^AB || @172248 I certainly got that. Kindly drop in all relevant details in the link provided earlier and we'll get it shared internally. ^AB || @172248 Thanks a bunch for sharing your details. We will reach out at the earliest  to make things right for you. ^CB || @172248 We appreciate your patience. Our team will get back to you soon. ^SK || @172248 Sorry for the delay. Please check here: https://t.co/NTkrxpsbHJ if you've received an email correspondence from our team. ^KA || @172248 Request you to write back to the email you've received from our team with the details and we'll reach out to you. ^GK || @172248 Thanks for the update, appreciate your patience while we work on it. ^MJ || @172248 Thank you for your revert. We'll reach out to you with an update at the earliest. ^SA",,,,,
114,238783,172795,5,0.75,0.0,0,negative_reaction,"@2600 so it appears I am supposed to use Amazon.fr because I live in Belgium? How can I change the language, like on Amazon.de, pls? || @AmazonHelp and can't you implement the same multi language option like on Amazon.de? || @AmazonHelp so you force a country on a French-only platform. And 60% of that country speaks Dutch, available on Amazon.de","@172795 Hello,it is not possible to change the language on the French website, but we offer help in English https://t.co/3WwJvvj9jD || @172795 I'm sorry it's not possible for the moment ^ Ko",,,,,
115,2776362,775759,4,1.0,0.0,0,neutral_reaction,@AmazonHelp why have amazon charged my a extra pound which will effectively not allow me to buy an item as I’ve got £100 the item is £99.95? || @AmazonHelp Does this mean I have to put more money into the bank?,"@775759 Hello, this certainly seems to be an authorization charge. You can learn more here:https://t.co/9M8kZ2XMNU ^CR || @775759 Hi Matt, authorizations are usually released within 3-5 business days though some banks can hold them for up to 7 days. Amazon will not charge you for your order until it has been dispatched, If you consider these timescales the funds may be available for you. ^TI",,,,,
116,69662,131787,4,0.45,1.0,1,neutral_reaction,@AmazonHelp I've sent a message.  Please check and revert. || @115850 hey I need help regarding my order.,"@131787 We have responded to your DM. ^SF || @131787 We'll certainly help you with your concern, Adit. Could you please elaborate on the issue? ^SY",,,,,
117,1867292,557821,4,0.0,0.0,0,neutral_reaction,"昨日、長男さんの誕生日プレゼント用にAmazonで加湿器注文したけど、支払い番号のメールが来ない。
(இдஇ; )
いつメールくれるのかな？
早く支払いしたいのに… || @AmazonHelp 連絡ありがとうございます。
(•ᵕᴗᵕ•)⁾⁾ぺこ
支払い番号のメールが届くのを待ってみます。
(•ᵕᴗᵕ•)⁾⁾ぺこ",@557821 お支払い番号は出荷準備に入り次第発行されます。大切なお誕生日のプレゼントのご注文で、心待ちにされているところ恐れ入りますが、、お届け予定日を目安に番号のお知らせをお待ちいただければと存じます。https://t.co/kMoy2aLjYq  SM || @557821 恐れ入りますm(__)m よろしくお願いいたします。 EK,,,,,
118,1393972,444187,4,0.6,1.0,1,neutral_reaction,@115850 @AmazonHelp @115821  #worstcustomerservice whole day wasted nobody came to collect the faulty device || @AmazonHelp Hi! Don't you check your DM already done that. #worstcustomerservice,"@444187 I'm sorry to hear this. We've responded to your concern via DM. Kindly check. ^VN || @444187 If you've shared your details, our team will check and get back to you with an update soon. Request you to wait. ^NK",,,,,
119,2267186,235034,2,0.85,0.0,0,silence_after_action,Leider passiert das viel zu oft wenn @116316 mit #AmazonLogistics versendet. Und dafür zahlt man für Prime... https://t.co/eLnT6myQxI,@235034 Melde dich bei uns im Amazon.de Social Media Team: https://t.co/cUDnC8mjd7  Wir haben über Twitter keinen Einblick. ^BL,,,,,
120,340491,197325,6,0.0,0.0,0,neutral_reaction,"Amazonで注文した商品、お届け予定期間を過ぎたけど、届いてないまだ… || @AmazonHelp マーケットプレイスでレコードを買ったんですが、海外からの発送のせいか配送状況がわかりません。
以前、別のレコードを買ったら海外からの発送で１か月近くかかりましたので、今回ももう少し待とうと思います。 || @AmazonHelp わかりました。ありがとうございます。","@197325 Amazonです。ご心配をおかけしております。発送済みの場合は注文履歴よりご状況を確認することができますがいかがでしょうか。SK || @197325 さようでございましたか。お待ちいただけるとのことですが、もし発送状況について確認が必要となった場合は、出品者にお問い合わせをお願いいたします。https://t.co/bpqWb4Zbe4 MH || @197325 とんでもございません。
お待ちいただく形となり大変恐縮でございますが、どうぞよろしくお願いいたします。
また何かお困りの際にはいつでもご遠慮なくお知らせください。　MH",,,,,
121,1209882,391729,5,0.75,0.0,0,neutral_reaction,"AYER: no llegó por ""incidencia logística"".
HOY: 8:17, ""en reparto"". 13:03, sin noticias.
@AmazonHelp responde.
@137605 no responde. https://t.co/riSxUhLkHp || @AmazonHelp @137605 La entrega. Día 2. https://t.co/LuJ0SYJgKG || @AmazonHelp Esta ha sido la única respuesta. Por DM, nada. https://t.co/DLyuvb3JaX || @AmazonHelp Ya puedo levantar el campamento. @AmazonHelp, @137605, al fin ha llegado.","@391729 Hola Manguzmán, lamento el atraso, ¿Has recibido alguna respuesta por parte del transportista? ^AZ",,,,,
122,826605,316899,6,1.0,1.0,0,positive_reaction,"Hey @115821, what do I do if https://t.co/iFw36EbhrS says I rescheduled delivery of my package, when I absolutely did not? I was looking forward to it arriving tonight. :( || @AmazonHelp It says it was shipped via USPS. || @AmazonHelp With an expected delivery time of 8pm tonight, but it was rescheduled (not by me!). || @AmazonHelp Done. Thank you!","@316899 I'm sorry for the unexpected change! Just to confirm, who's the carrier on the order shown here: https://t.co/q4LAMZ3tbE? ^JN || @316899 That's strange. Let's take a closer look at this with you. Please click here: https://t.co/hApLpMlfHN so we can assist. ^NM",,,,,
123,2545339,723481,4,1.0,0.0,1,positive_reaction,"I'm very confused @119038 and @115830 I have Twitch Prime, I have linked my Amazon UK account to Twitch. However, when ever I log into AmazonUK it tells me I have no Aamazon Prime, are those 2 different services? I thought they were the same thing. || @AmazonHelp Thank you. Having done Twitch Prime through twitch I was just confused. Thanks for the help 🙂","@723481 Hi, Amazon Prime and Twitch Prime are separate subscription services. It is possible to link them but you would need sign up for Amazon Prime first. You can find more info on this here: https://t.co/pMeABXOEOY ^BZ || @723481 We wanted to chime back in &amp; help clarify our response! Looks like Khaine &amp; Eli have given the correct info.  Twitch Prime is included w/ the Amazon Prime subscription, you just have to link the accounts. If you're having issue w/ either, please DM us. Game on! ^TM https://t.co/1XyLaGkcaN",,,,,
124,838266,167356,8,0.6,1.0,1,negative_reaction,"@AmazonHelp @AmazonHelp  apart from understanding concern and apologising, did u ever got a chance to say, ""we are happy to have you""? || @AmazonHelp @AmazonHelp  y u can't keep me happy and say thanx? Everytime u say sorry. @37071  enjoy dis. || @AmazonHelp @AmazonHelp  u always understood the concern but didn't do anything. Loosers || @AmazonHelp @AmazonHelp  Ur useless","@167356 Sorry about that Mihir. Please share your details in the link shared via DM. ^HN || @167356 We've not yet received your details yet. Kindly share your details through the link provided earlier and we'll help you. ^EM || @167356 I'm sorry you're upset. We'd like to help you. Did you share the details after the recent request? ^HA || @18454 understand your concern, however, currently we wouldn't be able to transfer the remaining pay balance to your account. ^RD",,,,,
125,2652306,748025,4,1.0,1.0,0,negative_reaction,"@115821  I never knw changing d shiping adres for a product orderd would be such a headache n wud end in not receiving a product.
I actualy plnned to gve a Phone to my mum on her anni n I get to knew tht the order cannot reach to me due to some run time error
#improveYourservice || @AmazonHelp @115821  the link says you guys would reply in 12 business days ?
Can this issue be sorten out ASAP ?","@748025 I'm sorry your order hasn't been delivered. I understand how important the package is. I'd like to sort this out, please share your details here: https://t.co/jd9WdSHCfi and I'll get back to you. ^SH || @748025 We have received your details. We'll work on it and get back to you with an update at the earliest. Appreciate your patience and understanding in this regard. ^SB",,,,,
126,387122,207638,6,1.0,1.0,1,negative_reaction,"@115821 You guys Acting very smart. Every time I face delivery issue. From Saturday onwards my product shows out for delivery, (1/2) || @AmazonHelp I dont understand, wht is wrong with you and with your courier agency. Please find delivery guys number +91 7007438874, 7506020139. (1/2) || @AmazonHelp Very rude ur courier team. Dont know how to talk with the customers. And you guys dont take any action on them, thats why the are free (2/2)",@207638 We're following up on your concern over DM. ^YP || @207638 Please fill this form: https://t.co/beaaDm0muc so we could get this resolved and revert to you on priority.(2/2)^RS || @207638 We apologize for this. I will forward your feedback internally to help us improve customer experience.(1/2)^RS,,,,,
127,145769,149064,7,0.7,1.0,0,positive_reaction,"@AmazonHelp: Hi.  Is there any way to Cancel amazon Prime Trial so I can use it at another time? || @AmazonHelp So, can you confirm, will I be able to Active the Trial at a later date or not if this is Cancelled currently?

Thanks! || @AmazonHelp I mean, is there any way for users to De-Activate Trial of Prime?  My Trial hasn't yet been Activated, so just wondering if I can prevent this before is it fully Activated?  Just curious.  Thanks in advanced! || @AmazonHelp Understood.  Thanks for your answer.

How long does the Trial last for?","@149064 Hello there! You can definitely cancel your Prime trial at any time, but you will not be able to use the free benefits later. If you don't cancel, you will automatically continue to a paid membership after the trial: https://t.co/vlwG9yh30X. I hope this helps! ^SD || @149064 Even if you cancel the 30-day Free Trial, you'll still receive the benefits for the remainder of the 30-day period, and won't be able to active a Free Trial in the future. Canceling the Free Trial keeps the membership from renewing at the monthly/yearly price. ^LB || @149064 The Prime trial is 30 days.^PK",,,,,
128,789318,308223,3,0.85,1.0,0,silence_after_action,@115850  facing issue with order 408-7317716-1118709. can someone look into it,"@308223 Please don't provide your order details, as we consider it to be personal information. Our Twitter page is public. (2/2)^AU || @308223 I'm sorry for that. Please fill this form: https://t.co/beaaDm0muc and we’ll contact you at the earliest. (1/2)^AU",,,,,
129,877604,328033,8,0.75,1.0,0,negative_reaction,Does anyone personally know someone who is a software tech at @115821? I need to push this problem with @116935 up the chain. || @AmazonHelp I have opened another case. 0128238048. I am unable to upload music to my library. It crashes\freezes. This has ALWAYS been a problem. || @AmazonHelp Your 250K music upload service doesnt work well at all with large libraries. || @AmazonHelp App slows over days to the point where it is unusable. I have to delete and reinstall. Then it works for a few days then stops again. || @AmazonHelp Software for PC has all kinds of trouble uploading. Upload a 12 track album and maybe one track gets uploaded. Then it doesnt work at all || @AmazonHelp Tech support is instant. But you can tell they have never used the services and have no idea what I am talking about.,"@328033 Thanks for reaching out! Can you tell us the issue you are facing? We'd like to help! ^KJ || @328033 Sorry for this experience, Trey! What did we advise you when you opened the case with us? We're here to help. ^AX",,,,,
130,142074,148060,2,0.6,0.0,0,silence_after_action,Danke @116316 für die professionelle Lieferung eines Elektrogerätes. Vielleicht wären Antiaggressionsprogramme für eure Lieferdienstler angebracht ? https://t.co/pgFBEALpIk,@148060 Oha :-/ Ist denn wenigstens der Inhalt in Ordnung? ^MS,,,,,
131,2353819,680133,3,1.0,0.0,0,neutral_reaction,"Ordered @119038 merch off of @115821 last week. Shipped with #amzl_us .. refunded b/c 3 days late. Still never delivered. Tried again (same merch) expected today.. but it's #amzl_us again, and not out for delivery yet. Will I ever get my Twitch hoodie? 😢 || @AmazonHelp I received it!! Hopefully this is the better example of service going forward.","@680133 I'm very sorry for the recent delivery experiences, Amber. Please let us know if your hoodie doesn't arrive by 8:00 PM. We'd be happy to assist in any way possible! ^SK",,,,,
132,2392739,686479,2,0.7,0.0,0,silence_after_action,@AmazonHelp Delivery services from Amzon is very poor and unprofessional. Very bad Amazon..,@686479 Sorry for any inconvenience you've faced. Please let us know if any of your concerns went unaddressed. ^PJ,,,,,
133,347171,198679,2,0.85,1.0,0,silence_after_action,"Same product, different @115821 packaging method. #fail https://t.co/nk3nqSkj12",@198679 I'm sorry your order arrived in this condition. Please send your feedback/requests here as well: https://t.co/4geYFbRpx8 ^GG,,,,,
134,493511,232647,2,0.25,0.0,1,silence_after_action,@AmazonHelp  I need help can I send a dm,@232647 Sure! So long as you follow our page you can send us a DM. ^AP,,,,,
135,830164,317677,2,0.0,0.0,0,silence_after_action,Amazon登録もしてないのに商品発送とか言うフィッシングメールが来たわ,@317677 アマゾンです。当サイトを装い個人情報を取得しようとする詐欺が発生しているようですので、ご注意くださいませ。当サイトからのメールかどうかの識別についてはこちらをご参照ください。https://t.co/dUkTOi6kQb ET,,,,,
136,317583,191797,4,0.6,1.0,1,neutral_reaction,"Hi @115850 I can not direct DM to you, @172142 Plz help me. https://t.co/J4Hs28M02e || @AmazonHelp Hi, I send my details to you.","@191797 Congratulations, Ratan! Please DM your details @AmazonHelp ^KA || @191797 Thanks for the update. We'll check and get back to you at the earliest. ^HA",,,,,
137,907090,335385,2,0.25,0.0,1,silence_after_action,@AmazonHelp hello I dm’d need immediate help,@335385 I've replied to your DM. ^MB,,,,,
138,975062,337836,22,0.75,1.0,1,negative_reaction,"@AmazonHelp @115850  nw i m going2 promote d hashtag called #amazonCheats u hv tkn fight wid wrong media person.. ORM team gona hv bad tym || @AmazonHelp hv alrdy told u guys. chk ur dm, u were supos to cl me to sort this. nw i expect this to b sorted within 2hours, els drgn this2consumr court || @AmazonHelp @115821 @115850  ur team isnt efficient... || @AmazonHelp @115821 @115850 @118702 @122599 seems better options now.. atlst thy dnt cheat custmr by cling thm prime membrs deservng prime services.. || @AmazonHelp kindly chk DM, i hv messged ystdy itself. doing it again || @AmazonHelp hw mny times i need to do this?? i hv done it ystdy. pls chk befr syng anythg... || @AmazonHelp ur mail says nthg bt apolgy.  wt shd i do with it nw? i need solution || @AmazonHelp m i hv responded to ur emails. nw if u done plyng reply reply cn u fix the issue. || @AmazonHelp no solution yet, i expected a call frm support team, seems like without a legal case you guyrs arnt gona support. alright. #amazonCheats || @AmazonHelp if its nt delivered tdy the purpose is lost. wtevr u doing shd fix my issues tdy, as mentioned tmrw is wrkng day n i wont b there at home || @AmazonHelp if i dnt gt contct details of delivry guy tmrw whn its disptched thn i m gona mk big deal abt this. ensure tht. sml thing kindly do this mch","@337836 That's quite a comment. Could you please tell us what went wrong, and we'll set thing's right. ^RD || @337836 We are awaiting your DM. You may elaborate your concern here for better understanding. ^RW || @337836 We've sent a correspondence to your registered email ID here: https://t.co/NTkrxpsbHJ. Kindly check. ^PS || @337836 As you've already filled the details, you should've received a correspondence from our team. Kindly check the same. ^AP || @337836 We're following up with your concern here: https://t.co/gmJFME5n2C please refer. ^AG || @337836 We have replied to your DM. ^MJ || @337836 I'm sorry about the stretch. We're working on this and we'll update you soon. ^AR || @337836 We are working on your concern and will ensure to close it at the earliest. Kindly bear with us for a small span of time. ^CB || @337836 and I'm positive your order will be delivered. 2/2^AR || @337836 We dispatch to meet the estimated delivery date. Request you to wait until the estimated delivery date 1/2^AR || @337836 Appreciate your patience. Do keep us posted. ^RW",,,,,
139,1423781,450847,4,0.85,1.0,0,silence_after_action,"@115850 
@AmazonHelp where's my refund ? Enough of fleecing customers. https://t.co/RN4EBmTzIy","@450847 I'm sorry to know you haven't received the refund yet. I'd like to help you with the issue, please provide your 1/3 ^SH || @450847 details here: https://t.co/TAS0aCPpe8 and I'll get back to you. 2/3 ^SH || @450847 Please don’t provide your details as we consider them to be personal information. Our Twitter page is public. 3/3 ^SH",,,,,
140,102908,138635,13,1.0,0.0,1,positive_reaction,"@AmazonHelp Thank you for answers :) Can you help me this order? My all friends's order shipped out today. https://t.co/KcEy98CNt1 || @AmazonHelp I have filled this form but ı have no hope. No one read my text/mail. I lost hope to amazon :( Anyway thanks for spare time to me. || @AmazonHelp This is your answer: https://t.co/hfiKg8yYCV || @AmazonHelp And this is your TR customer: https://t.co/H0y6jzTARN || @AmazonHelp And this is your TR customer service 2: https://t.co/if43kiOTlc || @AmazonHelp There is more... But i will show you something.
These are mine https://t.co/pKHzDs4NYV || @AmazonHelp Ya. You will inform me 6th december. They will deliver this order at 6th december. Sorry but amazon.de is not professional. These are my last order. I dont use amazon.de anymore. https://t.co/1hpYkhNc34 || @116316 SİPARİŞ NUMARASI 304-2890154-3033115","@138635 My colleague gave you a link via direct message. Please contact us using this link. Regards, ^AN || @138635 We received your message. We will get back to you by tomorrow. ^BL || @138635 We already consider your request. Please have some patience. Thanks :) ^DS || @138635 My colleague is working on this and should he get a result before that date of course he will inform you immediately. Regards ^AN || @138635 Hi! How can we assist? :) Regards ^TA",,,,,
141,27343,121987,3,0.75,1.0,0,neutral_reaction,@120474 what's happening with Moz RAH ticket pre-sale?? Keeps telling me I've exceeded maximum - haven't bought any yet! Shambles || @AmazonHelp I have spoken to your customer service - couldn't help as not part of tickets side.,@121987 Please reach out here so we can check this for you https://t.co/psatRNFAeh  ^KM,,,,,
142,861872,309028,2,0.0,0.0,1,silence_after_action,@AmazonHelp check inbox,"@309028 We have already sent the response via DM, Nikita. Request you to check. ^NK",,,,,
143,849735,321914,10,0.6,1.0,1,positive_reaction,"@115821 Booking from amazon offical website is waste of time any money || @AmazonHelp  your response and reason is to make fool of the customers. || @AmazonHelp defintley chek all details properly before responding || @AmazonHelp Thanku for understanding my concern.Appreciate your co-operation . || @115821 
  I had very bad experience with amazon","@321914 We've responded to your concern via DM, kindly take a look. ^MS || @321914 Sorry about the unpleasant experience. Did you share your details in the link provided earlier? ^NR || @321914 If you've already shared your details, our team will reach out to you soon with an update. Appreciate your understanding. ^MA || @321914 You're Welcome! ^SQ || @321914 That's quite a remark. Were any of your issues left unaddressed? Do let us know and we'll be glad to help you. ^SQ",,,,,
144,2029271,169542,2,0.75,0.0,1,positive_reaction,@116618 there’s no subtitle for some part of storyline in Trapped tv show. Please DM and I’ll show you which part. Thanks! #BeingDeaf,@169542 Thanks for letting us know! Please DM us with more details and we'll get this information to the correct team! ^QJ https://t.co/1XyLaGkcaN,,,,,
145,1152669,391232,4,0.85,1.0,0,positive_reaction,"Delivery of cardboard boxes, in the manufacturers shipping box packed in yet another box by @115830  #inception || @AmazonHelp Will do that now.  Thanks for listening.",@391232 We are always looking for new ways to improve packaging! Help us out here: https://t.co/xPlYoXsQ1z. Thanks in advance! ^KJ || @391232 You're welcome. Thanks for taking the time to help us out! ^EM,,,,,
146,2821581,786358,2,0.25,0.0,0,silence_after_action,Amazon prime music アプリを試してる。楽曲は端末(iPhone)にダウンロードして再生(オフライン再生モード)にしてる。音質に関しては少し残念ながら、プライム対応してる曲ならフリーで聴けるに等しいので強い。,@786358 ご活用いただけているようで嬉しいです。プライムミュージックをどうぞお楽しみくださいませ😄 EK,,,,,
147,2490577,711133,4,1.0,1.0,0,neutral_reaction,Can’t get @116090 prime music to work. Keeps looking me back to “join prime” window but I am a member! || @AmazonHelp Happens on my PC and my phone. App loads to this screen but I don’t see any settings regarding 1click+music https://t.co/dEcsEJO2S2,"@711133 Sorry for the troubles with Prime Music, Tristan! Have you tried clearing your cache and cookies or opening it in another browser/device? Let us know if that resolves the issue or not. We're here to help! ^TH || @711133 Thanks for the information. Please contact us here via phone or chat for live troubleshooting assistance: https://t.co/dNXwBZPiM6 ^GG",,,,,
148,517593,239352,4,1.0,1.0,0,neutral_reaction,"This new delivery service @115821 is using in St Louis FUCKING BLOWS. My packages are delayed EVERY TIME!! I NEED MY SHIT FOR TOMORROW AND NOW ITS A FUCKING WASTE. Thanks a lot 🤦🏽‍♀️🤦🏽‍♀️🤦🏽‍♀️ || @AmazonHelp AMZL US...they’ve “attempted” while we watched the lady on the security cam try to open the main front door and then leave when she couldn’t get in on her own. At 3pm, no reattempt before 8pm. https://t.co/LmhIwV0wZu",@239352 Oh no! I hate hearing you've had repeat issues. We're here to help! Who's the carrier you mentioned? You can check here: https://t.co/Y5jpI9ys9c. ^BL || @239352 We appreciate the information. Please send us your details directly here: https://t.co/li88uGyYCf when you have the chance. ^GG,,,,,
149,2683621,754809,4,0.4,0.0,0,negative_reaction,Thanks @115821 for messing up Christmas gifts!! || @AmazonHelp I ordered a pair of brown boots from you all and you sent me the completely wrong brand and completely wrong color twice.,@754809 Oh no! Could you provide a little more insight on the situation?  We're here to help! ^AZ || @754809 Oh no! I'm sorry for the incorrect items in the order. Please give us a call or chat  so we can get this sorted out here: https://t.co/hApLpMlfHN. ^TG,,,,,
150,1404771,446600,3,0.6,1.0,0,neutral_reaction,@115830 have ruined my halloween. Waited all day for a crucial part of my costume || @AmazonHelp The status says due today but customer service said it wouldn't come until tomorrow. Would've appreciated being told that earlier,@446600 I'm so sorry to hear this! What is the latest order status showing? You can check here: https://t.co/aaDyEz1VgE ? ^TH,,,,,
151,572411,254495,3,1.0,1.0,0,neutral_reaction,"@AmazonHelp 
We are in the process of arguing with a less than helpful customer service rep. Our prime account has been hacked and this guy wanted to waste 24 hours with our bank information. Not happy! || @AmazonHelp 24 hours is unacceptable. Our bank account information is in the account and my autistic child uses prime video service. The login email address was changed locking us out. The rep put us on hold and then hung up on us.","@254495 I'm sorry for the frustration! For the best resolution, we collect this information so an Account Specialist can better assist you. Please keep us updated if you haven't received any communication in 24 hours. ^JP",,,,,
152,347497,198755,2,1.0,0.0,0,silence_after_action,Since oct 3 I've placed return request. Yet there is no pick up. What wrong with you guys @115850 and your courier service @149473,@198755 Sorry for the delay. We'd like to help. Kindly report this to our support team here: https://t.co/rS49hgaADF ^AK,,,,,
153,2847434,791919,2,0.45,0.0,1,silence_after_action,"@AmazonHelp have sent a private message to you, can you please check? Thanks",@791919 We've answered your DM ^VS,,,,,
154,601301,262647,8,1.0,0.0,0,negative_reaction,"@115830 absolutely disgusting customer service!! 9 days since my order was placed and NO update where it is. Staff lying to me and still no idea when I'll receive it. 4 phonecalls later and what a waste of time! || @AmazonHelp  https://t.co/p5BvyIq6tc || @AmazonHelp This is the ONLY information that I have been provided!! || @AmazonHelp But tomorrow will be a week since it should have been delivered!! Let's face it, nobody has a clue where my parcel is. Your team has ""attempted"" to make contact with the carrier 3 times and I still have no update. There has been no further information in an entire week! || @AmazonHelp It was due by the 29th but it was apparently out for delivery 27th nov. I've been told to wait until the 5th and then you can issue a refund. I do not want a refund as I need this product and it is now more expensive than when I ordered. It would leave me out of pocket!!","@262647 I'm so sorry to hear this! Can you please let us know what the expected delivery date was for your order? Also, what is the current tracking status showing here: https://t.co/ijxJ9jCwr9? ^JS || @262647 Late parcels are usually delivered the following day by 8PM, but according to the screenshot, it was delayed due to external factors. If you haven't received your parcel tomorrow by 8PM, please reach us via phone or chat here: https://t.co/qy3J24VGxb ^JS || @262647 What was the original delivery date listed on your order confirmation e-mail? When we spoke last, did we have a date that we would be able to discuss additional options for your order? ^AN",,,,,
155,1403283,286684,2,1.0,0.0,1,silence_after_action,@115850 fraud site as neither given my product nor refund my money since 4 Oct and showing just on the way https://t.co/Z4B1Dtn9nV,"@286684 We've responded to you via DM, please check and revert. ^HN",,,,,
156,1366318,438061,3,0.25,0.0,1,neutral_reaction,@AmazonHelp can you possibly dm me || @AmazonHelp Check dms,"@438061 I'm sorry, we're unable to initiate a DM session, but we can be reached via DM using the link below. ^AN https://t.co/1XyLaGkcaN",,,,,
157,1586727,482249,2,1.0,0.0,1,silence_after_action,@AmazonHelp sir i want to know that when i get my cash back.. i ordered my product on 12 oct..?,@482249 We will reply to your tweet over DM. Please wait. ^HR,,,,,
158,990991,354739,7,0.85,0.0,1,positive_reaction,"@AmazonHelp my order is past 4 days of shipping date. || @AmazonHelp You need to be honest with shipping date. If it says my items will be shipped on October 19, then it should be. Otherwise please change the shipping date. https://t.co/5a3SKjWYOP || @AmazonHelp The delivery date is in screenshot. Please change the shipping date. It’s already past 4 days now. || @AmazonHelp Please check and fix the shipping date so that items arrive by 24th or earlier. Thanks!",@354739 I've responded directly to your DM. Thank you! ^AB || @354739 What was the delivery date provided during checkout and in the order confirmation e-mail here: https://t.co/pNIwwLkUGi ^LB || @354739 We do not have access to customer accounts over Twitter. Please keep us posted and let us know if it hasn't arrived by the 24th. ^JM,,,,,
159,2171347,636834,3,1.0,1.0,0,neutral_reaction,@115830 @AmazonHelp I have waited nearly 2 weeks for a reply to an email you said I would have a response to in 3 days. Your delivery || @AmazonHelp I have spoken to numerous people on the phone about this on the day it happened and have heard nothing back. They were passing it to Amazon logistics to come back to us as it was one of their drivers. I have sent pictures of both the damage and the Reg plate,@636834 Oh no! I'm really sorry you haven't been contact yet. We'd like to look into this with you in real time. Please reach out to us via phone or chat here: https://t.co/JzP7hlA23B ^AJ,,,,,
160,1215418,391228,5,0.85,1.0,0,positive_reaction,@115821 please delete my amazon account amazon service is worst || @AmazonHelp nothing is there after 2:40pm today || @AmazonHelp you did not helped me || @AmazonHelp you give false promices,@391228 You can check for our response here : https://t.co/DTSNmGldJf and reply to the same. ^CB,,,,,
161,1006019,357024,6,1.0,0.0,0,negative_reaction,I haven’t received any charger with my product @164902 charge 3 ordered during sale. charging it with USB battery doesn’t last @115850 1 || @AmazonHelp Just connected with Nivedita. She assured me for a resolution as soon as she will get this picked up. Never faced such issue in past. 1/2 || @AmazonHelp It happened first time with me and you are the only website that I trust for online shopping. Hope you will retain that trust.  Thanks SV.,"@357024 Sorry to know you've not received the complete order, Himanshu. Please reach us from here: https://t.co/rS49hgaADF we'll assist. ^SV || @357024 Thanks for letting us know you were assisted. I've noted your comments and will be sure to forward this ^MP(1/2) || @357024 as a feedback internally. Let us know how things go. ^MP (2/2)",,,,,
162,1047230,367524,10,0.0,1.0,1,negative_reaction,"@AmazonHelp Still not solved || @AmazonHelp please solve the issue. || @AmazonHelp Did, and also provide what you asked for. Still show 10 days delivery || @AmazonHelp It's second time I am giving it. No meaning of being prime member || @115850  shows 2-4 days while I place order now says 10 days for delivery","@367524 We have responded to your DM. Kindly check. ^MP || @367524 We'll surely help you. Kindly check your DM for the correspondence from our end. ^AP || @367524 Apologies for the trouble. Please drop your details here: https://t.co/7MICWMGdf8 we'll connect with you on this. ^RB || @367524 We have received your details. Our team will contact you at the earliest with an update. ^GD || @367524 That's strange, kindly connect with us here: https://t.co/UMEYKKSUWj and we'll be happy to help. ^SH",,,,,
163,2600874,736195,4,1.0,1.0,0,negative_reaction,@AmazonHelp I have a 16.08 charge (AGAIN) and I can't figure out what it's for. HALP MEEE! || @AmazonHelp Well duh. I know you can't but I can never find your contact info for help. 😂 Thanks.,"@736195 Hi Tristan, We'd love to help however we can not view your account over Twitter. Can you to contact us directly here https://t.co/hApLpMlfHN and we'd be happy to look into it for you. ^KK || @736195 OK. 😊 Keep us updated. ^CR",,,,,
164,1412522,448242,8,0.4,0.0,1,negative_reaction,"Not happy with @117634 and Audible support. #Worthless. #badcustomerservice . || @AmazonHelp Fire HD8 tablet 7th gen, loses audible books every time I try to see my downloaded books without a network. Happened five times. 3 calls. || @AmazonHelp Only happens on this one device. Tonight could not see my library online for an hour, then poof, they were there. Audible app is bad on hd8. || @AmazonHelp can't answer in 140 characters. Can you call me at number in my account - __email__","@448242 I'm sorry we've let you down. We'd like to assist. Can you tell us more about what's going on? ^LL || @448242 Understood! Here are some helpful troubleshooting tips: https://t.co/ymdR9TR5ja ^VB || @448242 Hmm..what information was provided when you contacted us? ^BL || @448242 I'm sorry, we don't have account-access via Twitter. Please explain the issue in further detail via DM using the link below. ^EA https://t.co/1XyLaGkcaN",,,,,
165,2371340,684234,13,0.25,1.0,1,neutral_reaction,I still haven’t rcvd my Yankee fitted @AmazonHelp || @AmazonHelp It was supposed to be delivered yesterday than it said today and still nothing || @AmazonHelp It says just now a delivery attempt was made @9150:37 pm but I was home and didn’t hear a thing...no one knocked on my door || @AmazonHelp I just checked outside and there is no delivery notification whatsoever || @AmazonHelp It was USPS || @AmazonHelp No can I DM u ? || @AmazonHelp Ok I’ll call CS,"@684234 Thanks for reaching out to us! I'm sorry you haven't received your item yet. Have we missed the estimated delivery date provided in your confirmation e-mail? ^HM || @684234 We try to have your orders delivered as soon as possible, but it sounds like we missed the mark on this one. What is the current tracking status shown here: https://t.co/q4LAMZ3tbE? ^JS || @684234 Sorry to hear that, deliveries will generally run til 8PM. It is possible that the item was scanned as delivered prematurely and may still yet show up. Which carrier was assigned to that order as shown here:  https://t.co/Y5jpI9gRhE ^CH under order details? || @684234 Have you had a chance to reach out to us in regard to this occurrence: https://t.co/CYqkdUakWJ? We can reach out to the carrier on your behalf.  ^GM || @684234 We don't have account access through Twitter so the link provided will be the best course for a resolution, but we'd be happy to take the DM! ^AY https://t.co/1XyLaGkcaN || @684234 Keep us posted! We want to make sure this issue gets resolved for you! ^BN",,,,,
166,2273829,661383,7,0.75,1.0,1,neutral_reaction,"@115851 @115850 @AmazonHelp
#Amazon Transport Service  worst #courier . U shud focus on ur core strength managing the #Website not courier.
Leave the courier service to experts. Amazon Transport Service in #Hyderabad sucks 👎👹 || @AmazonHelp Hi details have been updated on above shared link. But it is becoming a #stressfulday 😩 #shopping #experience on #Amazon . Your #DeliveryDriver guys should not lie about #Delivery attempts. Very #unprofessional #CustomerService 👎 || @AmazonHelp RIP @115821 @115850 @117795 #AmazonIndia #AmazonTransportServices #Hyderabad || @AmazonHelp 🤛","@661383 I'm sorry about the situation. We've responded to you via DM. ^SG || @661383 Thanks for confirming. As you have shared your details, we will get back to you at the earliest. ^JS || @661383 I get you being disappointed, Sisir. As you've shared your details, our team will check and get back to you with an update soon. Request you to wait. ^NK",,,,,
167,2290886,665417,4,0.6,1.0,0,neutral_reaction,"@AmazonHelp Luckily not, but that's hardly the point. If it had been made of paper it would have been severely damaged. || You think this is acceptable @115830? For your couriers to leave parcels outside our door, with no note, in the rain like this?! I do not. #amazon #sortitout https://t.co/czVqnlTGq7","@665417 Have you had a chance to reach out to our Customer Support team to leave carrier feedback? If not, please contact us here: https://t.co/JzP7hlA23B ^ME || @665417 Sorry to see this - is the item damaged ? ^TD",,,,,
168,989004,318369,7,1.0,1.0,1,neutral_reaction,"Biggest fraud ever in online shopping,promised 3 times that faulty product will be picked up bt no responese @115850 @4031 https://t.co/WFnL2ggTMi || @115850 @4031 Pls dont buy any product from amazon or u will be the sufferer @115850 || @AmazonHelp I have shared my details 3 times already",@318369 Sorry to know about the pickup issue. Please share your details as requested via DM and we'll have the concern checked. ^KA || @318369 the link shared via DM and we'll reach out to you. (2/2) ^GK || @318369 I just checked and we haven't received your details yet. Request you to resubmit your details in (1/2) ^GK || @318369 Seems like you've had an unpleasant experience with us. Could you elaborate so that I can assist you accordingly? ^AU,,,,,
169,1578335,486090,4,1.0,1.0,0,positive_reaction,"@AmazonHelp trying to cancel two Amazon Digital Orders that were made in error (due to 1-Click). Can you help || @AmazonHelp Thanks very much, now sorted",@486090 I'm sorry for the frustration! Please reach us via phone or chat so we can look into this: https://t.co/oGDklGgbCZ ^SJ || @486090 Not a problem! Let us know if you have any other questions or concerns. We're always here to help! ^AL,,,,,
170,377468,205570,2,0.45,0.0,1,negative_reaction,"@AmazonHelp habe ein Problem, kann mich nicht mehr einloggen, Passwort zurück setzten funktioniert nicht. Habe bereits eine DM geschrieben.",@205570 Guten Morgen! Haben dir per DM geantwortet. Ganz lieber Gruß ^TG,,,,,
171,939365,342674,13,0.75,1.0,0,negative_reaction,"@115821 @AmazonHelp I may just have one of the worst and most disappointing orders with your company. I honestly hope it gets resolve. || @AmazonHelp Order a collectors edition, said there was a problem with address delivery when everyone of my other orders have been delivered no issue. || @AmazonHelp To continue as I’m looking on your site now seems like the items out of stock and sold out 🤷🏻‍♂️ so I can’t replace my order || @AmazonHelp Said it’s sold by you guys. || @AmazonHelp There is no carrier the items been return the only thing I have is he order # and the prices details || @AmazonHelp Not U.K, just regular U.S || @AmazonHelp I’ll email will respond tomorrow about to work thank you.","@342674 Could you provide us with a few details about the issue without giving personal info? We'd like to help any way we can. ^WM || @342674 Who is the listed carrier for this recent order? You can review these details here: https://t.co/Y5jpI9gRhE ^WM || @342674 When you check the tracking info, who's the carrier? Here's a list of carriers if you need: https://t.co/Ws30Y0VSHM ^DW || @342674 Just to clarify, are you ordering from https://t.co/nUUp5MLhYl (.co.uk, .ca)? ^WM || @342674 We'd like to take a closer look. When you have a moment, please reach out to us here: https://t.co/hApLpMlfHN ^AB || @342674 Okay, please keep us posted! ^GR",,,,,
172,957569,347203,22,0.5,1.0,0,negative_reaction,"@AmazonHelp @AmazonHelp Sent my reply,refund my money asap. || @AmazonHelp Thanks @AmazonHelp This is the first time I am facing any such issue with Amazon. || @115850 @115821 Will you reply my query on order no 407-3578652-0423541 ? Lately I am experiencing issues with your service. || @AmazonHelp @AmazonHelp Reply was done without carefully looking into problem, tired of explaining, didn't get refund for one of the two items. || @AmazonHelp @AmazonHelp @115850 Why cant you see the history and understand the issue before replying,Why making me explain the same thing 100 times? || @AmazonHelp I sent the reply to the email already @AmazonHelp || @AmazonHelp @115821 @AmazonHelp Ohh God I dont know how to explain you guys,very irritating. On this I replied and gave my feedback already. 1/2 || @AmazonHelp Any updates on these ? @AmazonHelp || @AmazonHelp @AmazonHelp @115821 @115850 I already connected here and found absolutely no progress. || @AmazonHelp I guess I received the refund yesterday. Thanks @AmazonHelp . This was the first time I faced such issue.Usually Amazon is good.","@347203 We have received your details. We would work on it and respond to you at the earliest. ^SB || @347203 You're welcome! We'll be sure to sort this out for you at the earliest. ^SA || @347203 order/account details as we consider them to be personal information. Our Twitter page is visible to public. ^PB (2/2) || @347203 Apologies. Kindly connect with us here:https://t.co/vlvfJr4nN9 and we'll look into it. Also, kindly do not share your ^PB (1/2) || @347203 Apologies for the same. Kindly connect with us here:https://t.co/vlvfJr4nN9 and we'll get this checked for you. ^PB || @347203 If you've replied to the email sent. I'm sure our team would reach out to you soon with an update. ^VM || @347203 We're unable to check the details. I'd request you to reply to the email from us for further information on your refund. ^JC || @347203 You must have received a correspondence here: https://t.co/8DAc119Io4. Please check &amp; reply for any further assistance. ^BS || @347203 We can't access your account details from Twitter. Please reply to our emails for further updates. ^HA || @347203 We've sent a correspondence to your registered email address. Please check and you may write back to the same. ^SQ || @347203 Sorry for the inconvenience. Please drop in your details here: https://t.co/beaaDm0muc. I'll look into it for you. ^ST || @347203 Thank you for sharing the information. Happy shopping! ^GU",,,,,
173,279673,182668,7,0.75,0.0,1,negative_reaction,It's a sad state of affairs when @115821 @amazonhelp don't care about customer service. Seriously considering never using them again. || @AmazonHelp You completely messed up an order which has now caused me significant issues. Speaking to support via chat was a complete waste of time. || @AmazonHelp I really can't be bothered to go in to it all again plus Twitter is limited to 140 so not enough space. Feel free to call me if you like. || @AmazonHelp I've just DM'd you my mobile number.,"@182668 That doesn't sound good, what happened? ^AS || @182668 Sorry to hear it Richard- What was advised when you spoke to us on chat? ^NV || @182668 We would not have access to your account to reach out to you. Perhaps DM us so we may look into this. ^CR",,,,,
174,277149,182220,12,0.85,1.0,0,negative_reaction,@115850 let me know wen u r goin 2 deliver my product. Its for diwali 😡😡😡😡 || @AmazonHelp Order was placed on 7th. Let me knw hw much time u take to deliver 13 days As it will be arriving on 21st n check order || @AmazonHelp Asked ur CSR to update number why d hell it is saying courier unable to locate why no call || @AmazonHelp Will I get a call on the number I have provided or not just tell me that || @AmazonHelp They haven’t given a cal,"@182220 We ship the products to meet the estimates, could you please tell us if we've missed the estimated delivery date? ^HN || @182220 We ship the products to meet the estimates. Please wait till the estimated delivery date for the delivery. ^HN || @182220 However, if the order is not delivered to you by the estimated delivery date, please respond to us and ^SU(2/3) || @182220 we'll assist you accordingly. ^SU(3/3) || @182220 If you've updated your contact number, our delivery agent will give a call to you before delivery. ^SU(1/3) || @182220 When the product is ""Out for delivery"", our agents will get in touch with you. However, If the delivery date is missed 1/2 ^NK https://t.co/1XyLaGkcaN || @182220 you may reach out to our support team here: https://t.co/vlvfJr4nN9 for further assistance. 2/2 ^NK",,,,,
175,392650,200713,3,0.75,0.0,1,neutral_reaction,@115850 hey can you follow me so that i can DM you details? I am winner of a contest by you and @200714 || @AmazonHelp Not you @115850,"@200713 Irrespective of us following you or not, you can still DM us, we'll be glad to help. ^MP",,,,,
176,2332366,355539,6,0.6,0.0,0,neutral_reaction,"@AmazonHelp una pregunta, cuando van a publicar el libro de Queen en 3D en español? || @AmazonHelp Es que ya cheque y en Amazon México aun no está y en Amazon España ya está ☹️ || @AmazonHelp ✔️✔️ || @AmazonHelp Hay algún número donde pueda contactarlos? Por lo que veo en mensajes no se lo puede hablar bien","@355539 Hola, Luis. Las novedades sobre nuestros productos se anuncian en el sitio web, por lo que te sugiero estar al tanto. ^JQ || @355539 Puedes entrar en contacto con nuestro Servicio al Cliente a través de este enlace: https://t.co/beR78zMMYB ^CR",,,,,
177,152021,150738,2,0.6,0.0,0,silence_after_action,Who knee it was only one day until Monday 🤔 @115830 https://t.co/7SIJGq87Lv,"@150738 One-Day Shipping refers to the time taken to arrive, in business days, once your order has been shipped. Product availability, additional preparation time, and carrier capacity can all affect your delivery date. Learn more here: https://t.co/cZejAwj4yo
 ^JF",,,,,
178,372882,204361,2,1.0,0.0,0,silence_after_action,"@AmazonHelp Ordered this item directly through Amazon, and unfortunately,turned up with a chip in the Blu-Ray case. Any chance of new case? https://t.co/7wPjxEFqlZ","@204361 Hi there, Marc. I'm so sorry to see this! You can explore return/replacement options here: https://t.co/9VAKt1AJ0c ^HC",,,,,
179,1672598,509053,3,0.75,0.0,0,silence_after_action,"@115850 you got the money,no one to care where the docket is. Its 11 days late and count is on,yet my hands empty. Nice service amazon.",@509053 Sorry to know about the delay in the delivery of the order. We'd like to help. ^AK (1/2) || @509053 Kindly report this to our support team here: https://t.co/rS49hgaADF ^AK,,,,,
180,2169497,636416,3,0.85,0.0,1,positive_reaction,Which @115821 account do i talk to for customer service on Prime products? Would love to DM someone. || @AmazonHelp Message sent! Thanks,@636416 We're here to help! Feel free to DM your questions or concerns for further assistance. ^SH,,,,,
181,363700,171193,2,0.7,0.0,0,silence_after_action,@AmazonHelp How to remove previously watched data on prime video India,@171193 Please follow the mentioned steps. Hamburger menu-settings-clear video search history. Hope this helps! ^YP,,,,,
182,276124,181963,5,0.4,0.0,0,neutral_reaction,実物 新品 ルーマニア軍ウールロングコート /sljp03704101 (日本サイズM相当) ノーブランド https://t.co/0s39W1rxXA @116313より || @116313 普通にレディースロングコート買うよりもこっちの方が暖かそうだからほしいかも…Mサイズ少し大きいけど || @AmazonHelp 巻き込みリプライ失礼しました！！ありがとうございます！,@181963 Amazonをチェックしていただきありがとうございます！気に入ったコートが見つかりますように☺️SK || @181963 巻き込みリプまったく問題ないです☺️Amazonをみてくれているんだなーとうれしくなってついリプライしてしまいました！びっくりさせてしまいまして失礼しました。ごゆるりとお探しください💕 SK,,,,,
183,393104,209092,3,1.0,1.0,0,positive_reaction,"@117795 What’s with the new deliv charges? Used to be free with $20 order, now it’s at least $6 plus tip? $11 extra? Not worth it. 👎 https://t.co/Ad5mpDgAju || @AmazonHelp Will do! Thank you! 👍👏👏👏","@209092 Hey, Juliana! I'm sorry the free 2-Hour Delivery options aren't showing. Please use the contact us feature in the app! ^AJ",,,,,
184,315312,191269,3,0.85,1.0,0,silence_after_action,"@115850  Order# 403-4103479-3769907
Rcvd sms that prodct is dlvrd  cld cust care ystrdy.... but no reply","@191269 Sorry to know you haven't received your package. Kindly fill this form: https://t.co/GIJyeYqKE0. I'll contact you soon. 1/2 ^PS || @191269 Please don't provide your order details, as we consider it to be personal info. Our page is visible to the public. 2/2 ^PS",,,,,
185,271245,180713,4,0.85,1.0,0,positive_reaction,"today I had to help the amazon delivery guy figure out how to scan the package he was delivering to us. so basically i work for amazon now || @AmazonHelp no, thank you. Is there a uniform for work? Or is it just business casual? || @AmazonHelp no thank you. Is there a uniform for work? Or is it just business casual?","@180713 We'd like to look into this further, please provide your contact info, and order details here: https://t.co/WoLGQdscf6 ^AG",,,,,
186,1370164,438934,10,0.0,1.0,1,neutral_reaction,@AmazonHelp I need help. || @AmazonHelp I can DM you or you can DM me but I need some answers. Now. || @AmazonHelp I ordered an item Monday morning for 1-day shipping for a trip this weekend. It says it’s gonna be delivered today by 8PM and ...cont. || @AmazonHelp ...and still hasn’t shipped. There’s an hour and half left and I’ve wasted my whole evening waiting when I should have left hours earlier || @AmazonHelp https://t.co/05ImsA2I1L || @AmazonHelp Waited 20 minutes to be told the item is out of stock. What a joke. Time was completely wasted...,"@438934 Thanks for reaching out to us today, Mitch! What can we help you with? Please don't include any personal account information! ^ML || @438934 Hey sure you can message us here! ^LS https://t.co/1XyLaGkcaN || @438934 I'm sorry for the wait you've been through! Could you provide us a link to the item so we may check the current availability? ^WM || @438934 The main detail page lists another seller now. We'd like to help! Please contact us via phone/chat here: https://t.co/hApLpMlfHN ^AJ",,,,,
187,1349080,434614,4,0.0,0.0,1,positive_reaction,@AmazonHelp Got cashback thanks || @AmazonHelp haven't received  amazon pay cashback.did 1st jio recharge of 399 using amazon pay today.pls help || @AmazonHelp Ok.thanks,"@434614 We've responded to your query via DM, please check. ^HA",,,,,
188,596787,202509,5,0.75,0.0,0,neutral_reaction,"@AmazonHelp Kann es sein, dass ein Echo nur 1x in eine Multiroom-Gruppe gesetzt werden kann? Habe 3 Echos. 1 im EG und 2 im 1.Stock. Würde gerne Gruppen „Überall“ und „1.Stock“ einrichten. Aber wenn ein Echo in einer Gruppe vorhanden ist, kann er nicht noch in eine andere Gruppe. || @AmazonHelp Das beisst sich aber irgendwie mit der Möglichkeit, mehrerer Gruppen zu erstellen.  Oder wie viele Echos hat ein Durchschnittskunde? -Das muss doch mal geändert werden. || @AmazonHelp Danke 😉","@202509 Hi, du kannst ein Echo-Gerät nicht zu mehr als einer Multiroom Musik-Gruppe hinzufügen. Weitere Informationen findest du gleich hier: https://t.co/QWbC5YqsrK Gruß ^MI || @202509 Durchschnittszahlen sind mir hier leider nicht bekannt 😅 Ich gebe dein Feedback gerne weiter! ^MI",,,,,
189,1261189,415451,4,0.6,0.0,1,neutral_reaction,Why won't it let me sign in to @115830 || @AmazonHelp Can we take this to DM's please?,"@415451 I'm sorry to hear you're having trouble signing in, Declann! What error message are you receiving? ^HC || @415451 You can DM us using the link below! ^NC https://t.co/1XyLaGkcaN",,,,,
190,162096,153421,2,1.0,0.0,0,silence_after_action,@115830 said they couldn't deliver a parcel today because no one home. Husband and son veg to differ - now I've no parcel :-(,"@153421 I'm very sorry you never received your parcel. We're unable to access your order and account via Twitter. At your convenience, give us a shout here: https://t.co/JzP7hlA23B We'd be happy to assist with your order in real-time. ^SK",,,,,
191,1290981,421900,6,0.6,1.0,0,positive_reaction,#BADCUSTOMERSERVICE from @115830-awful. Failed to deliver my sisters wedding present so I now have nothing. Spent months researching 😢 || @AmazonHelp Give you 24 hours to get back to me - wedding saturday morning! #TOOLATE #NEXTDAYDELIVERY || @AmazonHelp Been on Amazon live chat for 1.5 hours and not resolved. So disappointed and has ruined the surprise for my little sister on her wedding day,@421900 That's not the experience we hope for. What options/info did we offer when you contacted us? ^GG || @421900 We'd like to look into this with you in real time. Please contact us by phone or chat here: https://t.co/JzP7hlA23B ^AJ || @421900 Letting you down is never our intent! Are you on chat currently? What options have been given? Please keep us posted! ^DG,,,,,
192,1245446,401286,8,0.85,1.0,0,negative_reaction,@115821 AMZL 2 days in row failed delivery! Use @81 or @115817 if want your @115821 stuff. #CustomerService @AmazonHelp || @AmazonHelp Yes. Order yesterday not delivered. Order today not delivered. &gt;$300 lost. Refund &amp; resend via @81 or @115817. || @AmazonHelp @81 @115817 @115821 AMZL disaster. Lost orders in 2 states. Spent 2hrs begging for @115817 or @81 &amp; they use AMZL again! || @AmazonHelp @115821 WHY USE AMZL FOR MY ORDERS GIVEN ISSUES? @115821'S OWN CUST SERVICE SAYS THEY ARE PROBLEM (SEE ATTACHED) https://t.co/bmaVBoNzLN || @AmazonHelp @115821 @115817 &amp; @81 please help @115821's AMZL. A kid with a wagon could do better.,"@401286 We're sorry for the experience you've had; have we missed the delivery date with your recent order: https://t.co/Y5jpI9gRhE? ^WM || @401286 We're here to help, but we can't access your account via twitter.  Please give us a call or chat here: https://t.co/hApLpMlfHN ^JD || @401286 Our team would like to take a second look at this for you, please send us your info via this link: https://t.co/hDKxxbraIx ^JR",,,,,
193,1384077,442102,4,0.85,1.0,0,neutral_reaction,Very disappointed with @115821. My order was supposed to come in today 😡😡😡 || @AmazonHelp Delayed,@442102 We'd like to help. What does the most recent tracking information for your order state here: https://t.co/q4LAMZ3tbE? ^GG || @442102 Have you received an updated delivery date? Who's the carrier listed here: https://t.co/Y5jpI9gRhE? ^KP,,,,,
194,2828831,787797,2,0.6,0.0,1,silence_after_action,@115850 Hi team. REgarding #AmazonPay &amp; #Mobile Recharge I had DMed you. Kindly check and respond. THank you.,@787797 Thanks for writing to us. We'll reply to you via DM. ^SG,,,,,
195,2634850,743843,9,1.0,1.0,1,positive_reaction,"@115850 @115851 @1840 Refund regarding order 4__credit_card__.
this order done on nov. 7th.
and i replace it on nov 9th.
But till now no update or customer satisfaction revert by amazon.
Every time amazon representative tell me a new story about my money. https://t.co/nKgKpHXSIX || @AmazonHelp it's been 9 days and i haven't receive a proper response from you guys. || @AmazonHelp already done || @AmazonHelp and please check my 2nd tweet .
how your chat representative behave with a Customer. || @AmazonHelp @115850 @115851 @1840
I am waiting since nov. 9th .
Still it's not resolved by your representatives.
I hope now someone call me today with a better response.
and last but not the least I want my money back.
Thanks!!!
@743843","@743843 We have responded to your DM. Please check your inbox for the same. Further, please don't provide your order details, we consider it to be personal information. Our page is visible to the public. ^SD || @743843 I get your disappointment. Request you to share the details using the link provided earlier and we'll have this checked for you. ^SD || @743843 Thank you for sharing your details, we've received them. Rest assured, we'll look into your concern and get back to you with further assistance. Appreciate your understanding and patience, while we work on your concern. ^SV || @743843 Sorry for the experience you've had. As informed, we're working on your concern and we'll get back to you with an update at earliest. Appreciate your understanding and patience in this regard. ^SV",,,,,
196,929219,154631,2,0.25,0.0,1,silence_after_action,"@AmazonHelp Hi, Please answer my DM ASAP, thanks.",@154631 Hello! We have responded to your DM. Please check there. We'd like to help in any way we can! ^AL,,,,,
197,200001,163184,4,1.0,0.0,1,neutral_reaction,@115850 @AmazonHelp @115821 Pathetic customer support experience despite being a Prime &amp; being one of the first buyers of Amazon Echo !! || @AmazonHelp Pathetic customer experience by 3 service agents despite being a 2 yr Prime &amp; one of the first invited buyers of the Amazon Echo in India  !,@163184 Our apologies. Could you tell us more about your concern for better assistance? ^YP || @163184 I'm sorry about the unpleasant experience. We'll check and respond to your DM. ^NR,,,,,
198,582620,257366,16,1.0,1.0,1,negative_reaction,"@115850 @AmazonHelp I paid RS 100/- and RS 999/- for prime. To make sure my package reaches in the shortest period. What I see you have rescheduled my delivery on your own without my confirmation. Kindly deliver my package asap || @AmazonHelp I would be happy if you take some pain and identify what has happened. I have shared the tracking details in DM || @AmazonHelp I have DM the details || @AmazonHelp Kindly help asap. || @AmazonHelp Kindly check my details and let me know
After paying I shouldn't drop mails to 10 places and follow up. || @AmazonHelp Sent || @AmazonHelp I have shared the details, I m really upset that I rcd a new message that your delivery is delayed by 4 days. @139570 pls interfere || @AmazonHelp Hope you are really concerned about the customer extra payment and his service related issue. If you would have then I would have received the package. But I m regretting a lot why I paid for prime. || @AmazonHelp You can keep saying that
What will I do I can't understand","@257366 I'm sorry to know you're facing issues with the delivery of your order. Please connect with our support team here: https://t.co/vlvfJr4nN9 and we'll help you at the earliest. 1/2 ^HS || @257366 Please don't provide your tracking details, we consider it to be personal information. Our page is visible to the public. 2/2 ^HS || @257366 We've responded to you over DM kindly check and reply. ^MN || @257366 Kindly share your details here: https://t.co/GIJyeYqKE0 and I'll look into this. ^SG || @257366 If you've shared your details, we'll connect with you soon. Keep an eye on your mailbox. ^AS || @257366 Thanks for confirming. We'll reach out to you soon with an update. ^SG || @257366 I understand that you're excited to get your hands on the new mobile. Please be informed that our team is working on your issue to get it resolved at the earliest. Appreciate your patience. ^GD",,,,,
199,1252203,413738,6,0.85,1.0,1,negative_reaction,"@AmazonHelp Tried doing that but it doesn't proceed beyond the option whether I wish to chat or have a phone call,I will DM you the details of the order || @AmazonHelp haven't got the cashback for the 1st Recharge via Amazon pay, it's being 15 days now, the recharge was meant for @120602 || @AmazonHelp I couldn't find any support system in the app, so I tweeted the issue directly to you.",@413738 Sorry for the trouble in contacting us. We'll check your DM and respond to it. ^NS || @413738 Apologies for the delay. May I know if you've reported this to our support team? ^EM || @413738 Please contact us here: https://t.co/rS49hgaADF so that we can assist you accordingly. ^SU,,,,,
200,1961164,581631,4,0.6,0.0,0,negative_reaction,"@AmazonHelp Your are helping 
Is the main concern 
and am tired doing follow ups on festival eve 
Horrible experience &amp; complete diwali spoiler || @115850 
Had an horrible &amp; pathetic experience on my iphone 8 purchased
Complete Diwali Spoiler !!
still issue not solved!!!","@581631 I understand the importance of the order. I'd like to help you. Please share your details here: https://t.co/GIJyeYqKE0. ^BS || @581631 We definitely don't intend this. Kindly elaborate your concern, we would like to help. ^CB",,,,,
