annotation_id,conversation_id,customer_id,turn_count,D1_context_specificity,D2_action_specificity,D3_dm_redirect,D4_observable_outcome,customer_messages,agent_messages,evidence_complete,action_observed,customer_reaction_observed,dm_redirect,notes,suggested_evidence_complete,suggested_action_observed,suggested_customer_reaction_observed,suggested_dm_redirect
116,191589,161033,6,1.0,0.0,1,neutral_reaction,@115850 HI I am in big problem. My account locked and cutting 7 Euro every month. Please help me. I am from Bangladesh. || @AmazonHelp Amazon.de || @AmazonHelp As you dont serve in Bangladesh. I go on every site and check prices.,"@161033 We'd like to help! Do you mind telling us which Amazon site you primarily use? (https://t.co/7r0yxhywxR.) ^NM || @161033 We already sent you a direct message. ^SK || @161033 If you need to reach the Amazon.de customer service, please follow this link: https://t.co/ohyvGrpvrY Regards ^VM",NO,YES,YES,YES,,NO,NO,YES,YES
92,785789,307481,4,0.7,0.0,1,neutral_reaction,"@AmazonHelp Pathetic service from your transportation department. No info about delivery . Crap tracking system. wtf happening with my order || @AmazonHelp it was yesterday night 8pm, based on Guaranteed in a day delivery. Still delivery pending. but refund of 100 rs initiated.",@307481 We're sorry about the hassle with tracking your order. Could you help us with the estimated delivery date on the order? ^HK || @307481 We've responded to your query via Dm. Request you to check the same. ^SH,NO,NO,NO,YES,,NO,NO,YES,YES
16,575311,231112,20,0.75,1.0,0,positive_reaction,@115821 @115850 @1840 @115851 @2517 @120320 @118341 @132458 @7291 @25348 This is the amazon services they will make a daily new excause and daily they raise a new complain...how can i trust on them tell me anyone........please close amazon in India https://t.co/U3hxViLIFS || @115821 @115850 @1840 @115851 @2517 @120320 @118341 @132458 @7291 @25348 you can see the above photo i informed them on 1dec itself but they don't register a complain on 1st dec they make a complain on 3rd dec what is this.. This is the service of amazon.in how irresponsible they are and also they telling lie... || @115821 @115850 @1840 @115851 @2517 @120320 @118341 @132458 @7291 @25348 Amazon make me very upset and irritate me and waste my time so i want to inform you please don't buy anything from amazon you will also have to face this type of situation in future please backward amazon || @AmazonHelp i want a call back i reply on mail but you didn't call me what is it mean i already provided  you screen short || @AmazonHelp I not received any call till now || @AmazonHelp No they will not call me || @AmazonHelp When they will contact me please mention the time so that I can trust on you || @AmazonHelp Pls give me perfect time || @AmazonHelp i told them contact me within 5 min but you contact me NO so why are you asking my preferred time || @AmazonHelp contact me on 6:30 PM IST || @AmazonHelp you can access all the things you bloody cheaters,"@231112 I understand your concern aslam, we've sent the correspondence to your registered email ID. Kindly check it here: https://t.co/8DAc10S7ww ^SP || @231112 We'd certainly want to help you. As mentioned earlier please reply to the correspondence received so we could assist you further. ^BS || @231112 Since you've already responded to our correspondence, you'd receive an update anytime soon. Appreciate your patience and understanding. ^EM || @231112 Kindly reply to the email sent to you from our executive escalations team and they will get back to you with an update. Appreciate your understanding.^HR || @231112 Please reply to the correspondence from our specialist team with more insight on this so that they can reach out to you accordingly. ^VN || @231112 Please reply to the correspondence with your preferred time and we'll connect with you soon. ^VH || @231112 I'm sorry we weren't able to contact you at your preferred timings. Kindly reply to the correspondence with your preferred timings and we'll contact you soon.  ^GD || @231112 Twitter being a social media platform, we wouldn't have the access to your account. Please respond to the email correspondence for further assistance. Appreciate your understanding. ^NK || @231112 Being a social platform, we won't be able to gain access to your account and check this for you. Please respond to the email correspondence for further assistance. ^VH",NO,YES,YES,NO,,YES,YES,YES,NO
58,436906,143655,9,1.0,1.0,0,positive_reaction,@115821 I purchased something for $9.99that was supposed to be delivered yesterday&amp;wasn’t.2day it’s $7.47.Can I be reimbursedthe difference? || @115821 @AmazonHelp please see my above tweet || @AmazonHelp This is what it says. But now those strainers that I paid $9.99 for r $7.47. Since I don’t yet have the item can I get back the difference? https://t.co/GyIXx4kUK3 || @AmazonHelp This is the last update from yesterday morning https://t.co/uaE5l9KATA || @AmazonHelp No thanks. I need the item and that will just delay it more. And last time I sent something back i had to pay shipping back. Not worth it || @AmazonHelp How can I find out where my package is? The tracking hasn’t updated since yesterday morning,"@143655 I'm sorry we didn't get your package delivered to you, Kari! Can you tell me the status &amp; carrier listed?https://t.co/Y5jpI9gRhE ^FR || @143655 You can send the package back for a return and place a new order: https://t.co/SOPTYuv9XR ^AF || @143655 Have you had a chance to contact the carrier for more specific delivery details: https://t.co/c2992xi02y? ^LI",NO,YES,YES,NO,,YES,YES,YES,NO
124,2469406,706421,14,0.6,1.0,1,negative_reaction,"@AmazonHelp Hi folks, I’m afraid we have an ongoing problem with this issue which I need to talk to someone about. Should I fill in the contact form again? || @AmazonHelp was talking to your colleagues last week regarding deliveries that were dumped (a neighbour found them) but marked as handed to resident. Spoke to someone in Ireland but we now have a problem with the resolution. || @AmazonHelp We were contacted by the Amazon depo manager Swindon and promised amazon vouchers as compensation. Chased, told being sent as e-vouchers last Friday, still nothing, now he’s not responding to emails. || @AmazonHelp I have name and email details if you have a method for me to send them to you. || @115830 2 deliveries in a week show as ‘handed to resident’, they weren’t, I was in, they’ve never turned up. Deliveries very unreliable over the last 6 months, worth investigating? || @AmazonHelp All reported, waiting on refund but just want goods which I’ll have to get elsewhere. Always issues with man &amp; van deliveries, different drivers every time, don’t know the area, sometimes deliver to random address or mark as ‘handed to resident’ and the parcel never turns up. || @AmazonHelp OK done that.","@706421 Hello, Alexis. Thanks for reaching back out to us today. Without providing any personal details, can you give us a bit more information regarding the ongoing issue you're having?  ^FJ || @706421 Hi Alexis, sorry to hear about that. Please tell us more about what happened- what resolution was provided and what is the problem with it? ^AT || @706421 Could you reply to the email that was sent from the Social Media Team so that we can look into this further for you?^PJ || @706421 You can DM us if you follow our page and send details there, however, please don't share sensitive info even in that channel. ^AT || @706421 Hi Alexis- Sorry about your experience with your recent deliveries. Did you report this to us directly? Have they been replaced/refunded? Are you noticing this with a particular carrier or? ^NV || @706421 Thanks for clarifying Alexis. Can you please forward your details - https://t.co/tkLCr7DNil including as much info as possible. We'd like a specialist to investigate further. ^TP || @706421 We have received your details. We'll work on it and get back to you with an update. ^CN",YES,YES,YES,YES,,NO,YES,YES,YES
6,108167,140012,4,0.75,0.0,0,neutral_reaction,Pensando em me dar um Kindle Paperwhite de presente! Acabei de ver o twitt da @117804 que está no #blackfriday &lt;3 || @AmazonHelp Estou bem inclinada a fazer isso!,"@140012 Olá, Mitcheia! Conte para nós, você vai aproveitar da promoção?. 🤔😃 ^NB || @140012 Que legal Mitcheia! 👏😍 E nós conte, qual será o primeiro e-book que você vai ler no seu novo Kindle?📚",NO,NO,YES,NO,,NO,NO,YES,NO
194,970632,350314,4,0.85,0.0,0,negative_reaction,@115830 is there a way to purchase a book for someone else's kindle as present for them? || @AmazonHelp No problem. Do you think this Is something that is likely to happen moving forward? Thanks,"@350314 Currently, gifting e-books on https://t.co/ykTUEmdsQA isn't available. I'm sorry for the inconvenience. ^CO || @350314 Hi, we would not have that information at this time. ^CR",NO,NO,YES,NO,,NO,NO,YES,NO
197,838573,319548,8,0.65,0.0,0,neutral_reaction,Deliver my parcel @115830 please. || @AmazonHelp No it today but I want it now lol want it before I head to work at 4:30 || @AmazonHelp Amazon as it’s next day delivery. And no normally someone in. || @AmazonHelp It’s arrived.,"@319548 Hey, has your order passed estimated delivery date? You can track it here:  https://t.co/Y5jpI9gRhE ^RS || @319548 Hi James. Who is the carrier in question? Have you a safe place delivery preference set up? ^TP || @319548 If the order doesn't arrive by the delivery date here https://t.co/aaDyEz1VgE let us know. ^BM || @319548 Thanks for letting us know, James. Have yourself a great weekend! ^EM",YES,YES,YES,NO,,NO,NO,YES,NO
89,480449,229180,3,0.25,0.0,1,positive_reaction,@amazonhelp hi..i havea query.. can you just dm || @AmazonHelp Pls reply me ASAP..thanks,@229180 Thank you for writing to us today. We'll reply to you via DM. ^SG,NO,NO,NO,YES,,NO,NO,YES,YES
186,1983638,587144,3,0.6,0.0,0,neutral_reaction,"Ay Dios mio!!!, ayúdame a no dar clics a lo baboso en @116875. Ya me acabé mi quincena. || @AmazonHelp Smn jaja",@587144 A veces hay que dejarse llevar por la tentación. 📦😉 ¿Has conseguido lo que buscabas? 😄 ^KS,NO,NO,YES,NO,,NO,NO,YES,NO
192,311046,190284,11,0.25,0.0,0,negative_reaction,@AmazonHelp Thanks guys my problem is solved || @115850 i don't know why you put restrictions on adding of money in Amazon pay. Help me to out this my id is __email__ || @AmazonHelp Five days gone but problem is still there || @AmazonHelp Already done but still the problem is not resolved by Amazon. Worst experience of Amazon || @AmazonHelp @115850 worst service by you || @AmazonHelp Already talked to your customer care but no solution provided,"@190284 Please don't provide your account details, we consider it to be personal information. Our page is visible to the public. ^KA || @190284 We can't gain access to your account via Twitter. Please connect with us here: https://t.co/00q4Sqj9zL for assistance. ^KA || @190284 Sorry for the trouble. Please share your details here: https://t.co/GIJyeYqKE0 and I'll get back to you at the earliest. ^HN || @190284 If you have shared your details, we'll reach out to you at the earliest. Keep a tab here:  https://t.co/DTSNmGldJf. ^CB || @190284 I get your disappointment. Our social media team will get in touch with you soon regarding the issue. Request you to wait.^NK",YES,NO,YES,NO,,NO,NO,YES,NO
169,1767527,531480,7,0.45,1.0,1,negative_reaction,"Honestly let down with @AmazonHelp  and ther services that they poorly provided me. || @AmazonHelp My recent purchase came in a busted box with the wrong size shoe and the shoe looked used and gross! || @AmazonHelp If you could direct message me I️ can give more details || @AmazonHelp No, they were prime shipping and sold by amazon","@531480 I'm sorry for the trouble! Without revealing account details, could you tell us more about the issue? ^LJ || @531480 We're unable to access account info over social media, even in a DM. Were the shoes sold by Amazon or a third party? ^CH || @531480 Sorry it arrived in that condition. We'd be happy to review your options here: https://t.co/EKXRLsnxJu ^AF",NO,NO,NO,YES,,NO,YES,YES,YES
91,1773832,533107,5,0.6,1.0,0,negative_reaction,"@AmazonHelp I've found it, thanks! One other question: When I send documents to my  Android app, it gives me an error that something was wrong. || @AmazonHelp This is all it says on my Galaxy S7 when I try to send a document to the app. However on my tablet and via email it works perfectly fine. https://t.co/ZnRjWUgcTm",@533107 I'm sorry for the difficulty! Please check this link: https://t.co/Dbi2b4aD3L for assistance! ^TR || @533107 That's odd. What type of error are you experiencing exactly? We'd be happy to help! ^SK || @533107 Reach us here so we can have a look into this with you: https://t.co/EGuNnVFGFF ^CL,NO,NO,NO,NO,,YES,YES,YES,NO
81,745999,298339,5,0.85,0.0,0,positive_reaction,"@AmazonHelp We finally got a hold of a supervisor that understood. However, my American Express was still charged twice. Done w/ #amazon || @AmazonHelp My payment went through twice. Thank God for#americanexpress for handling it. || #amazon has the worst customer service ever. Don't ever order from them. Not only messed up my order but won't fix it.","@298339 When you spoke with us, were we able to explain to you, what the second charge was for?  ^AG || @298339 I'm so sorry to hear this!We'd like to help in any way we can.Do you mind telling us a little more about what's going on?^NM",NO,NO,YES,NO,,NO,NO,YES,NO
107,377467,205570,2,0.45,0.0,1,negative_reaction,"@AmazonHelp habe ein Problem, kann mich nicht mehr einloggen, Passwort zurück setzten funktioniert nicht. Habe bereits eine DM geschrieben.",@205570 Guten Morgen! Haben dir per DM geantwortet. Ganz lieber Gruß ^TG,NO,NO,NO,YES,,NO,NO,YES,YES
147,2710355,761040,3,0.75,0.0,0,neutral_reaction,"@115821 packaging fail. :( my child knew what was in this box immediately. Batmans cave. Guess ""santa"" won't be bringing this one..mom and dad will. #failure #amazon https://t.co/tuR7KB8Xw2 || @AmazonHelp I did, but didn't alltach the photos.",@761040 I'm sorry the surprise was ruined. Please be sure to share your feedback with our packaging team: https://t.co/vIWWNKncUA ^KB,NO,YES,YES,NO,,NO,NO,YES,NO
189,513546,221202,2,0.6,0.0,0,no_action_observed,"@AmazonHelp como dije ayer, muy buen trato y con soluciones, gracias de nuevo y felicidades por el servicio de atención al cliente que ha sido muy agradable. Un saludo.","@221202 ¡Hola, Raquel! ¡Tu felicidad es nuestra felicidad!, siempre trabajaremos por ser los mejores para nuestros clientes. ¡Esperamos que tengas un muy lindo fin de semana! ^DS https://t.co/RgKtN63jgz",YES,NO,NO,NO,,NO,NO,NO,NO
119,1080303,169190,5,0.85,0.0,0,positive_reaction,"@AmazonHelp Hello, one question. Bought two gift cards at GameStop. Will they apply to my preorder detail before Amazon charge and ship? || @AmazonHelp Already preordered the game before I bought the gift cards. Gift card option is available inside the detail, can I apply them? || @AmazonHelp Don’t worry, I got everything sorted out. Thanks!","@169190 If you have the gift cards issued to your account, then you'll be given the choice of payment options at checkout. ^EM || @169190 We'd be happy to look at available options with you. Please reach us by phone here: https://t.co/hApLpMlfHN ^JM",YES,YES,YES,NO,,NO,NO,YES,NO
45,1666207,144477,3,0.85,1.0,0,silence_after_action,"@AmazonHelp 
Order not received
Order# 402-8236444-9314749
Status:Delivered yesterday
Courier: Delhivery, Tracking #: 5180792515113","@144477 We understand you are yet to receive your order. I'm sorry the tracking status was marked as delivered and you have not yet received the product. Let me investigate this further and help assist. Kindly fill in your details here https://t.co/hNzZfZFkiM (1/2) ^VM || @144477 and we'll reach out to you for assistance. Please don't provide your order details, as we consider it to be personal information. Our Twitter page is visible to the public. (2/2) ^VM",NO,YES,NO,NO,,YES,YES,NO,NO
152,1736150,131779,10,0.85,1.0,0,neutral_reaction,"Hi @AmazonHelp - is it possible to get help on an order I haven't placed yet? Your website doesn't seem to allow it. || @AmazonHelp Trying to get free standard locker delivery to my office building but it's not offering it to me. Faust or Katy lockers. || @AmazonHelp No error, just wants to charge me for next day locker delivery. I just want free standard delivery. Available at other lockers. || @AmazonHelp No use at all. Already seen that which is why I came to you. || @AmazonHelp I do, but I don't want it sent elsewhere as it's heavy || @AmazonHelp Order cancelled.","@131779 Are you getting an error message?^CD || @131779 Hi Ben- Locker delivery might not be an option for this item? Are you receiving any error message? ^NV || @131779 Thanks for confirming, Ben! Please review the following helpful info: https://t.co/uE56TDmn7j. Let us know if this is helpful! ^SD || @131779 Sounds like it is unavailable at this Locker: https://t.co/6ZH03m2uWC Do you see free shipping when you select another address? ^AF",NO,YES,YES,NO,,YES,YES,YES,NO
25,2927074,215289,6,0.7,0.0,1,positive_reaction,"@AmazonHelp Once again a package arrived with merchandise we didn't order. What is going on?!!! 😡 || @AmazonHelp Please DM me a phone number. Thank you. || @AmazonHelp They told my roommate to keep the two items in the box, even though she didn't order them nor can she use them. Your company policy leaves much to be desired. Unbelievable! 😏","@215289 I'm so sorry for the frustration! We'd like to take a closer look at the issue. If you haven't already, please reach out to us directly via phone/chat here: https://t.co/Y5jpI9gRhE ^TN || @215289 You're welcome to DM us! However, you can click on the link that ^TN provided for different ways to contact us, including a phone number. We look forward to hearing from you. ^EB || @215289 Thanks for the update. Please let us know if this happens again.  ^SE",NO,NO,YES,YES,,NO,NO,YES,YES
57,170894,155855,6,0.75,1.0,1,neutral_reaction,"@115830 Can someone please DM me about your shocking customer service and crap Black Friday ordering.  You’re on a par with @252 right now, and the whole world knows how shit they are! 🤬😠😤 || @AmazonHelp Are you able to trace online chats or do I need to screenshot what is happening ? I am beyond fed up with the *help* I’ve got tonight! 😤 || @AmazonHelp It is far too long winded to discuss on Twitter. I have got nowhere with live chat. Am fed up with the way I’ve been treated by your customer services tonight 😩😤 What do I do now?","@155855 We'd like to help! Please use the link below to DM with us. As a reminder we don't have access to your Amazon account; please refrain from providing personal or account details.  ^AG https://t.co/1XyLaGkcaN || @155855 For security, we are unable to view customer account details on Twitter. However, our chats are recorded. Please let us know what's going on. ^BH || @155855 Understood. Without posting account or order details, can you please tell us about the initial issue you were trying to get resolved when you contacted us? https://t.co/1XyLaGkcaN",NO,YES,NO,YES,,NO,YES,YES,YES
43,2213789,646945,3,0.25,0.0,0,no_action_observed,@AmazonHelp Hey looks like it's back ! Thanks ! 😀 || @115850 Why not available today all of a suddenly when I was watching till yesterday. Very bad experience ! https://t.co/HTKI2d706y,@646945 We will let you know when these episodes are back. We’re really sorry for the inconvenience caused. (2/2) ^VM,YES,NO,NO,NO,,NO,NO,NO,NO
128,1349077,434614,4,0.0,0.0,1,positive_reaction,@AmazonHelp Got cashback thanks || @AmazonHelp haven't received  amazon pay cashback.did 1st jio recharge of 399 using amazon pay today.pls help || @AmazonHelp Ok.thanks,"@434614 We've responded to your query via DM, please check. ^HA",YES,YES,NO,YES,,NO,NO,YES,YES
114,1034249,364675,9,0.85,0.0,1,negative_reaction,"@AmazonHelp I had accidentally ordered a wrong item, only getting to know after delivery and payment. No option for refunds!? WHY? || @AmazonHelp You give refunds? Yes or no. || @AmazonHelp No, you don't appreciate my understanding. I asked yes or no!? Can't you just reply || @AmazonHelp Not a particularly fitting reply. If I wanted to communicate thru emails, why would I have tweeted it? Shitty CS.","@364675 Please report this to our team here: https://t.co/vlvfJr4nN9 and we'll get this sorted soon. ^RS || @364675 Kindly contact us from the link given and we'll help you in getting this issue resolved. Appreciate your understanding. ^ZH || @364675 We've responded to your DM. Please check. ^HK || @364675 This being a public portal we would be unable to view your account/order details. However, for us to assist you better,(1/2) ^VM || @364675 please reach us via the link provided earlier and we'll reach out to you soon. (2/2) ^VM",NO,NO,YES,YES,,NO,NO,YES,YES
120,695119,285785,6,1.0,0.0,0,neutral_reaction,"@AmazonHelp you guaranteed one day delivery and now my items might take 4 days? I bought extra items just to hit the $35 limit. You guys are snakes. || @AmazonHelp November 22 || @AmazonHelp I don’t need an order status, I want something from you guys. My order status says it might not get here til Sunday now. That’s absurd",@285785 I'm sorry for the wait. What is the delivery date listed within your order confirmation e-mail? ^GR || @285785 Thanks for that! What is the status showing for your order? Order status can be located here: https://t.co/Y5jpI9gRhE ^TE || @285785 I'm sorry for the delay! Please reach out to us via phone/chat here: https://t.co/hApLpMlfHN for real-time assistance with this. ^TK,NO,YES,YES,NO,,NO,NO,YES,NO
198,2747173,769255,2,1.0,1.0,0,silence_after_action,My @115821 order said it had guaranteed delivery on Nov. 22nd but has not even been shipped... what’s up with that?,"@769255 Sorry for the delay, Kaitlin! Have we sent you an e-mail with an updated delivery date? You can check that here: https://t.co/2IHxMGT60b If not, please reach out to us here so that we can investigate the delay: https://t.co/hApLpMlfHN ^EA",NO,YES,NO,NO,,YES,YES,NO,NO
195,505803,236026,5,1.0,0.0,1,positive_reaction,I just had the worst service with @115821 that I’ve ever had and as an Amazon Prime member it’s sad how rude I was just spoken to. 😕 || @AmazonHelp Please DM me if you could! I asked to speak to another associate due to rude service and was told no. Not what I expect as a prime member. || @AmazonHelp Just did! Thank you,"@236026 This is not what we expect! Please remember to send your feedback via the e-mail you will receive, it goes to the agent's supervisor. We would also like to help solve your initial issue. Without sharing any account information can you explain a bit further? ^LS || @236026 We would love to get more details from you about this unfortunate incident, Mariah, but we are unable to initiate DM's through Twitter. However, we are more than able to respond, so please send us a Direct Message, and we will do everything we can to assist! ^JD",NO,NO,YES,YES,,NO,NO,YES,YES
100,1742679,162488,4,0.7,1.0,0,neutral_reaction,@AmazonHelp when will my account will be unlocked...🙄🙄🙄😥😥😥......I need my account to be unlocked please help || @AmazonHelp No email linked to account 😭😭😭,"@162488 Sorry to know that your account is locked, Devesh. Please respond to the email sent to you by our Account specialist team. ^MP || @162488 My apologies, Devesh. Please reach out to us via: https://t.co/z71JuXxmYn and we will have this checked further. ^KS",NO,YES,YES,NO,,YES,YES,YES,NO
13,2129938,626950,11,0.45,1.0,0,positive_reaction,@AmazonHelp Hi.. Need help with one of the products that I had ordered. Appreciate your quick response! || @AmazonHelp A product that I bought isn't working anymore and is within the warranty period. || @AmazonHelp This is the product. No where mentioned how to make use of the warranty. https://t.co/OAz1tEFVWH || @AmazonHelp Order details https://t.co/8T4Gi6hStR || @AmazonHelp I know. Have not provided any detail. Thanks anyway!,"@626950 We'd be glad to help. Please do let us know how we can assist you today? ^EM || @626950 For further assistance please claim the warraty by contacting the manufacturer. (2/2)^BS || @626950 If the product is within the return window period, We'd help you with a return/replacement. (1/2) ^BS || @626950 We'd like to have a closer look, kindly reach out to our support team here: https://t.co/vlvfJr4nN9 &amp; we'll help you out. ^EM || @626950 Please don't provide your order details, as we consider it to be personal information. Our Twitter page is public.​ ^EM || @626950 Sorry about the miscommunication, as mentioned earlier, please reach out to our support team via the above link. ^MS",NO,YES,YES,NO,,YES,YES,YES,NO
66,327026,193934,5,1.0,1.0,0,neutral_reaction,"@115823 
Amazon pay failed.
Money Deducted Twice from my account and customer care told that deducted transaction is not showing to them. || @115823 @115850 
Amazon pay failed.
Money Deducted Twice from my account and customer care told that deducted transaction is not showing to them. || @AmazonHelp That was not feedback .
It was complaint.",@193934 Sorry for the hassle Manish. I'll surely pass on your feedback to the concerned team internally. ^HN || @193934 Apologies for the confusion. Please write to us here: https://t.co/GIJyeYqKE0. We'll get this checked. ^VN,NO,YES,YES,NO,,YES,YES,YES,NO
72,2394498,689341,2,0.6,0.0,1,neutral_reaction,@115850 @115851 Do you guys outsource your sellers onboard campaign in India or not..??.@93495 @93496 solution outsourcing this.??,"@689341 I wasn't able to comprehend your concern, Phani. Kindly DM us your question in detail so that we can help you with further information. ^NK",NO,NO,NO,YES,,NO,NO,YES,YES
132,358786,200977,21,0.75,1.0,0,positive_reaction,"@115830 then to be told that you can’t even contact the driver to tell him to do his job properly? What a joke from a multi billion £ co. || @AmazonHelp Did that already, twice actually absolutely useless, delivery man didn’t actually delievery item now im being told it might be another day? || @AmazonHelp What’s the point in paying for prime? You can’t even contact your drivers? your customer service mngrsdidnt care just made me madder || @AmazonHelp I pay for prime, I paid for a service, wIted all day for my package, only to have an attempted delivery at the end of the day and I was in!? || @AmazonHelp That there’s nothing anyone can do, they can give me more prime extension (which I absolutely don’t want), that they’ll email the depot || @AmazonHelp I don’t care about the more prime, I paid for a service and this isn’t even the first time it happens a lot, very frustrating || @AmazonHelp You’re now asking me to take a day off work to wait for a package which might not come till the end of the day? || @AmazonHelp You can’t even contact your driver to tell him to come back?? What is that about? I waited all day for my stuff || @AmazonHelp I was actually standing downstairs with my son at 4pm funnily enough saying bye to my mother when your driver supposedly was delivering || @AmazonHelp Which is what makes this whole situation a bigger joke, I just want my package today!! Cause I waited all day for it to arrive || @AmazonHelp So what do you intend on doing about this ?? Because this is an absolute joke? I paid for a service which you have not adequately provided || @AmazonHelp 1/2: no you didn’t, but once again, I don’t want feedback, I want my package || @AmazonHelp 2/2:  there is no safe place I live in a flat hence why I was in waiting all day, I have my neighbour as a just in case || @AmazonHelp But your driver didn’t even come to the door at hence my frustration, let’s get my package to me now as apposed to asking me questions || @AmazonHelp So when are you going to ask me for my order number? It’s ok...I’ll wait || @AmazonHelp Perfect, so just to confirm...you’re doing absolutely nothing..as expected #useless","@200977 I'm sorry to hear about the trouble! We'd like to look into this further. Please contact us here: https://t.co/JzP7hlA23B ^HC || @200977 When you contacted us, what information and options were given to you? ^HC || @200977 When you spoke with us, did we provide feedback to the carrier regarding the delivery issue? 1/2 || @200977 2/2 Have you set up a Safe Place for your unattended parcels: https://t.co/CanBpvHvUm?  ^CO || @200977 Terribly sorry for the delay, and appreciate your patience as we attempt re delivery for tomorrow. Keep us posted! ^JZ",NO,YES,YES,NO,,YES,YES,YES,NO
7,2053570,161159,2,0.7,0.0,1,no_action_observed,"@AmazonHelp Having a problem with my Prime account, DM if you can","@161159 We'd like to help, you can DM us using the link below. Please remember to not include personal, or account information. ^AG https://t.co/1XyLaGkcaN",NO,NO,NO,YES,,NO,NO,NO,YES
47,1731188,416525,2,0.75,0.0,0,no_action_observed,can't sort prices in #amazonwishlist anymore 😦😟😳😣why @115821 @AmazonHelp @115850 why?? makes no sense! I got big lists. need to sort. 😔,"@416525 Apologies for that, Ashish. I'll make sure the concerned team is notified about this, I'd take your feedback across. ^JC",NO,YES,NO,NO,,NO,NO,NO,NO
187,1208365,403718,2,0.6,0.0,0,no_action_observed,Hi! @116316 is there any chance to get support from you in english? I need to solve a problem!!!,@403718 How can we help you? What's the problem? Kind regards ^MF,NO,NO,NO,NO,,NO,NO,NO,NO
127,1416039,449086,2,0.0,0.0,0,neutral_reaction,あにょ...Amazonさん...お支払い番号はまだでしょうか...,@449086 お待たせしております。https://t.co/st4oU5QbhPが発送する商品の場合、お支払い番号は商品が出荷準備に入りしだい発行されます。詳しくは、こちらのヘルプページをご参照ください。https://t.co/MCsyqdVdSq YM,YES,YES,NO,NO,,NO,NO,YES,NO
32,1922923,572420,3,1.0,0.0,1,positive_reaction,@115821 hi there i had ordered a product and its not delivered on time even paying the extra money for delivery.. || @AmazonHelp Got it thanks,@572420 We have responded to you via DM. Kindly check. ^MP,NO,NO,YES,YES,,NO,NO,YES,YES
118,191621,161040,3,0.6,0.0,1,positive_reaction,Preordered #StarWarsBattlefrontII from @115821 and I haven’t received my code for the beta @AmazonHelp || @AmazonHelp Thanks 🙏,@161040 Hello Francisco! WE have replied to your DM. ^DD,NO,NO,YES,YES,,NO,NO,YES,YES
31,972287,350636,5,0.85,0.0,1,negative_reaction,"@AmazonHelp Very bad feeling with amazon,alway send used and defective product and never accept to replace product and refund money || @AmazonHelp I got 2 defective product out of 3 or 4 in this month .""Uff amazon is very bad""","@40875 Hence, request you to wait till the estimated delivery date. I’m positive that the package would be delivered to you. 2/2 ^SB || @350636 We're responding to your query via DM. ^AP || @350636 We're sorry to hear this. Please report this to our support team here: https://t.co/vlvfJr4nN9 and we'll help you soon. ^RS",NO,YES,NO,YES,,NO,NO,YES,YES
111,1137322,387909,44,0.25,1.0,1,negative_reaction,@AmazonHelp No resolution yet! Where is my money? #Amazonfraud || @AmazonHelp They are saying the same thing from past 2 days that your team is still checking || @AmazonHelp No resolution yet! #Amazonfraud @115851 || @AmazonHelp I've already responded yesterday only || @AmazonHelp More than 72 hours up and no resolution yet!! || @AmazonHelp Same response that we are looking into the issue. Are you going to give my money back or not? || @AmazonHelp Done. Now by when will I get back my money? || @AmazonHelp It's been more than 24 hours now. And I haven't got any resolution || @AmazonHelp Earliest? When? I want a resolution right now || @AmazonHelp I've already submitted this form 20 hours back and you say I'll get resolution within 12 hours of submission of this form!! || @AmazonHelp No update yet! This is disgusting from an well known international shopping site || @AmazonHelp Haven't received any DM. Stop lying || @AmazonHelp I've already replied to your email and no response has been received after that || @AmazonHelp Getting same response from you everywhere. 'Please allow us sometime' your standard response for each issue || @AmazonHelp No DM received || @AmazonHelp Again same thing :( can someone call me from your end || @AmazonHelp Already sent || @AmazonHelp When? || @AmazonHelp sent dm along with details plz respond asap || @AmazonHelp No update yet been more than 2 hours || @AmazonHelp I need to place an order urgently || @AmazonHelp No update yet,"@387909 I'm sorry to hear you have not received the amount yet. Rest assured, I'm sure our (1/2) ^VM || @387909 team would have reverted to your query here: https://t.co/8DAc10S7ww. (2/2) ^VM || @387909 I'm sorry for the tail with your concern, we are actively working on your issue &amp; we'll get back to you once we have updates. ^MJ || @387909 I'm sorry for the long stretch. Kindly revert to the email sent by the Social Media team &amp; we'll get back with an update. ^EM || @387909 We have received your reply. We are working on it. We’ll get back to you with an update on it. ^SB || @387909 We've sent the correspondence to your registered email ID. Kindly check it here: https://t.co/8DAc10S7ww ^GK || @387909 Kindly revert to our email correspondence with further query on this and we'll be happy to take it over from there. ^AB || @387909 Since you've responded to the mail, our team will get back to you with an update shortly. Appreciate your patience. ^EM || @387909 Apologies for the stretch, we are working on it. We will get back to you at the earliest. ^AH || @387909 I'm sorry for the trail with your concern. A correspondence will be sent to your registered email account 1/2 ^MJ || @387909 with a resolution in 12 hours post submitting the form here: https://t.co/GIJyeYqKE0 with requested details. 2/2 ^MJ || @387909 Apologies for the stretch. Please be assured that we're on it and we'll get back to you soon with an update. ^SY || @387909 Tejas, we're following up with you via DM, kindly take a look. ^MS || @387909 You can check for our response here: https://t.co/DTSNmGldJf. Hope this helps. ^CB || @387909 Request you to check your DM. We've responded to your query there. ^SK || @387909 You can check for our response here: https://t.co/UNcnRC59WF .^CB || @387909 Sorry about the hassle, Tejas. Please revert to the email requesting a callback and our team will assist accordingly. ^MS || @387909 Thanks for confirming. We'll check and get in touch with you. ^RI || @387909 I'm sorry about the issue you have with Amazon pay, write to us here: https://t.co/GIJyeYqKE0 &amp; we'll check this for you. ^MJ || @387909 We're working on the details that you've shared. We'll reach out to you soon. ^SG || @387909 I understand your concern. We're working on the issue with the details you've provided and will get back to you soon. ^AP || @387909 Thank you for your patience, Tejas. We are working on this and will get back to you at the earliest. ^KS",NO,YES,YES,YES,,NO,YES,YES,YES
83,2280500,327728,4,1.0,1.0,0,positive_reaction,"Has anyone actually received something on time with same-day shipping w/ .@115821 Prime? I've tried to twice and both times there were ""unable to gain access"" and it was brought the next day. Maybe third time's the charm? 🤔🤔🤔 || @AmazonHelp Thanks for your speedy reply! I believe the carrier is Amazon itself with same-day deliveries in my area. I just made a same day order for today, hoping it will actually come in today!","@327728 I'm sorry to hear this! Have you noticed this to be a trend with a specific carrier? ^TH || @327728 Thanks for checking for us! I'd like to get this escalated to our Logistics team on your behalf. When you have a moment, please send us some more info about your late orders here: https://t.co/CdG0tIfmAY ^DW",YES,YES,YES,NO,,YES,YES,YES,NO
103,1347549,434252,6,1.0,1.0,0,negative_reaction,Never use @115821 chat when u have concerns on your package! rude and will pass u to different people if they don’t want to deal with u 😡😡😡 || @AmazonHelp Yes 😫 usually I’ll get it resolve but for some reason associates on chat were rude and made promises they cant back up 😭 || @AmazonHelp AMZL US carrier. Was supposed to arrive yesterday. An associate offered a prime mem extension but never gave it.,"@434252 Hey Roxanne, I'm so sorry! Are you waiting on a package that's missed the promised delivery date? We're here to help!  ^PF || @434252 I see, Roxanne! Has the order selected a carrier? https://t.co/Y5jpI9gRhE If so, have you contacted them for options? ^FR || @434252 I'm sorry for the bad experience you've had. My team would like to look at this in detail.  Click here:https://t.co/vZdwC7TIa5 ^EM",YES,YES,YES,NO,,YES,YES,YES,NO
166,1605135,492401,2,0.4,0.0,0,no_action_observed,"いつも間にかモヤさまがAmazonプライムにきてる！　モヤモヤさまぁ～ず2のシーズン1！

モヤモヤさまぁ～ず2 Season1 Amazonビデオ ~ さまぁ～ず https://t.co/3qWmgBAwE1",@492401 きてます！ぜひまったりゆっくりお楽しみください😚🎉　MH,NO,NO,NO,NO,,NO,NO,NO,NO
12,2764438,773246,4,1.0,0.0,0,neutral_reaction,Very mid-leading add within @115830 app ... shows a ‘100 day trial’ so would expect that can take advantage of it ... but no ... says you would have had to purchase months ago! Last end purchase date was 100+ days ago ... so not even relevant! https://t.co/WGspM3xl3d || @AmazonHelp Follow this links (via app) https://t.co/bdkPI0Uku9 -&gt; more about Sonos / Amazon -&gt; 100 day.,"@773246 Hi, would you be able to share with us a direct link to this. We would like to have a look as to why the promotion is not working. ^CR || @773246 Hi, thank you for bringing this to our attention. ^ES",YES,YES,YES,NO,,NO,NO,YES,NO
77,2278373,306380,2,0.6,0.0,1,no_action_observed,@AmazonHelp i am following amzaon regarding this issue since yesterday .but not getting support .if something went wrong .amazon is responsible for this,@306380 We've replied to you via DM. ^SG,NO,NO,NO,YES,,NO,NO,NO,YES
54,306929,189282,3,0.25,0.0,1,neutral_reaction,@AmazonHelp hola les mande mensaje espero me puedan ayudar :) || @AmazonHelp no me ha llego nada 😅,@189282 Hola Karmesite. Te hemos respondido por DM. ^JJ,NO,NO,YES,YES,,NO,NO,YES,YES
139,2288561,664885,3,1.0,0.0,0,neutral_reaction,"@115821 hello I have order one product with prefer delivery and delivery charge also pay but product delivery next day, so why I should pay extra shipping charge. This is cheating I will mark complaint consumer court. @1560 @119351 || @AmazonHelp 😢",@664885 I'm sorry for the trouble with your order. Please connect with our support team here: https://t.co/2t6DQpbXFx for assistance on it. ^RW,YES,YES,YES,NO,,NO,NO,YES,NO
200,230072,170820,4,0.0,0.0,0,negative_reaction,"@AmazonHelp Awaiting your response || So @115821 refers me 2 seller, seller says I have escalated issue to Amazon. Round n round we go. Slow clap. Well done!",@170820 You can check for our response here : https://t.co/DTSNmGldJf . ^CB || @170820 We've received your revert and shall reach out to you soon with an update. ^GS,NO,YES,YES,NO,,NO,NO,YES,NO
19,2385836,687606,7,0.7,1.0,1,negative_reaction,Such a ridiculous service by #AmazonIndia.Rescheduled my delivery without informing me.Cancelling my order now. || @AmazonHelp I want solution not respond.Try to put some efforts in delivering product not https://t.co/uDcDVyDp0D wasted my 3 days. || @AmazonHelp I cancelled the order coz amazon failed to deliver it. Go check your chat section with my ID. I had contacted 3 ppl fro Amazon already.,"@687606 We've responded to your DM, please check. ^KA || @687606 Also, I've forwarded your feedback internally to the appropriate team as it helps us improve customer experience. 2/2 ^RS || @687606 Please accept a sincere apology for the mess. However, once an order is canceled, the same order cannot be delivered. 1/2 ^RS || @687606 I'm sorry about your canceled order. We've passed on your feedback to the concerned team internally and they'll check it. ^AU",NO,YES,YES,YES,,NO,YES,YES,YES
164,2184781,154471,2,0.85,0.0,1,no_action_observed,@AmazonHelp hi! I need some help here... I need to talk with you guys about my account. Please send me a DM.,"@154471 Hello, Kathleen. We'd love to help if we can. If you would prefer to DM us, you can. Just click below. ^AL https://t.co/1XyLaGkcaN",NO,NO,NO,YES,,NO,NO,NO,YES
150,1936464,148571,3,0.45,0.0,1,positive_reaction,"Hey @AmazonHelp need help, kind of urgent. Pl refer to my msg || @AmazonHelp Thanks","@148571 We've responded to your query via DM, request you to check the same. ^SH",NO,NO,YES,YES,,NO,NO,YES,YES
85,38802,124467,4,0.75,0.0,0,positive_reaction,"@115821 @117634 @2352 Hi, claimed 2 books, but they aren't showing up on my Kindle. The last 2 I claimed did. Please help! || @AmazonHelp Thanks! Yep, I checked there, and the books I checked out through OverDrive are not listed there (even though the last two I did are).",@124467 Hi there! We'd love to help out in any way we can! Are you able to locate the books here: https://t.co/6QNgPiW20K? ^WJ || @124467 I'd recommend walking through these steps: https://t.co/6JszbxM6ST ^AF,YES,YES,YES,NO,,NO,NO,YES,NO
134,197806,162515,3,0.5,1.0,1,negative_reaction,@AmazonHelp no i cannot wait refund me,@162515 We're following up on your concern via DM. ^YP || @162515 I understand your concern regarding the refund. Kindly wait for the requested time frame mentioned earlier. ^AP,NO,YES,NO,YES,,NO,YES,YES,YES
171,2621028,740587,5,0.75,1.0,0,positive_reaction,"Thank you @115830 . This was exactly what I wanted to arrive today. Not only smashed into several pieces, but evidently wrapped up after fact as there were shards of pottery in the tape! Not particularly impressed. https://t.co/2JQKiUjsM7 || @AmazonHelp Order seems to be placed with Mason Cash but it appears on my order list as sold by Amazon. || @AmazonHelp Ill be returning it, without question, but just wanted to highlight the delivery because I cut my hand on the ceramic broken in the packaging - usually Amazon is very reliable but this isnt great.","@740587 Oh no Robyn. Sorry to see your order arrived like this. Did you place the order with us or a seller? ^ES || @740587 We want our team to investigate this further with you. Please send us your details using the following, secure, link: https://t.co/PsRv8NyhXB ^GR",YES,YES,YES,NO,,YES,YES,YES,NO
190,289006,184865,2,0.6,0.0,0,no_action_observed,Yay I got my book at last! Thank you @AmazonHelp for helping me! :) That was fast! I should have written you sooner.,@184865 Whoo hoo! We're always happy to help! Glad you have received your book 📚! Let us know if you need anything in the future. ^AL,YES,YES,NO,NO,,NO,NO,NO,NO
53,352903,199910,15,0.65,1.0,1,neutral_reaction,"@AmazonHelp Invoice https://t.co/VIjKF6LK2E || @AmazonHelp Subscription amount https://t.co/XwUdiUKuQb || @AmazonHelp I hope you are referring this DM, but it is not all fruitful for me and in mail also nothing had came. https://t.co/5SdXdh2hjo || @AmazonHelp Now simply answer my question why 1 tym amount u ppl chargd, when u send me monthly subscription item. Plz be specific. || @AmazonHelp Sir, how you can send me subscription item on one time purchase rate, after numerous reminders in these 2 days your side response is pathetic. After subscribing, rarely i see the amount of subscribed product you send. || @AmazonHelp which link? please share link! || @AmazonHelp contact number 9752092631 || @AmazonHelp Sir, I had filled the details in your respective link. Please do the needful.","@199910 We have replied to your DM. Please check. ^MJ || @199910 That's quite a remark, Venkat. Apologies. Please reply to the email we've sent to your registered email. We'll check your concern and help you further. ^SV || @199910 I understand your concern. Could you confirm sharing your details on the link provided earlier? ^JS || @199910 Please share your details here: https://t.co/beaaDm0muc and we'll contact you soon.​ ^JS || @199910 We do not have access to your details over social platform. Please use the link given earlier and fill the form. We will check and connect with you accordingly. ^RW || @199910 Please don't provide your order details, as we consider it to be personal information. Our Twitter page is public.​ ^RW || @199910 Thank you for sharing your details, we'll get back to you soon. ^SU",YES,YES,YES,YES,,NO,YES,YES,YES
105,231745,171198,11,0.6,1.0,0,negative_reaction,@AmazonHelp And it's been 24 hours. Nothing came thru yet. You promised to call within 12hours.hahaha. || @AmazonHelp Man I have already filled out the details. How much more I need to fill up. || @115850 Can't add money to Amazon Pay. On 21 Sept your executive said it will be solved in 48 hours. Is the period over yet? https://t.co/6AjoiDLkHH || @AmazonHelp Not at all. Haven't added at all || @AmazonHelp Been hours since I filled in details. No response yet.,"@171198 Sorry for the disappointment. We wouldn't have access to your account details via Twitter. Please reply to the email (1/2) ^KA || @171198 you've received from our team here: https://t.co/NTkrxpsbHJ and we'll reach out to you. (2/2) ^KA || @171198 As you've shared your details, we'll work on it and get back to you at the earliest. ^HN || @171198 Hi, could you let us know if you've crossed the maximum limit for adding money to your Amazon pay balance? ^AK || @171198 Let us check this out for you. Please drop your details here: https://t.co/nQrSan0COS and we'll reach out to you. ^VM || @171198 I'm sorry it is taking longer than expected. We're looking into the issue and shall get back to you soon. ^SH",NO,YES,YES,NO,,YES,YES,YES,NO
46,1279904,419469,5,0.75,0.0,0,negative_reaction,@AmazonHelp still not sure how this is supposed to arrive in a hour and a half? https://t.co/9VekWLTO4q || @AmazonHelp Seriously though I’m so sick of my packages arriving late. || @115821 what is the point in paying for prime shipping when my packages never come on time!!!! 😡 https://t.co/meTiHByBSp,"@419469 I'm sorry your package hasn't arrived. Please reach out to us via phone here: https://t.co/hApLpMlfHN ^MW || @419469 Hello, Ashley! It is not uncommon for items to ship out and be received same day! Please keep us posted on this order. ^JZ",NO,YES,YES,NO,,NO,NO,YES,NO
115,507114,236401,3,0.6,1.0,0,positive_reaction,@115821 has delayed or lost my packages that I ordered last week 🤦🏽‍♀️ || @AmazonHelp Yeah they have the replaced item is coming this weekend. &amp; the new delivery date is for the beginning of next week. Thanks for the good customer service,@236401 I'm sorry for the trouble with your orders! Have we been able to replace the orders which were lost? Has a new delivery date been provided for the delayed orders? ^SB,YES,YES,YES,NO,,YES,YES,YES,NO
42,2187356,640547,2,1.0,1.0,0,silence_after_action,@115821  @AmazonHelp #RT432247465IN I know that Amazon is not a fraud company pls refund as early as possible . No more discussions pls,@640547 I understand that you are having a refund issue. Have you reported this to our support here: https://t.co/vlvfJr4nN9? ^AH,NO,YES,NO,NO,,YES,YES,NO,NO
24,340859,118712,3,0.6,0.0,0,neutral_reaction,Oh dear @115850 first deliver the products on time. V customers r really feed up with ur service. || @AmazonHelp N same thing happened for that Amazon basic usb lighting charge cable...,@118712 Sorry about the experience with delivery. Could you please elaborate on your concern? We'd like to look into it. ^HD,NO,YES,NO,NO,,NO,NO,YES,NO
161,511713,237641,2,0.6,0.0,1,no_action_observed,@AmazonHelp Is it possible for you to DM me so I can ask you a question concerning an email I got?,"@237641 Hi! To DM us, just message us using the link below! ^WT https://t.co/1XyLaGkcaN",NO,YES,NO,YES,,NO,NO,NO,YES
172,1737617,201488,6,0.75,0.0,1,negative_reaction,@115850 This is strange case of myself receiving a message saying a transaction has been done on AmazonPrime Mem. for an amount of 10.99$ || @AmazonHelp Shared my details via DM. || @AmazonHelp I can't see the response.,@201488 Sorry for the unexpected charge! Do you have an https://t.co/nUUp5MLhYl account? Please let us know! ^AB || @201488 We have responded to your query over DM. Kindly check. ^SY || @201488 We have responded to your query over DM. I request you to kindly check once again. ^SY,NO,YES,YES,YES,,NO,NO,YES,YES
173,582618,257366,16,1.0,0.0,1,negative_reaction,"@115850 @AmazonHelp I paid RS 100/- and RS 999/- for prime. To make sure my package reaches in the shortest period. What I see you have rescheduled my delivery on your own without my confirmation. Kindly deliver my package asap || @AmazonHelp I would be happy if you take some pain and identify what has happened. I have shared the tracking details in DM || @AmazonHelp I have DM the details || @AmazonHelp Kindly help asap. || @AmazonHelp Kindly check my details and let me know
After paying I shouldn't drop mails to 10 places and follow up. || @AmazonHelp Sent || @AmazonHelp I have shared the details, I m really upset that I rcd a new message that your delivery is delayed by 4 days. @139570 pls interfere || @AmazonHelp Hope you are really concerned about the customer extra payment and his service related issue. If you would have then I would have received the package. But I m regretting a lot why I paid for prime. || @AmazonHelp You can keep saying that
What will I do I can't understand","@257366 I'm sorry to know you're facing issues with the delivery of your order. Please connect with our support team here: https://t.co/vlvfJr4nN9 and we'll help you at the earliest. 1/2 ^HS || @257366 Please don't provide your tracking details, we consider it to be personal information. Our page is visible to the public. 2/2 ^HS || @257366 We've responded to you over DM kindly check and reply. ^MN || @257366 Kindly share your details here: https://t.co/GIJyeYqKE0 and I'll look into this. ^SG || @257366 If you've shared your details, we'll connect with you soon. Keep an eye on your mailbox. ^AS || @257366 Thanks for confirming. We'll reach out to you soon with an update. ^SG || @257366 I understand that you're excited to get your hands on the new mobile. Please be informed that our team is working on your issue to get it resolved at the earliest. Appreciate your patience. ^GD",NO,NO,YES,YES,,NO,NO,YES,YES
170,418435,214833,4,1.0,0.0,0,negative_reaction,"@115850 hv a return pickup scheduled in afternoon but unfortunately hv to go to a doc at that time. Plz help to reschedule. Thanks || @AmazonHelp He came just 4 hours early for the pickup...anyways...problem solved on its own :D 
Thanks!","@214833 Sorry for the trouble, Aishwarya. Please connect with our support team here: https://t.co/00q4Sqj9zL for assistance. ^KA || @214833 You're welcome. Thanks for keeping us posted. ^GK",NO,YES,YES,YES,,NO,NO,YES,NO
178,888340,330925,23,0.6,1.0,1,negative_reaction,"@AmazonHelp When replying i'm getting the same revert again and again. I donno wht d hell of a service is dis. Same mails throughout. || @115821 Is this wht u call customer service? I've ordered something frm Amazon and without my consent you've cancelled the order and initiated refund. Who askd u to do so? || @AmazonHelp M from India and i'm unable to enter my contact details since India is not in the country list provided there || @AmazonHelp Gud resolution for customers. Resolution and sharing the feedback. Didn't expect such a response from you || @AmazonHelp And your reply is not at all appreciated. Either provide a resolution or compensate it. I don't want any appologies from anyone of you. Each one is saying different things. || @AmazonHelp One said it ws bcos of shortage in product another one told it ws the seller part. Now wht shud we customers do if you have internal probs? || @AmazonHelp Details given. Awaiting for your revert at the earliest. || @AmazonHelp Received a mail stating that it was a pricing issue. Now what should i do for that? That's not my concern. It was published in your merchandise and i did a spot CC transaction. I need the product and i don't want to hear your silly excuses. || @AmazonHelp I'm not understanding and yes i'm hell upset. Didn't expect such a nasty service from you. If it was a pricing issue then its ur fault and i want that product. Atleast provide a resolution for me. Even twitter team is not helping me. Shameful || @AmazonHelp I've already replied and they are saying that they can only apologise. I mean wht the hell of a service is this? You made a mistake and without ckmpensating or giving the product wht vil i do with ur apology? || @AmazonHelp Resolution?? Was that a resolution? You call that a resolution? Apology is a resolution?? I don't think so. || @AmazonHelp I'm so much frustrated because of you. Now because of your lame response i'm going further ahead. || @AmazonHelp Gr8! Go ahead, descending frm faith.","@330925 As said earlier the resolution provided over the email is the best we can offer. I'm sorry we'll not be able to provide any further insight on this. ^SH || @330925 Could you please help us with the image of the error you're encountering while you enter the contact details for a call request. ^SU || @330925 Apologies for the miscommunication, please reach out to us via the link: https://t.co/rS49hgaADF and we'll assist you accordingly. ^SU || @330925 We are following up with your concern via DM. You'll receive a reply from us soon. ^MP || @330925 We'd like to have this checked. Please fill in your details here: https://t.co/beaaDm0muc, we'll look into it and reach out to you. ^MO || @330925 I've checked and can confirm that we haven't received your details. Once we receive your details through the link provided earlier, we'll have the issue checked for you. ^AR || @330925 I get you being upset. Kindly reply to the mail sent to you by our team here: https://t.co/8DAc10S7ww. Appreciate your understanding ^MN || @330925 Twitter being social media platform we wouldn't have access to your account. So, kindly reply to the correspondence sent by our team so that we can resolve the issue. ^MN || @330925 I understand your concern. However, the resolution provided to you over the email is the best we could offer at this point of time. You may reply to the latest correspondence from our team with your insight for further assistance. ^GD || @330925 I get that you're upset. However, as mentioned earlier we wouldn't be able to access your account on Twitter. Please reply to the email you received from us for further assistance. ^BV",NO,YES,YES,YES,,NO,YES,YES,YES
143,2602238,735945,14,1.0,0.0,1,negative_reaction,"@115850 why is order cancellation such tedious job,is it purposely done to discourage even genuine buyers? And why you discourage telephonic conversation || @115850 Totally disappointed with amazon || @AmazonHelp Not satisfied, please call....you have not confirmed regarding order cancellation.. please call, please call || @AmazonHelp Please call immediately || @AmazonHelp Sir,I am surprised that Amazon India refused to speak regarding order as if to force the item on the buyer.There is no choice at all for personal https://t.co/Ob2xF5x2kW disappointed and that is frustrating || @AmazonHelp I repeat I am not satisfied, please call me || @AmazonHelp I repeat I am not satisfied. please call || @AmazonHelp Despite my cancellation Amazon in have deppached item.I didn't receive any other mail except confirmation of despatch.please cancel, repeat cancel the despatch. || @AmazonHelp If I am forced to buy,I will be never happy.","@735945 We've responded to your query here: https://t.co/kuQJClot0Q. Kindly check. ^PS || @735945 You can respond to the correspondence you have received. We will assist you further. ^JS || @735945 We've responded to your query via DM, request you to check the same. ^SH || @735945 We're unable to reach you via this medium, Kumar. Please respond to our email so we could take it from there. ^JC || @735945 I'm sorry about the disappointment. Kindly connect with us here: https://t.co/vlvfJr4nN9 we'd like to help. ^SG",YES,YES,YES,YES,,NO,NO,YES,YES
95,1212685,404627,13,0.6,0.0,0,negative_reaction,"@AmazonHelp It's been 2days but I didn't receive any call @AmazonHelp || @AmazonHelp I have already provided my details on the given link || @AmazonHelp Thank you for the help.
My problem resolved. || @AmazonHelp The mail was not helpful can u pls contact me on my cellphone .
Number I have send u on mail. || @AmazonHelp I have already replied on mail.
Hoping I will get response soon. || Worst service Amazon.
Canceled order false reason of me refusing to accept order even after me calling dem 20 times.
#Amazon #AmazonIndia","@404627 and send us the details using the link provided by 'MO' and I will look into the issue right away. (2/2)^SF || @404627 I'm afraid we haven't received your details. Please sign in to your account, (1/2)^SF || @404627 Could you confirm receiving an email from our team here: https://t.co/NTkrxpsbHJ ? ^KA || @404627 I do get your concern. Kindly reply to the email you've received from our team and we'll reach out to you. ^MM || @404627 Thanks for writing back to us. We'll get back to you with an update shortly. ^ZH || @404627 Apologies about your recent experience. We'd like to help. Kindly share your details here: https://t.co/beaaDm0muc (1/2) ^MO || @404627 and we'll contact you soon. (2/2) ^MO",YES,YES,YES,NO,,NO,NO,YES,NO
51,380430,206228,4,0.6,1.0,1,neutral_reaction,@115850 please check the DM sent to @AmazonHelp abd revert. || @115850 @AmazonHelp Your response is of no help to me.I have already returned that item to one of your agent on the weekend.I want you to confirm on the refund.,"@206228 Hi, we have responded to you via DM. Please refer. ^RD || @206228 Refunds for returns are normally processed within 10 business days. Kindly wait until then. ^SA",YES,YES,YES,YES,,NO,YES,YES,YES
129,2899668,363330,10,0.7,1.0,1,neutral_reaction,I’m still getting charged after promised for a refunded program huh ? I’m loyal to you guys @AmazonHelp || @AmazonHelp I DM you guys no respond wow || @AmazonHelp 2 hours ago lol || @AmazonHelp Nope nothing || @AmazonHelp I was provided that I’ll get refunded for norton because when I downloaded it didn’t connect to the server,"@363330 I'm sorry for any trouble caused by the unexpected charge, Matthew. Could you let us know what the charge is for? We'd like to help in any way we can! ^FD || @363330 I apologize about the delay! When did you send us the direct message? ^GP || @363330 Ah! Sorry for the delay! What's the current status of your refund here: https://t.co/HbKs2YFewT? ^WT || @363330 Hmm... have you been able to reach out to us in real time (via phone or chat) about this? If so, what information and options were you provided? ^BL || @363330 I'm afraid we can't see account details here on Twitter but please don't hesitate to reach out once more so we can double check that refund: https://t.co/hApLpMlfHN ^BG",YES,YES,YES,YES,,NO,YES,YES,YES
40,1325479,429294,2,1.0,1.0,0,silence_after_action,@AmazonHelp how can i find out what company is delivering my package? Order late and i need it in 2 hrs.,@429294 You can check the carrier and tracking information here:  https://t.co/aaDyEz1VgE ^MW,YES,YES,NO,NO,,YES,YES,NO,NO
60,549485,247945,3,0.6,1.0,0,positive_reaction,whats the minimum following for an #amazon affiliate? @AmazonHelp @25043 || @AmazonHelp thanks homies 🙌,"@247945 There aren't hard numbers for the Amazon Associates program, each submission is reviewed on a case by case basis. You can learn more here: https://t.co/XlKHJsVn7g ^GS",YES,YES,YES,NO,,YES,YES,YES,NO
121,394424,182608,32,0.85,1.0,1,negative_reaction,"@115850 Hi Amazon my account has been closed without reason please help . There is no proper response from __email__ || @AmazonHelp I have already reverted. and they are no ears  to me they are simply saying it is a permanent ban. Can you please call me and fix it asap || @AmazonHelp Thanks for replying . But let me tell you even after multiple correspondence . The team is not able to reinstate my account so i have (1/2) || @AmazonHelp to switch to twitter (2/2) || @AmazonHelp please check DM fast || @AmazonHelp I have responded to the details asked for . if not satisfied please give me a call asap || @AmazonHelp I have received the invite for echo dot. Also i need to purchase mobile. The echo dot invite is expires in 2 days. so plz make it fast. || @AmazonHelp Hi I am not able to access my account at amazon.in , https://t.co/Q8yVbtPH5e or at https://t.co/qyiHj3EJuj please help || @AmazonHelp No resolution provided. Still facing issue || @AmazonHelp But why my open order got cancelled i was told to order items. I was uable to use my pay balance. Please restore my account || @AmazonHelp I am unable to login || @AmazonHelp I am unable to login at any amazon website. My amazon pay stuck || @AmazonHelp Hi can you reply to dm. || @AmazonHelp Please check again i find your reply unsatisfactory || @AmazonHelp Please check the dm for latest updates || @AmazonHelp Please stop giving copy paste response || @AmazonHelp Sent and received a reply please check dm","@182608 All account closure issues are handled by the account specialist team and a closed account is tagged with an email, (1/3) || @182608 You may find the correspondence sent from us on this into your mailbox. (3/3)^YP || @182608 kindly revert to the email correspondence you've received and our team shall get back. (2/3) || @182608 I get the concern, Reetesh. We'll respond to your DM, kindly take a look. ^MS || @182608 As you've shared your details, we'll work on it and get back to you at the earliest. ^HN || @182608 We understand your concern, Reetesh. Once we receive your details, we'll look into your concern and assist. ^SV || @182608 Sorry to know that you're unable to access your account. As per the screenshot posted earlier, the resolution provided (1/2)^SQ || @182608 to you by the account specialist team is the best we're able to offer at this moment. Appreciate your understanding. (2/2)^SQ || @182608 Hello, so sorry to hear this. Could you kindly elaborate the issue, so that we can assist you with this. || @182608 That's odd! We would like to help, kindly elaborate your issue for us. ^CB || @182608 We've responded to your query via DM. Please check. ^HD || @182608 As informed earlier, please revert to the email you've received from us and we'll check this for you. ^HN || @182608 We'll check and revert to you via DM. ^HN || @182608 Kindly reply to the email sent from the specialist team, as they'll be able to help you with the account related issues.^AK || @182608 We've responded to you via DM. Please check. ^ST",NO,YES,YES,YES,,NO,YES,YES,YES
108,1734582,523806,6,1.0,0.0,0,positive_reaction,"@AmazonHelp I'm confused about designations of ""Guaranteed Delivery in 2 days"" with Prime. Now I get ""Sorry, delayed"" on my order. || @AmazonHelp It says delivery today by 8:00 p.m. -- of course, it said that yesterday, too! || @AmazonHelp USPS.  Received this evening!  Thanks.",@523806 I'm so sorry about the delay! What does the most recent tracking show here? https://t.co/Y5jpI9gRhE ^TK || @523806 Oh no! What carrier is listed on the order? ^JF || @523806 You're welcome. I'm glad you received it! Let us know if you have any other issues. ^TN,YES,YES,YES,NO,,NO,NO,YES,NO
163,1113536,382810,2,0.7,1.0,0,silence_after_action,@AmazonHelp i didnt recive my package can i get a refund the seller is not responding,@382810 Sorry to hear this. Have you tried contacting the seller through the order on your account. ^PK,YES,YES,NO,NO,,YES,YES,NO,NO
125,626860,268450,9,0.75,0.0,1,negative_reaction,"2 years in operation, and @115850 is also back in same league where Customer isn't first. Understandable. But brand image takes a hit boss || @AmazonHelp Product reached my city 3 day back and it's lying idle. Called twice in 2 days, no one told me if I should go and collect it from post offic || @AmazonHelp &amp; when I complained, I m told it will reach before delivery date which is 4 day away. Problem is high expectation, so I m lowering it || @AmazonHelp And that is what i stated initially, technically you are right. But your differentiation went for a big toss &amp; so did your CS supp too","@268450 I'm afraid we can't view your account/ order details from Twitter. Please let us know what happened. ^HA || @268450 We've responded to your DM, kindly take a look. ^MS || @268450 to you by the expected delivery date. Appreciate your patience. (2/2) ^MO || @268450 We're committed to delivering your order from the moment it is placed. I'm positive that it should get delivered (1/2) ^MO || @268450 I understand the concern on delivery, our carrier will follow assigned path &amp; see your order reaches by the estimated date. ^BS https://t.co/1XyLaGkcaN",NO,YES,YES,YES,,NO,NO,YES,YES
10,1604981,492352,7,1.0,0.0,1,negative_reaction,@115850 One fladuent activity happen in my card from amazon at name of prime membership with transaction of 6850 rs || @AmazonHelp Just now i came to know https://t.co/LrMLjwOloJ charged me 99$ even 105dollars for membership which i never ordered !! || @AmazonHelp As its a fradulent case as i talk with them and asked for refund my money !! As they process it which dey said will get in 5days || @AmazonHelp Check Dm and email i already dropped to https://t.co/LrMLjwOloJ and amazon.in thanks for giving me inconvenience today for no reason,@492352 Kindly share your details here: https://t.co/beaaDm0muc we'll reach out to you soon. 2/2 ^AP || @492352 That's odd! The prime membership price on Amazon.in is INR 999 only. We'd like to look into the issue and help you out. 1/2 ^AP || @492352 We will reply you over DM. ^RW,YES,YES,YES,YES,,NO,NO,YES,YES
75,2868358,796583,2,1.0,1.0,0,silence_after_action,@115821 your delivery service AMZL US absolutely SUCKS. You tell us to ship packages to our office to prevent thefts but your own delivery service cannot deliver the package during business hours. Why even bother having Prime membership.,"@796583 Oh no! I'm sorry we let you down! What does the most recent order status state? You can check here: https://t.co/Y5jpI9gRhE. 
Please keep us updated on your package delivery. We're here to help! ^LL",YES,YES,NO,NO,,YES,YES,NO,NO
199,132373,145863,2,0.0,0.0,0,no_action_observed,Amazon Music Unlimitedとりあえず無料お試し登録したけどなんでもある感やばいな,@145863 Amazon Music Unlimitedをお試しいただき、ありがとうございます！ぜひ聴きまくっちゃってください♪ RI,NO,NO,NO,NO,,NO,NO,NO,NO
63,1432252,452580,3,0.75,0.0,0,positive_reaction,"@115821, Is there a way to reverse the charges resulting from a 4 yr old ""buying"" games on her little pink Fire tablet? || @AmazonHelp Thank You! This is exactly why I stay with @115821 !","@452580 Uh oh! We'll gladly look into this with you, Rob, if you'll please phone us here: https://t.co/hApLpMlfHN Keep us posted! ^LB",YES,YES,YES,NO,,NO,NO,YES,NO
175,19440,120317,6,0.6,0.0,1,positive_reaction,@115850 want to be the Amazon retailer of grocery in dehradun . Please help me || @AmazonHelp Ok thank u || @AmazonHelp Ok thank for helping.,"@120317 In this case our Seller Support team can help you. You can connect with them here: https://t.co/navhkVs753 . -Bikram || @120317 We've responded to your query via DM, please check. ^HA || @120317 You're welcome, Aleema. Do let us know if you need any further assistance. ^SY",YES,YES,YES,YES,,NO,NO,YES,YES
167,460023,224306,3,1.0,1.0,0,neutral_reaction,"oh oh OHHH false alarm, my package has been delayed to tomorrow or even after my birthday!! thanks!, love u @115821 😘 || @AmazonHelp lmao just let me have the stuff i ordered, my guy","@224306 Hey Kennedy, I'm glad you've been updated on the status of your package. But, also very sorry it's delayed! Please let us know if we can help in any way. And, have a wonderful birthday! ^PF",NO,NO,YES,NO,,YES,YES,YES,NO
123,387119,207638,6,1.0,0.0,1,negative_reaction,"@115821 You guys Acting very smart. Every time I face delivery issue. From Saturday onwards my product shows out for delivery, (1/2) || @AmazonHelp I dont understand, wht is wrong with you and with your courier agency. Please find delivery guys number +91 7007438874, 7506020139. (1/2) || @AmazonHelp Very rude ur courier team. Dont know how to talk with the customers. And you guys dont take any action on them, thats why the are free (2/2)",@207638 We're following up on your concern over DM. ^YP || @207638 Please fill this form: https://t.co/beaaDm0muc so we could get this resolved and revert to you on priority.(2/2)^RS || @207638 We apologize for this. I will forward your feedback internally to help us improve customer experience.(1/2)^RS,YES,YES,YES,YES,,NO,NO,YES,YES
142,578409,256161,2,0.4,0.0,0,no_action_observed,"朝、届いたのは『Amazon Fire TV STICK』でした。

今夜のAbemaTVの林檎さん出演番組をPCやスマホじゃなくTVで見たかったのよ。

Wi-Fi接続の初期設定の段階で数字の1と英数字のlの小文字の入力を間違うという初歩的凡ミスを犯したザイオンさん👓( ￣▽￣;)

これいいね👍大画面で見られるって快適✨😆 https://t.co/pazimxIH2w",@256161 Fire TV Stickのご購入ありがとうございます！（映像は大きな画面で観る方がいいですよね♪）Oo｡.(´-`*) TN,NO,NO,NO,NO,,NO,NO,NO,NO
82,863372,325015,4,0.6,1.0,0,negative_reaction,"@115850 disgusting , ordered 2 pair of shoes, got one, paid for two
#dissapoiniting || @AmazonHelp I did it already, it's not about the solution, it's about the problem, why it is happening on regular basis , have a permanent solution.",@325015 I'm sorry for the disappointment. Please contact us here: https://t.co/vlvfJr4nN9 so that we can assist you accordingly. ^PJ || @325015 I understand. Kindly fill in your details here:https://t.co/GIJyeYqKE0 and we'll have this checked. ^PB,YES,YES,YES,NO,,YES,YES,YES,NO
11,21873,120769,5,0.75,0.0,1,negative_reaction,"@AmazonHelp Thank you for doing the right thing and solving the problem, though i believe we could have done it on Day1 of issue, but thank you eith way || @AmazonHelp I was supposed to receive a call back,  is this how you want to be a world class company, pls sort my issue out 9051282828","@120769 Thanks for keeping us posted. I'll be sure to forward your comments to our team internally. ^GK || @120769 We will reply you over DM. ^RW || @120769 Please don't provide your order details, as we consider it to be personal information. Our Twitter page is public.​  ^RW",YES,YES,YES,YES,,NO,NO,YES,YES
64,462534,127671,5,0.75,0.0,0,positive_reaction,@115821 I am trying to Livestream from my LG v30 to my new fire stick to play a movie and it is very choppy. I'm using a 5ghz network and it works fine on my Roku.  Any firmware update to fix this? || @AmazonHelp Thanks! I'll check it out soon || @AmazonHelp It's the newest version,"@127671 I'm sorry you're encountering issues streaming to your Amazon Fire TV Stick! You can check to see if your software is up to date here: https://t.co/iBz9UXXj6s. Also, for further troubleshooting check out our tips: https://t.co/tFtiSH0xV6 ^AM || @127671 You're welcome! Please let us know if we can be of any further assistance. We're always here to help. ^HC",YES,YES,YES,NO,,NO,NO,YES,NO
177,183557,159167,3,1.0,1.0,0,positive_reaction,"@115850 Dear amazon my item has been delivered to somewhere else, instead of delivering it to me. No response.
#HateAmazon #BadService https://t.co/qaKFHeybtJ || @AmazonHelp Thanks Amazon, I received now without my signature on receiving receipt.",@159167 Sorry for the trouble Ravi. Kindly report this to our support team here: https://t.co/vlvfJr4nN9 and we'll check this. ^HN,YES,YES,YES,NO,,YES,YES,YES,NO
101,1458044,458408,4,0.6,0.0,1,neutral_reaction,@115821 when is it ever acceptable to leave a pkg here? https://t.co/0VQoEncOLE || @AmazonHelp I have no idea who delivered it. This is where it was when I came home. Would it be on the label?,@458408 I'm sorry your package was left there! Can you confirm who the carrier was for this delivery? https://t.co/Y5jpI9gRhE ^EZ || @458408 I replied to your Direct Message. ^SJ,NO,NO,YES,YES,,NO,NO,YES,YES
137,115916,141804,2,1.0,0.0,0,no_action_observed,"After waiting for hours on the day of delivery, finally received my product at the end of the day!   
Thank you @115850 
#OnePlus5T is super awesome and first OnePlus for me! 
Thank you @132995  @132994 https://t.co/cOEYzwq0w5",@141804 Thank you Surabhi. I'm glad that you liked the product. Enjoy your week. :) ^MK,YES,NO,NO,NO,,NO,NO,NO,NO
188,246407,171151,13,0.45,1.0,1,neutral_reaction,"@AmazonHelp Where have your investigation reached. I promise I won't buy anything from Amazon || @AmazonHelp Mr Junaid whom I cobversated with wad totally Rudy and in attitude and I am taking a legal action towards your team. || @8623 @171152 has cheated me and harassed as well.And tried to buy my loyalty with ₹100 gift card.@1755 @144769 || @AmazonHelp I had conversation with the Amazon team. They were rude and not agreed to help me || @AmazonHelp Yes I have shared all the details and the team says me rudely to take legal options. Humanity has really finished || @AmazonHelp Okk, waiting for it after being harassed and mentally torchered so much || @AmazonHelp Hope so justice is done to me after this hectic and useless conversation. I feel harassed and cheated.","@171151 We've responded to your query here: https://t.co/9ZGVnaIhPk. Kindly check. ^PS || @171151 I understand your concern. Could you confirm if you've shared your details in the link provided to you in DM? ^HD || @171151 Apologies for the bad experience, we'd like to sort this out, could you confirm if you've shared the details? ^MS || @171151 If you've shared the required details on the link provided earlier, we'll check this and get back with an update. ^YP || @171151 Apologies for the unpleasant experience. As you have shared your details, we'll look into this and reach out to you soon. ^AS || @171151 I understand this has not been a pleasant experience, Ayush. We will get back to you soon with an update. ^KS",NO,YES,YES,YES,,NO,YES,YES,YES
130,1445390,455406,5,0.85,0.0,1,neutral_reaction,"lost the invoice of Moto G4+ purchased from amazon with imei number __credit_card__
@8850 @23773 @951 @115821 @115850 || @8850 @23773 @951 @115821 @115850 @AmazonHelp but i don't remeber the email account through which i had ordered the Product !! I only have imei number !!","@455406 You can download and print invoice by following the instructions here: https://t.co/HqPl7cCgdo. ^VN (1/2) || @455406 Please don't provide your order details, we consider it personal information. Our Twitter page is visible to public.^VN(2/2) || @455406 We'll be following up on your concern via DM. Please check. ^HD",NO,YES,NO,YES,,NO,NO,YES,YES
17,1120448,384342,9,0.25,1.0,0,neutral_reaction,@AmazonHelp There is no such option in settings. || @AmazonHelp I am sharing the screenshot of the app screen. https://t.co/wSSvrdXR6q || @AmazonHelp Tried but there is no sugn out option .,"@384342 You may click on the three-line hamburger on the top left off the app and under settings you have an option to log out. ^KS || @384342 That's odd, you should be able to see a ""sign-out' option on the bottom of the setting page. Let us know if it's not available. ^PS || @384342 Kindly select your account option &gt; login and security to sign out. Do keep us posted. ^AK || @384342 You would find an option to ""Sign out"" only if you're logged in to the app. Looks like you've already logged out. To 1/3 ^GK || @384342 confirm kindly check the drop down, if you find an option to ""Sign in"", that indicates you've already logged out from 2/3 ^GK || @384342 the app. If the issue still persists, kindly uninstall and reinstall the app. 3/3 ^GK",YES,YES,YES,NO,,YES,YES,YES,NO
73,2915803,139204,6,1.0,1.0,0,negative_reaction,"@115821 it'd be really nice if your delivery people would knock on the door so my packages don't look like this... https://t.co/76QrrvitkE || @AmazonHelp Amazon logistics. This is the second time this has happened. The first time was a swing for my daughter, but the product was intact. || @AmazonHelp I've already called and gotten a refund, but they didn't address the issue that my wife was in the living room and no one knocked on the door.","@139204 Yikes! I'm sorry that happened. Can you provide info on who the carrier is: https://t.co/Y5jpI9gRhE  ^LL || @139204 Thank you for that information! We would like to escalate this for you! When you have time, please provide your order details here: https://t.co/VstCqdpjKV ^AR || @139204 Edward, you're more than welcome to provider carrier feedback here: https://t.co/hApLpMlfHN so we may address the carrier not knocking for you as well. ^SY",YES,YES,YES,NO,,YES,YES,YES,NO
148,726333,293989,3,0.85,0.0,0,positive_reaction,"Amazon order update, despite being home all day waiting on the package amazon carrier claims to have tried delivery TWICE. Uggh. || @AmazonHelp Already sent a message through customer service, but thanks for the response.",@293989 Sorry to hear that. Get in touch here:  https://t.co/hApLpMlfHN  and we'll be happy to help. ^RS,NO,YES,YES,NO,,NO,NO,YES,NO
55,2545391,723491,5,0.85,1.0,0,positive_reaction,@AmazonHelp When you make such a blunder you shouldn't worry about the order number being made public. Please focus on getting my friend a replacement asap. || @AmazonHelp I sure hope so. Thanks for the prompt reply.,"@723491 Apologies for the hassle. Kindly request your friend to contact us here: https://t.co/vlvfJr4nN9. We will assist further. Please don't provide your order details, we consider it to be personal information. Our page is visible to the public. ^JS || @723491 Thank you for the confirmation. Our support team will look into the concern and update the account holder accordingly. ^AM || @723491 Appreciate your understanding. Please feel free to get back to us for further concerns. ^BV",YES,YES,YES,NO,,YES,YES,YES,NO
1,869856,326542,4,1.0,0.0,0,negative_reaction,@AmazonHelp It's been 5 days. I haven't got my cash back. I purchased prime membership &amp; added money to wallet on same day. || @AmazonHelp You said it will be solved by 28th. Still not solved.,@326542 I'm sorry to know about the delay in cashback. Please reach out to us here: https://t.co/vlvfJr4nN9 we'd like to help. ^SG || @326542 I'm sorry about the delay. Kindly share your details here: https://t.co/GIJyeYqKE0 and I'll look into this. ^SG,NO,YES,YES,NO,,NO,NO,YES,NO
99,2011963,594938,4,0.7,0.0,1,neutral_reaction,"@AmazonHelp It’s saying we are unable to find ur order and the call is been disconnected || @115850 
Please help me Team I lost 199 on Amazon pay While recharging jio
It was unsuccessful only 200₹ was refunded
199₹ was not there",@594938 I’d like to understand this better. Please fill this form: https://t.co/beaaDm0muc and I’ll contact you at the earliest. ^RD || @594938 We've responded to your query via DM. Please check. ^HD,YES,NO,YES,NO,,NO,NO,YES,YES
151,1608593,158377,6,0.4,1.0,1,neutral_reaction,@115850 pls respond to DM. :) || @AmazonHelp I haven’t received a reply. ??? || @AmazonHelp 😇❣️ || @AmazonHelp Any update ? :),"@158377 We've responded to your DM, kindly check and revert. ^OS || @158377 We've escalated the details to our team internally. We'll reach out to you once we have an update. ^GK",NO,YES,YES,YES,,NO,YES,YES,YES
93,619973,267153,2,0.75,0.0,0,no_action_observed,"@120533 Bonjour, si on ne va pas chercher un colis a la poste et qu'il vous est retourné, peut-on être remboursé comme un retour classique ?","@267153 Bonjour, effectivement, le remboursement sera déclenché automatiquement dès réception du colis par l'entrepôt. ^SB",YES,YES,NO,NO,,NO,NO,NO,NO
156,2724491,632916,3,1.0,0.0,1,neutral_reaction,"@115850 has lost its credibility to provide the product in time. Third time it has happened with me. 3 calls, 3 DMs, 1 mail and still you are contacting your courier team. #Noresponsibility #BadExperience #GiftNotDelivered @AmazonHelp || @AmazonHelp yes,  tracking ID is 967100274680 and Order Id: 404-2150215-3849126","@632916 My apologies for the experience you've had, Gaurav. We certainly did never wanted you to face such trouble. We will have this checked further. Please let us know if you've filled in your details via the link provided to you over the DM. ^KS",NO,YES,YES,YES,,NO,NO,YES,YES
5,2974816,820436,4,1.0,0.0,0,neutral_reaction,"@UPSHelp @115817 I’m pretty sure @115821 didn’t ship my package with 1/6 of the box missing. https://t.co/KT8ADwb19h || @UPSHelp @115817 @115821 Or maybe they did? || @AmazonHelp The interior box was a little messed up, but the vacuum seems like it’s probably ok https://t.co/TDuAZZBAhb",@820436 I'm sorry you received your order in this packaging! Is the item okay? Please let us know. We'd also like to document your feedback here: https://t.co/9D0EQR6Upv  ^SE,YES,YES,YES,NO,,NO,NO,YES,NO
168,1578308,486087,2,0.75,0.0,1,no_action_observed,@115821 needs to be fixed pronto. not a minor oversight.  even $100 a big deal to many ppl.  Cust. since 2004 &amp; never been so disappointed.,@486087 I replied to your Direct Message. ^SJ,NO,NO,NO,YES,,NO,NO,NO,YES
126,2632946,743429,4,0.7,0.0,0,neutral_reaction,"@AmazonHelp - Why all the orders are in ""Payment Complete"" status in my seller dashboard? || @AmazonHelp Yes. I'm a seller.",@743429 Could you please confirm if you are a seller on our platform so that we can assist you accordingly. ^BA || @743429 Request you to please contact our seller support team here: https://t.co/hITbmQzz2y and we'll look into this. ^MK,YES,YES,YES,NO,,NO,NO,YES,NO
98,760425,301694,6,0.75,0.0,0,neutral_reaction,"non male @120540, solo 12 giorni di ritardo (se tutto va bene), però anche un buono da 5€ per il disagio || @AmazonHelp sì lunedì 16, ma doveva arrivare mercoledì 4 || @AmazonHelp sì oggi","@301694 Mi dispiace per il ritardo Antonio, ti è stata fornita una nuova data di consegna? ^MZ || @301694 Mi spiace, il tuo ordine è stato già spedito? ^ST || @301694 Grazie per il riscontro. Rimaniamo a tua disposizione! A presto! ^GA",YES,NO,YES,NO,,NO,NO,YES,NO
154,1120423,384338,4,1.0,0.0,0,positive_reaction,"@115821 why are you still carrying suppliers like NEWCHIC? From China..fraudulent company!! 
They will not refund, send wrong colors.fraud || @AmazonHelp It was a third party from china! You guys settled it...thank you..but I see another one on doing the same thing-newchic.","@384338 Sorry for your previous experience with us! Have you had a chance to leave seller feedback: https://t.co/FkGWGmmsHj ^JZ || @384338 Just to confirm, are you also having an issue with an order from the new seller? ^BH",YES,YES,YES,NO,,NO,NO,YES,NO
9,239427,172891,5,0.25,0.0,1,positive_reaction,"@AmazonHelp Hi, I have DM you. || @AmazonHelp Waste of time 😔 || @AmazonHelp Thank you, I have replied.",@172891 Thanks for letting us know. We've replied to your DM. ^GG || @172891 I've replied to your DMs. Please see there for more information. ^CL,NO,YES,NO,YES,,NO,NO,YES,YES
84,2855169,793641,7,0.75,1.0,0,neutral_reaction,"Black Friday highspots and @115821 screwed me again on packaging but what do you get #ProWrestling #4Horsemen #oleAnderson #ArnAnderson #TullyBlanchard #BrianPillman #RicFlair #Mankind #BlackFriday #HighSpots #FUAmazon https://t.co/QY77ywxOV2 || @AmazonHelp  https://t.co/iFi2qjjOos || @AmazonHelp All feedback I’ve left on damaged good couldn’t be posted for some reason, but all positive feedback I’ve left in the past could, I’m basically getting ripped off after being assured it wouldn’t happen again || @AmazonHelp Just got done chatting with someone all they wanted was for me to return the stuff and they refund it, not good enough to me especially since his is the 3rd it’s happend","@793641 I'm sorry for the issue with the items you've ordered. Did they arrived undamaged? ^DO || @793641 I apologize for the inconvenience! In some cases, replacements may not be available so returning for a refund would be the best option. Please also be sure to leave package feedback here: https://t.co/8IBgtlyXLo ^CS || @793641 We'd like a chance to take a look at this with you. When you have the time, please reach out to us via phone or chat here: https://t.co/hApLpMlfHN ^KP",YES,YES,YES,NO,,YES,YES,YES,NO
160,848196,321574,4,0.75,1.0,0,positive_reaction,@117634 How do I export the notes I have been on the couple of books? I can't find any straight forward way at all. HELP. || @AmazonHelp Sorted. Thanks!,"@321574 Please reach to our support team here: https://t.co/tc3VJIYzxn and we'll check this. ^HN || @321574 You're welcome, Rishi! Do keep us posted for further concerns. ^HD",YES,YES,YES,NO,,YES,YES,YES,NO
86,2290929,665426,2,1.0,1.0,0,silence_after_action,@115850 charged ₹ 197 to a prime customer for an item whose printed MRP turned out to be ₹150 when the pack was delivered and opened. No response to feedback given,@665426 I’m sorry about the unpleasant experience. Please escalate this to our support team here: https://t.co/vlvfJr4nN9. We’ll look into it. ^SB,YES,YES,NO,NO,,YES,YES,NO,NO
87,2910317,805699,6,0.75,1.0,0,negative_reaction,@115830 your customer service is abismal. You have just lost a loyal customer through giving me the wrong advice and costing me money || @AmazonHelp I bought a product off you and then cancelled as found cheaper. You still delivered and tried to charge me returns. Your advisor said they would advance refund so I could return and still buy product elsewhere. Refund never came and now I’m out of pocket as deal elsewhere has end || @AmazonHelp I’ve emailed your ceo and the response I was given was sorry for being given the wrong advice by the agent and I can still return the goods if I wish. It’s TOO LATE now. The offer has ended. I am out of pocket. Something NOBODY at amazon can seem to understand || @AmazonHelp @115830  I see you have chosen to ignore the issue due to not having an answer @115851,"@805699 I'm so sorry for the poor experience you've had with us, Johnathon! Without providing personal or account info, could you tell us what the original issue was? We'd love to help! ^AR || @805699 This isn't what we like to hear! Refunds typically take 3-5 days to appear on your billing statement. Do you remember how long ago the refund was requested? Did you ever receive a confirmation e-mail? ^BH",YES,YES,YES,NO,,YES,YES,YES,NO
14,845680,321014,10,0.7,1.0,1,neutral_reaction,@AmazonHelp Will do! Account has been hijacked. Hope to hear from someone sooner rather than later. || @AmazonHelp I have been going back &amp; forth via email. Which is getting me no where. How do I talk to someone that can actually help?!? || @AmazonHelp No. I just seem to be getting the same ‘stock’ email. || @AmazonHelp  https://t.co/FZhMrc4tMh || @AmazonHelp Whenever I respond this is the email that keeps coming to me || @115821 - I didn’t realize that you hired account ‘spiritualists’ to handle account issues. Interesting #Amazon #myaccountsbeenhaked https://t.co/Tex56PK36S,"@321014 I'm sorry to hear this, Rebecca. Have our Specialists requested any additional information? ^BL || @321014 Hmm... that is odd, Rebecca. What exactly does the email you receive say? Does it ask you to fax something to us? ^AD || @321014 We're here to help! I've responded to your DM. ^JE || @321014 I'm sorry for the miscommunication. Please keep us updated on the response from our Account Specialists. ^JP",YES,YES,YES,YES,,NO,YES,YES,YES
35,792046,308866,6,0.75,0.0,1,positive_reaction,@AmazonHelp can you DM me please there is a copyright issue with a book on your kindle store! I get pretty pissed off when someone's 1/2 || @AmazonHelp Sent and explaining something I had hoped not to discuss again with strangers || @AmazonHelp Thank you || @AmazonHelp Thank you for your quick  responce,@308866 I have enabled direct messaging so we can work together. Please provide a link to the book via DM and we'll go from there! ^FD https://t.co/1XyLaGkcaN || @308866 I've received your DM and I'll be replying there. ^LB,YES,YES,YES,YES,,NO,NO,YES,YES
174,1753347,528144,4,1.0,0.0,0,positive_reaction,Hey @115830 Driver dropped a parcel with my neighbour today. Told him there shd be 2 but he cdn’t find the other. What shd I do now? || @AmazonHelp Thank you || @AmazonHelp Book now showing as delivered on my account - no sign of it.,@528144 I'm sorry you didn't receive your whole order. Give us a call and we'll get you taken care of.  https://t.co/JzP7hlA23B ^EM,YES,YES,YES,NO,,NO,NO,YES,NO
94,1321660,428545,3,1.0,1.0,0,negative_reaction,"@115850 @121294 I can't find #Amazon prime video app in my LG smart TV, why so? I don't see the app in search list too!😥 || @AmazonHelp Thank you! My TV (LG Smart) does support all video formats but can't C d Amazon prime App (unlike #Netflix) @121294 can you pls help?","@428545 No worries, Janmejoy. You could check the reason and find a work around here in this page: https://t.co/c1lEHJ4yzH ^JC",YES,YES,YES,NO,,YES,YES,YES,NO
181,950260,345385,4,1.0,0.0,1,positive_reaction,@115821 has the worst delivery service. They have contractors that are rude and lazy. Where is the customer service training? || @AmazonHelp Thank u for getting back to me so quickly. May I send a private message? Long story,"@345385 This certainly isn't what we like to hear, Liz! We'd like to help. Do you care to tell us more about what happened? HC || @345385 We have your DM and we'll be replying shortly. ^EP",NO,NO,YES,YES,,NO,NO,YES,YES
34,2790617,778860,4,1.0,1.0,0,negative_reaction,"Lovely @AmazonHelp and @118706 say my item was delivered today but it's not here. And there's no where to contact Amazon about that in the app or to ""return"" a product you didn't receive. And I need it today! || @AmazonHelp That link doesn't go to any tips. Just my order page where I can't do anything about the fact my package says it was delivered but wasn't.","@778860 I'm sorry about this experience! Here are some tips that may help find your package: https://t.co/pmKMJfkBoB ^TR || @778860 Oh no! I'm so sorry about that, Tracy! Try this link: https://t.co/Y4hwXoNXVw for locating your package! If it is still missing, reach out to us here: https://t.co/hApLpMlfHN for assistance with this! Keep us updated! ^FR",YES,YES,YES,NO,,YES,YES,YES,NO
22,492239,232320,2,0.85,0.0,1,no_action_observed,@AmazonHelp can y’all respond to my DM 20 dollars in my bank account depends on it 😔,@232320 We've responded to your Direct Message! Let us know what we can do to help! ^MT,NO,NO,NO,YES,,NO,NO,NO,YES
133,975060,337836,22,0.75,1.0,1,negative_reaction,"@AmazonHelp @115850  nw i m going2 promote d hashtag called #amazonCheats u hv tkn fight wid wrong media person.. ORM team gona hv bad tym || @AmazonHelp hv alrdy told u guys. chk ur dm, u were supos to cl me to sort this. nw i expect this to b sorted within 2hours, els drgn this2consumr court || @AmazonHelp @115821 @115850  ur team isnt efficient... || @AmazonHelp @115821 @115850 @118702 @122599 seems better options now.. atlst thy dnt cheat custmr by cling thm prime membrs deservng prime services.. || @AmazonHelp kindly chk DM, i hv messged ystdy itself. doing it again || @AmazonHelp hw mny times i need to do this?? i hv done it ystdy. pls chk befr syng anythg... || @AmazonHelp ur mail says nthg bt apolgy.  wt shd i do with it nw? i need solution || @AmazonHelp m i hv responded to ur emails. nw if u done plyng reply reply cn u fix the issue. || @AmazonHelp no solution yet, i expected a call frm support team, seems like without a legal case you guyrs arnt gona support. alright. #amazonCheats || @AmazonHelp if its nt delivered tdy the purpose is lost. wtevr u doing shd fix my issues tdy, as mentioned tmrw is wrkng day n i wont b there at home || @AmazonHelp if i dnt gt contct details of delivry guy tmrw whn its disptched thn i m gona mk big deal abt this. ensure tht. sml thing kindly do this mch","@337836 That's quite a comment. Could you please tell us what went wrong, and we'll set thing's right. ^RD || @337836 We are awaiting your DM. You may elaborate your concern here for better understanding. ^RW || @337836 We've sent a correspondence to your registered email ID here: https://t.co/NTkrxpsbHJ. Kindly check. ^PS || @337836 As you've already filled the details, you should've received a correspondence from our team. Kindly check the same. ^AP || @337836 We're following up with your concern here: https://t.co/gmJFME5n2C please refer. ^AG || @337836 We have replied to your DM. ^MJ || @337836 I'm sorry about the stretch. We're working on this and we'll update you soon. ^AR || @337836 We are working on your concern and will ensure to close it at the earliest. Kindly bear with us for a small span of time. ^CB || @337836 and I'm positive your order will be delivered. 2/2^AR || @337836 We dispatch to meet the estimated delivery date. Request you to wait until the estimated delivery date 1/2^AR || @337836 Appreciate your patience. Do keep us posted. ^RW",YES,YES,YES,YES,,NO,YES,YES,YES
191,372168,204171,4,0.0,0.0,0,neutral_reaction,"@AmazonHelp Obrigado. || @117086 o Amazon Prime Vídeo é pago? Se sim (o que é óbvio) quanto custa, aproximadamente, e à quais conteúdos se tem acesso ?","@204171 De nada, estamos para ajudar! ^CR || @204171 Olá Anderson! Você pode encontrar todas essas informações no seguinte link: https://t.co/RbSFaR4Ieu ^HC",YES,YES,NO,NO,,NO,NO,YES,NO
88,2450868,702366,3,0.6,0.0,0,negative_reaction,Binge watching an 18+ series isn't fun on @116618. Yes I'm still old enough 45mins later... 😑 || @AmazonHelp That just works for parental control. You can't turn off the pin requirement for 18+ content. Thank you anyway!,"@702366 If you'd like, you can turn viewing restrictions off. You can learn how here: https://t.co/c0T58hT1Xp Keep us posted! ^LB",YES,YES,YES,NO,,NO,NO,YES,NO
122,2787693,778235,5,0.85,0.0,1,neutral_reaction,"@AmazonHelp hey so my mum ordered my birthday present for today and the email says it's tried to be delivered twice but no one has even knocked on the door so we're quite angry || @AmazonHelp I'll send you guys a DM! || @AmazonHelp Sent the DM, it includes a picture with the order number and what's happening","@778235 Truly sorry for the wait, we're here to help! With Twitter, we have no access to any account or order information. What does the tracking currently display? Check here: https://t.co/aaDyEz1VgE and please let us know! ^JE || @778235 I've replied to your DM. Thanks! ^ST",NO,YES,YES,YES,,NO,NO,YES,YES
109,1370162,438934,10,0.0,1.0,1,neutral_reaction,@AmazonHelp I need help. || @AmazonHelp I can DM you or you can DM me but I need some answers. Now. || @AmazonHelp I ordered an item Monday morning for 1-day shipping for a trip this weekend. It says it’s gonna be delivered today by 8PM and ...cont. || @AmazonHelp ...and still hasn’t shipped. There’s an hour and half left and I’ve wasted my whole evening waiting when I should have left hours earlier || @AmazonHelp https://t.co/05ImsA2I1L || @AmazonHelp Waited 20 minutes to be told the item is out of stock. What a joke. Time was completely wasted...,"@438934 Thanks for reaching out to us today, Mitch! What can we help you with? Please don't include any personal account information! ^ML || @438934 Hey sure you can message us here! ^LS https://t.co/1XyLaGkcaN || @438934 I'm sorry for the wait you've been through! Could you provide us a link to the item so we may check the current availability? ^WM || @438934 The main detail page lists another seller now. We'd like to help! Please contact us via phone/chat here: https://t.co/hApLpMlfHN ^AJ",YES,YES,YES,YES,,NO,YES,YES,YES
104,1212741,404635,4,0.85,0.0,1,neutral_reaction,@AmazonHelp So my account has been blocked once again for no reason (or atleast it wasn't told to me) i'm getting a little sick of this. why do my accounts keep getting blocked?? || @AmazonHelp I have not recieved any email. Can we take this to the DM?,@404635 Sorry to hear about your account! Have you received an e-mail from an Account Specialist? We're here to help! ^AB || @404635 Definitely! Please feel free to DM us. ^AB https://t.co/1XyLaGkcaN,NO,NO,YES,YES,,NO,NO,YES,YES
146,2379749,334910,4,0.85,1.0,0,neutral_reaction,"@AmazonHelp curious where my refund is. Item got lost last week, supposed to be delivered last Tuesday via Amazon. Got a refund started Thursday evening. Still nothing. || @AmazonHelp Yeah received an email for three items to be refunded all processed on the same day. One refund has already been received (received over the weekend). Stuff still states delivery date of November 9 but provides option to start a refund or cancellation.","@334910 I'm sorry about the wait, Michael! Refunds typically take 3-5 business days to process. Did you receive any e-mail updates about your refund here: https://t.co/W90WottGrJ? ^SH || @334910 We'd like to take a closer look into this with you. Please reach us by chat or phone for direct assistance via our Contact Us page here: https://t.co/hApLpMlfHN  ^SE",YES,YES,YES,NO,,YES,YES,YES,NO
38,2959926,816926,4,1.0,1.0,0,negative_reaction,"PSA: don't waste your money on @116090 Prime as the 2 day free shipping is a joke. It has been 4 days since placing the order and guaranteed delivery date was Mon Nov 27. Still no package and last delivery update was Mon Nov 27 at 1:23pm saying the item is ""out for delivery"" || @AmazonHelp Intelcom. I never heard of them before and read bad reviews on them that are coming true in my situation. When I ordered before, I never had this issue with UPS or Canada Post.","@816926 Oh no! I'm sorry about the delay of your package. We'd like to assist you with this. Who was the carrier for this package? ^GP || @816926 I know how frustrating this can be. Have you had a chance to reach out to the carrier? If not, you can find their contact info here: https://t.co/Z9jhrOnGOs  Please keep us updated on the status of your package. ^BA",YES,YES,YES,NO,,YES,YES,YES,NO
159,279987,182733,2,0.15,0.0,0,no_action_observed,ミニスーファミ返送中って…Amazon_(:3 」∠)_,"@182733 このたびは、ご迷惑をおかけし申し訳ございません。
本件についてご注文いただいたお客様に後日https://t.co/st4oU5QbhPよりご連絡を行わせていただきますため、そのご連絡をお待ちいただきますようお願いいたします。ET",YES,YES,NO,NO,,NO,NO,NO,NO
70,2429494,217031,3,1.0,0.0,0,positive_reaction,"@119625 When will season 5 of Wentworth be on Prime or video? I see the DVD is available but haven’t got a player anymore! 👍 || @AmazonHelp Thanks, I’m in UK","@217031 I get your concern, As the content is geo-specific, could you please let us know from where you're trying to access content? We'll assist. ^BA",YES,YES,YES,NO,,NO,NO,YES,NO
90,2789030,275648,4,0.6,0.0,0,neutral_reaction,@116875 podrían ayudarme a desbloquear mi cuenta xfavor? no me manda ningun correo con instrucciones para desbloquearla || @AmazonHelp si ya y no tengo nada,"@275648 Hola, Verónica. Lamento los inconvenientes. ¿Ya verificaste en la carpeta de correo no deseado? ^CR || @275648 En este caso por favor entra en contacto con nuestro Departamento de Cuentas por el siguiente enlace: https://t.co/YCklWfNgzz    ^JJ",YES,YES,YES,NO,,NO,NO,YES,NO
3,907089,335385,2,0.25,0.0,1,no_action_observed,@AmazonHelp hello I dm’d need immediate help,@335385 I've replied to your DM. ^MB,NO,NO,NO,YES,,NO,NO,NO,YES
20,1445421,455412,2,1.0,0.0,0,no_action_observed,@115821 shocking when it comes to deliveries. “Attempted delivery” been sitting here all day no one has attempted anything. Shocking,"@455412 Oh no, I'm sorry, Josh! Please contact us via phone/chat here: https://t.co/JzP7hlA23B so we may look into this with you. ^KL",YES,YES,NO,NO,,NO,NO,NO,NO
68,897610,333167,2,0.25,0.0,1,no_action_observed,@AmazonHelp please check your DMs. Thank you.,@333167 Thanks for the info. We've responded to your DM. ^GG,NO,NO,NO,YES,,NO,NO,NO,YES
176,2926326,809666,5,0.7,0.0,0,negative_reaction,"@AmazonHelp, it says my package was delivered on Saturday but I never got it. Thanks. || @AmazonHelp UPS Tracking ID 1Z9Y97E34407652144 || @AmazonHelp This issue is resolved.  Thanks. It also helped me decide to renew my Prime membership based on the customer service.","@809666 Oh no! Can you please clarify who the carrier was? We want to help! ^BA || @809666 I'm so sorry you have yet to receive your order, Alyssa. Please reach out to us via phone or chat for available options: https://t.co/hApLpMlfHN ^JP",YES,YES,YES,NO,,NO,NO,YES,NO
52,1430379,452179,3,0.6,0.0,0,positive_reaction,amazon where are my cookies you said they would be here wednesday but now it is thursday and i am cookieless || @AmazonHelp i found them thank u,@452179 Hi. My apologies for this. Is there any tracking info being displayed for them? ^DC,YES,NO,YES,NO,,NO,NO,YES,NO
79,1043150,366681,7,0.45,0.0,1,negative_reaction,@AmazonHelp Still waiting to hear back from you on this || @AmazonHelp @115830 Did you get my DM? || @AmazonHelp Please see the attached screenshot https://t.co/zt875tFbVa || @115830 Awful customer service experience. Couldnt even sort out my simple issue. Call centre staff hardly speak English. Very #frustrated,"@366681 Sorry to hear that. We'll be happy to look into that for you. Please reach out to us here: https://t.co/JzP7hlA23B ^RS || @366681 Sorry, I cannot see a DM from your account. ^JJ || @366681 I am so sorry about that, Mitesh! Without giving account information, can you tell us more about what's going on? ^BE",NO,YES,YES,YES,,NO,NO,YES,YES
44,727818,294362,4,1.0,1.0,0,silence_after_action,@10827 @AmazonHelp @115821 yesterday placed order against prime but delivery boys update wrong status on the web od#404-3458920-7446761,"@294362 we'll have this checked for you. (2/2) ^KA || @294362 Sorry to know about the delivery issue. Please report the issue to our support team here: https://t.co/00q4Sqj9zL and (1/2)^KA || @294362 Please don't provide your order details, we consider it to be personal information. Our page is visible to the public. ^KA",YES,YES,NO,NO,,YES,YES,NO,NO
65,493271,232601,8,1.0,1.0,0,neutral_reaction,"@115850 @AmazonHelp I hv ordered pen with blue ink (description also says that), but getting black ink inspire of e-mail and phone requests &amp; three times replacement/new order. This just shows your team seriousness towards customer requests. Sad to see your standards dropping. || @AmazonHelp Have done that. But what’s the point, have raised it before but no one does anything??? || @AmazonHelp I told you I have done that. Hope it’s clear || @AmazonHelp Done once again.","@232601 I understand the product didn't meet your expectations. Kindly share your details here: https://t.co/GIJyeYqKE0 and we'll assist you accordingly. ^GD || @232601 Kindly share your details via the above link. We'll check this for you. ^SG || @232601 We cross-checked with our resources, but couldn't find your details. Please refill the form and ensure that same is submitted. Once done, we'll be able to pull up your account to investigate. ^CB || @232601 Thank you for sharing the details. We'll look into it and reach out to you with further assistance. ^MO",YES,YES,YES,NO,,YES,YES,YES,NO
67,1264452,416101,6,1.0,1.0,0,negative_reaction,"@115830 bought an item and tracking shows it as delivered, except it wasn’t. How can I get a refund? || @AmazonHelp It was a third party seller || @AmazonHelp Not yet, the problem is tracking shows as delivered, but it wasn’t. Should I contact the seller or courrier?","@416101 Hi, I do apologize for the trouble. Was the order sold directly by us or it was from a third party seller ? ^MB || @416101 Have you contacted the seller?  ^VL || @416101 Yes, contacting the seller would be the first step. You can find out more info on how to here: https://t.co/RMrvEiqfaB ^CM",YES,YES,YES,NO,,YES,YES,YES,NO
144,1701059,515796,6,1.0,1.0,0,positive_reaction,"@AmazonHelp 3rd order in 2 weeks that didn't meet the ""guaranteed"" prime delivery date. Why bother making promises you don't keep? || @AmazonHelp No, it's a trend with Amazon not meeting its guaranteed shipping promises. AMZN doesn't turn over merch to delivery company in time. || @AmazonHelp I.e. Heater that was supposed to be delivered today, not given to UPS until this morning. || @AmazonHelp The standard copy/paste answer, sorry, but sometimes shipping isn't updated, give it a few days &amp; then contact us again if the package doesn't show up blah blah blah.  However, I did contact AMZN again &amp; now am returning it for being late, so it's resolved. Thank you though.",@515796 I'm sorry! Is this a trend with a certain carrier? Please check under tracking: https://t.co/Y5jpI9gRhE ^WT || @515796 What info/options have been provided when you've contacted in about this issue? ^AR,YES,NO,YES,NO,,YES,YES,YES,NO
62,830139,317671,5,0.75,0.0,1,neutral_reaction,@115821 @115823 @36561  I recharge my Idea mobile through amazon pay for talk time but I received data balance when friend don't use || @115821 @115823 @36561 Friend don't use amazon pay it's not responsible payment option,@317671 We've responded to your query via DM. Kindly check. ^PS || @317671 I'm sorry to hear that you're upset due to an issue with pay balance. Could you let us know if 1/2^AP || @317671 you've reported the issue to our support team as requested? 2/2^AP,NO,NO,YES,YES,,NO,NO,YES,YES
21,379772,206096,4,1.0,1.0,0,neutral_reaction,@115850 I had ordered a Moto G5 plus and made a payment but it got cancelled without specifying any reason. Look into this asap. || @AmazonHelp The reason is not valid because at the time of ordering there were no terms as such.,"@206096 Canceled orders are followed by an email with the reason. Kindly check your registered email address for the same. ^SA || @206096 I'm sorry you feel this way, I'll be sure to forward this as a feedback internally. ^AG",YES,YES,YES,NO,,YES,YES,YES,NO
145,915403,337355,10,0.85,1.0,1,positive_reaction,"Is it actually possible to contact someone at @115830 to follow up a botched order? #amazon #online #CustomerService || @AmazonHelp Hi
Incomplete order. 1 item instead of 3. Someone from Amazon help has now contacted me. Thank you 😊 || @AmazonHelp Thanks. Much appreciated 👍 || @AmazonHelp The person dealing with this is from https://t.co/3afNyodImy is this correct? || @AmazonHelp Yes I have. I'm now contacting my bank to cancel my card.","@337355 Hi Neil. Without giving account or personal details, can you explain what's wrong? ^RL || @337355 Hi, thanks for the update! We're pleased to hear this is now being taken care of for you. ^TS || @337355 Enjoy the weekend! ^BM || @337355 Hi, that's not an Amazon handle. We don't ask for any personal info via Tweet/DM. Have you been contacted by this handle? ^TS || @337355 Hi Neil, you may wish to reset your password also: https://t.co/iJjtP9M7Ci The handle has now been reported. ^TS",YES,YES,YES,NO,,NO,YES,YES,YES
155,2332742,675203,10,0.75,0.0,0,negative_reaction,@115850  @AmazonHelp y u r not providing the exchange facility to one among the smart cities of India n city of destiny VISAKHAPATNAM - AP || @AmazonHelp Hope it makes a positive impact and made this facility available Asap || @AmazonHelp It may b dynamic but still it's an competitive era and a huge competitor to u like @118702 is providing it easily den y can't u? || @AmazonHelp That too @115821 is a globalised one compared to flipkart so wat makes u to still reply reasons about buy back dealers and their acceptances || @AmazonHelp Thank you and have a nice day,"@675203 Due to certain carrier restrictions, the exchange offer is available in only select pin codes. I'll be sure to 1/2 ^AP || @675203 forward your feedback to our concerned team internally. 2/2 ^AP || @675203 Certainly hope so. Exchange Offers are dependent on our buyback partners and hence is dynamic according to the pincodes. ^AB || @675203 As mentioned, we'll be sure to forward the feedback to the concerned team and work on it. ^AP || @675203 You're welcome, Rajasekhar. Have a nice day. ^KA",YES,YES,YES,NO,,NO,NO,YES,NO
184,2964021,340688,5,0.85,0.0,0,neutral_reaction,"@115821 You Suck!!!!Been waiting 2 weeks for an item and now it's not available??
#BitOffMoreThanUCanChew  
Company || @AmazonHelp Forget It. I'm Done With Amazon. || @AmazonHelp I got a refund, I wanted what I bought on your site, long ago","@340688 I'm sorry for the frustration with your order! Have you had a chance to reach out to us via phone or chat? We want to make sure you get your package!  ^AR || @340688 I understand the frustration, Sherry! We want to make sure you receive what you've paid for though! I hope you give us an opportunity to help out and make this right! Let us know! ^FR",YES,YES,YES,NO,,NO,NO,YES,NO
15,1699752,515460,2,1.0,0.0,0,no_action_observed,@AmazonHelp Prime Photos is stuck at 100 and does not want to back up items any more. https://t.co/X4T2fKf4Uz,@515460 Please give us a call here: https://t.co/hApLpMlfHN so we can look into this and see what's going on! ^TR,YES,YES,NO,NO,,NO,NO,NO,NO
141,2827333,787523,2,1.0,0.0,1,no_action_observed,"@119356 
Haven't got any follow up or cashback even though ample of reminders to Amazon Customer Service.
Order # 402-3583162-6473110
Order # 402-8532082-6637114
@AmazonHelp
@18220
@116327
#falseadvertising","@787523 We're following up on your concern via DM. Please refer. Also, please don't provide your order details, we consider it personal information. Our Twitter page is visible to public. ^VN",NO,NO,NO,YES,,NO,NO,NO,YES
140,1483559,464514,10,0.45,1.0,1,neutral_reaction,"@AmazonHelp Hi, team, tried the same but still now no response. || @AmazonHelp team sent the details through DM || @115850 There was a 10% cashback on amazon pay, still to receive the same on my ORDER # 404-4401178-3280313 || @AmazonHelp there is no option for cashback only tracking, return, seller and delivery feedback","@464514 Sorry for the trouble, Debabatra. After logging in to your account through the link provided earlier, under 1/2 ^KA || @464514 Tell us more about your issue, select 'More order issues' &gt; choose from chat/phone/email options and we'll be glad to assist.2/2^KA || @464514 We've responded to your query via DM, request you to check the same. ^SH || @464514 Let us check this out for you. Please reach us via https://t.co/r8OjOjMdND and we'll look into this. (1/2) ^VM || @464514 Please don’t provide your order details, we consider them as personal information. Our Twitter page is visible to public. (2/2) ^VM || @464514 You can select any alternate option and connect to our support team. We'll take it from  there &amp; assist you further. ^EM",YES,YES,YES,YES,,NO,YES,YES,YES
76,1616321,297095,5,1.0,0.0,0,negative_reaction,"@115851 Your goal for 2018 should be fix your major shipping issues. We pay Prime so @115821 can take 2 wks for something to be... || @115851 @115821 ...shipped from your warehouse. 2 day shipping means nothing when it takes TWO WEEKS 2 even be shipped FROM UR WAREHOUSE || @AmazonHelp  Ive already spoken to customer service hence my frustration.It’s happened before where if it hasnt shipped by now,it never will || @AmazonHelp ...name?” “By the way, what’s your address.”","@297095 Hi, sorry to hear that, some orders may take longer to dispatch, has the delivery date stated in the order confirmation email passed? ^JJ",NO,NO,YES,NO,,NO,NO,YES,NO
80,1034668,336034,7,1.0,0.0,1,neutral_reaction,@115850 @AmazonHelp My order Still Not Dispatched yet! I have ordered on 19-10-2017. Kindly look into this! Can you please deliver it fast? || @AmazonHelp 26-10-2017 || @AmazonHelp Kindly check DM,@336034 Could you let us know the estimated delivery date for the order? 2/2 ^AP || @336034 I understand your concern for the order. We dispatch and deliver the orders as per the provided estimates. 1/2 ^AP || @336034 We've responded to your query via DM. Kindly check. ^PS || @336034 We've responded to you via DM. Kindly refer. ^EM,NO,NO,NO,YES,,NO,NO,YES,YES
